m,rev1,mom,vol,size,maxret,fwd,sym
2016-01,0.0,0.0,0.4029495767155023,2.8347677596477343,0.22803895064599414,-0.0018248175182482562,AAPL
2016-02,0.1578156668304294,0.0,-0.7408174515335575,2.2091315874868114,-0.5631591089951052,0.12751371115173682,AAPL
2016-03,0.8362921354309576,0.0,-0.23581511533454358,2.6614899777354633,0.29429133221089954,-0.1398459667612486,AAPL
2016-04,-2.3532458421348776,0.0,0.15152535696443817,2.832497650147378,-0.32624288470115326,0.07163053722902912,AAPL
2016-05,0.5539600074354502,0.0,0.013568686208218852,3.035927852176314,0.3434437516673309,-0.042656112576956895,AAPL
2016-06,-0.6991584472428376,0.0,-0.6225471001617507,2.9262586103179724,-0.8105594017345487,0.090032154340836,AAPL
2016-07,0.6219410159032639,0.0,0.5674422953019395,2.948367157428111,1.5870463381139295,0.02402022756005051,AAPL
2016-08,0.16747376702236583,0.0,-0.14122599729942942,3.1165208090750247,-0.16664569972699178,0.0650205761316871,AAPL
2016-09,1.3956452105747406,0.0,0.7006309391588968,3.36977376412399,0.7145544192718951,0.004636785162287493,AAPL
2016-10,0.1748648428482968,0.0,-0.5558321489987322,3.0495927302545462,-0.393095898040004,-0.021923076923076934,AAPL
2016-11,-0.8545419706971227,0.0,-0.31911412144384843,2.671101857811987,-0.3718437793116576,0.047974832874557505,AAPL
2016-12,0.28938122764801544,0.0,-0.7087279114071782,2.7306423795099306,-0.6469527115606186,0.04765478424015024,AAPL
2017-01,0.40262513514853554,0.0,-1.194619959322129,2.6605058143515854,-0.6787079568645732,0.1339541547277936,AAPL
2017-02,1.4708673703818391,-0.15438392430128237,0.4804620324507494,2.8868987255005485,1.642078138349857,0.04895767530006312,AAPL
2017-03,0.7292984242141173,-0.010487694656537285,-0.3573969525487262,2.8732286020436586,-0.22972300261828524,-0.0003011141222523106,AAPL
2017-04,-0.22424744237534083,-0.008201676180779974,-0.8223064114926957,2.4462581833176866,-0.6399100405632036,0.06777108433734935,AAPL
2017-05,0.6836536063656052,0.5144320089463187,0.033985603272809195,2.949378477810086,0.1600389035413372,-0.056981664315937985,AAPL
2017-06,-1.1417959774210413,0.6984583047801118,0.31264991120027935,2.594745246271215,0.06853102987856993,0.032306311696081336,AAPL
2017-07,0.10930064022641164,0.5656804657569549,-0.6715923588574233,2.1898285435100946,-0.5943281737501759,0.10692552883222262,AAPL
2017-08,2.346162542478043,0.48789510637838446,0.9477552507575713,2.9591043157283714,2.065569882613235,-0.060209424083769725,AAPL
2017-09,-1.6022234100805284,0.9316847277248953,-0.1779771666065709,3.0472258376585533,-0.3705387798798454,0.09693593314763249,AAPL
2017-10,0.8591035612478778,0.2601975574061744,-0.07106964743751663,2.4600414924665537,0.166592941538712,0.020060944641950185,AAPL
2017-11,-0.28726273411160147,0.43908421131343817,-0.07756965805698081,2.734102162631136,-0.1440864177679452,-0.015185461787403542,AAPL
2017-12,-0.7877920422026681,0.8835704248376833,-0.35286629758826576,2.730217178662989,-0.42773510745156007,-0.010616784630940401,AAPL
2018-01,-1.0207696949012188,0.702197565873008,-0.5650660882616306,2.5869111733663996,-0.6876022303821899,0.06796116504854366,AAPL
2018-02,1.7028231627492396,0.0985382084008011,0.04919035874608877,2.7244114979151393,0.5023618776493705,-0.05789473684210511,AAPL
2018-03,-0.4076028998308498,0.10750733210054461,-0.30992749008007014,2.2280105096959057,0.7406009580154826,-0.014982224479431316,AAPL
2018-04,-0.4470879310757696,-0.0988616413815306,-0.34157269264389645,2.3658745730188966,-0.87254024201434,0.13508636246455286,AAPL
2018-05,1.448589230111423,-0.1503282053701849,0.14988380112113953,2.6475371389998994,1.1291727266883969,-0.009538950715421324,AAPL
2018-06,-0.22755793515301526,0.019730490478597613,-0.792531624857996,2.2368676751422623,-0.5696202936525286,0.027975235037835278,AAPL
2018-07,-0.1258076989248572,0.22621448364185887,-0.6450253592988311,1.9085310868640184,-0.7315280625013907,0.20053535578853454,AAPL
2018-08,2.3568966068779194,0.2622551336700387,0.37268255790235244,2.681664425956299,1.2705015594309854,-0.008175399479747214,AAPL
2018-09,-0.3110150321184308,0.43782492474385165,0.15536730558208703,2.7032983700307693,-0.0336448725844924,-0.0305357811914575,AAPL
2018-10,0.36668549337535616,0.6972673089248529,-0.22219756503914825,2.517373167790502,-0.2501606298482405,-0.18125603864734308,AAPL
2018-11,-2.3830137693451787,0.9236181357715678,0.8522673460318266,2.977268834468397,-0.05973889352676264,-0.11659192825112108,AAPL
2018-12,-0.7012057751009864,-0.1817359254127729,0.3997350303297529,2.668112897874683,0.7454825424417096,0.055036067325674676,AAPL
2019-01,-0.3204037384173155,-0.2134637134500809,1.066426263744566,2.5071412592482543,0.6077217763459765,0.04482147379083301,AAPL
2019-02,0.18371508945533005,0.06307465465458333,-0.3549451145023808,2.3726734902611453,0.14269353204434337,0.09718856034900636,AAPL
2019-03,1.5601155127611612,-0.37771858349840653,0.03617386820268039,2.4434528570442278,0.4689212453139028,0.0563286944996686,AAPL
2019-04,0.0841961511568423,0.06725999652538442,-0.5924491036007241,2.3189451821288865,-0.4151147437099255,-0.12421580928481801,AAPL
2019-05,-0.631352350197809,0.20678063987535203,1.0895359239429785,2.7752992637838485,1.7349490408182928,0.1303724928366763,AAPL
2019-06,0.936717056151482,-0.37595230310714006,-0.19660878601626822,2.458584419586709,-0.040737272382064316,0.07646810308407259,AAPL
2019-07,1.1411983178763045,-0.1501187131582759,-0.4382947872179051,2.4672513124946187,-0.3233340955515298,-0.016483516483516536,AAPL
2019-08,0.14853583343634996,0.16736865643673038,0.5643858271536973,2.961017820264929,0.3297989327356295,0.07282521947326437,AAPL
2019-09,0.9785610287085066,-0.4605715899885222,-0.024151025841164606,2.9653569645756064,0.21087980015593982,0.11065649990701121,AAPL
2019-10,1.1359060622058381,-0.17696475298084538,-0.3730421133529481,2.9447052931917512,-0.21552777149982322,0.07752846617548559,AAPL
2019-11,0.6054874743963365,0.008903531292348308,-0.4620327515475671,2.8584816303332383,0.024572514173464767,0.09883449883449891,AAPL
2019-12,1.1623559535502412,1.774868945490055,0.07096449865200484,3.0488577280689713,-0.31855109601322135,0.054023476170273144,AAPL
2020-01,0.5202039071314296,2.2349748926808677,0.49933488898950074,2.665803936293286,-0.06674429868456509,-0.11471890513887018,AAPL
2020-02,-0.5823345098043169,2.4310817733586414,0.22021619270229736,2.355525789350405,0.057196002890009444,-0.06971809639284632,AAPL
2020-03,0.5816498924580317,1.7882503567211847,-0.41744745994375243,2.537309842974236,-0.4736096189496446,0.15542521994134906,AAPL
2020-04,0.2805582494808336,1.4869149822393262,-0.49637160768139604,2.1939564614441798,0.13096043521162243,0.08516638465877024,AAPL
2020-05,0.6976527185227201,1.1363681863979402,-1.1493960628356168,2.322700124627604,-1.0733209195369726,0.1472193347193349,AAPL
2020-06,1.7092606109994053,1.1485136273634635,-0.5414603952023451,2.4002262177889606,-0.5129729896239854,0.16513761467889898,AAPL
2020-07,1.276638555098783,1.2329983115796619,0.7490171200677567,2.2935917822391163,1.8696017030391479,0.21658403810634774,AAPL
2020-08,1.1402975797899761,1.1043555017638562,0.33103929691192546,2.70165687745246,0.20725953180085696,-0.10251697962445072,AAPL
2020-09,-1.1543856236230667,0.7943818387936623,1.3171133537354511,2.5604299663468386,0.11097722665221883,-0.06000712250712248,AAPL
2020-10,-0.5046473274023586,0.6923992392062077,1.2717749633731814,2.5981782242155815,1.8803163438134458,0.09547262739155138,AAPL
2020-11,-0.5420790211025663,0.7540686165104011,-0.6197456167384435,2.384879444415293,-0.6833961850006092,0.11455991699809798,AAPL
2020-12,1.0514775810134331,0.46364881540857555,0.5211080125645571,2.407594700921963,0.7228679889081391,-0.00550771856333887,AAPL
2021-01,0.21023409184102312,0.5006469912240169,0.42443987646983194,2.5173302081944593,-0.24687095118045124,-0.07964118564742584,AAPL
2021-02,-1.3273660581959226,0.6647626745299472,-0.5367693540259618,2.4343956254695485,-0.5837305261879833,0.007288753284176552,AAPL
2021-03,-0.7133937259498223,0.7213794100894063,0.46930250274057567,2.3692423027159455,0.5235113244822287,0.07623054270088359,AAPL
2021-04,0.7600713260964244,0.3435296726770887,-0.19948757798576722,2.2862368746282637,-0.4746690222433222,-0.050504260808380885,AAPL
2021-05,-1.5136981335742399,0.526489145412129,0.19592711470271595,2.2716306344718977,-0.49602632271250785,0.09913544668587893,AAPL
2021-06,1.3431812941384191,0.1704161826641418,-0.644163741379457,2.156243094180122,-0.17180808973140513,0.06494868529477849,AAPL
2021-07,0.9316619517636394,0.04316166580294318,-0.08560613926889184,2.4137527000833394,-0.28129474376217145,0.04248733821046713,AAPL
2021-08,0.39552076110255385,-0.25647683986547287,-0.16212028276083715,2.2160948567770715,0.23968726133465687,-0.06801619433198369,AAPL
2021-09,-0.6509875411513544,-0.6781324793798981,-0.13447209174748084,2.4184827554154213,-0.5410166336621589,0.058644656820156404,AAPL
2021-10,-0.06659325876196734,-0.5103461539130195,-0.5076757412936622,2.194003659095155,-0.46727544064813925,0.10504718916700861,AAPL
2021-11,1.0580187596042854,-0.36519904292616856,-0.34426854055127065,2.0782972885409503,-0.1612174363717075,0.07420472830795877,AAPL
2021-12,0.5138956522154473,0.27522363961295065,0.09226780688737098,2.4441343980596235,-0.17093572377671867,-0.015670910871694366,AAPL
2022-01,0.05802679424375422,0.19822956861509236,0.1008052921757906,2.2827956578415707,1.0625032649165225,-0.054082528533801466,AAPL
2022-02,-0.3047784544957631,0.1708420756389146,-0.6216407750918473,2.082527286296298,-0.8310095604091445,0.05748406658003824,AAPL
2022-03,0.5725853026515219,0.7577224196006932,-0.29578572181709706,2.2889539194569637,-0.4259526695158273,-0.0971328262141603,AAPL
2022-04,-0.09385072522226084,0.9853734056385774,-0.136726933187254,2.2479483684489927,0.20958793069293005,-0.05443940375891121,AAPL
2022-05,-0.9669058820739065,0.6943796654205677,0.4434249736919518,2.3501937930798524,-0.1854907383003191,-0.08142563399588754,AAPL
2022-06,0.14578374260993526,0.6387373476638957,0.013877800934798385,2.2032316996403947,-0.6267835372640642,0.18862856290105956,AAPL
2022-07,1.1631647811766945,0.4015372389211658,-0.6918939365393455,2.274416481834486,-0.5612117614633896,-0.03126177024482124,AAPL
2022-08,0.037771138075495723,0.5899267199882008,-0.26907099327246103,2.3753374845407724,0.23660909274932476,-0.12098237428719538,AAPL
2022-09,-0.32893344963651183,0.4267070597027063,0.2737594337610681,2.6700642691760144,0.6065075722637754,0.10954662734979714,AAPL
2022-10,-0.005285377769010595,0.4986274261228501,0.2925981179903728,2.45959256591901,1.245502269140854,-0.032954620955418124,AAPL
2022-11,-1.4028183378633627,0.43894186305895566,0.654262552289262,2.3935084268121547,0.8834314668123262,-0.12229474407420138,AAPL
2022-12,-0.9878732422427423,-0.2111483529418203,0.24465980677631405,2.4312758430153596,0.01676579170274448,0.11052837573385532,AAPL
2023-01,0.27956189593187813,-0.48016440904223506,-0.2905462334072275,2.2336443290085786,-0.22146974501789798,0.02319024459011776,AAPL
2023-02,0.7606131906904349,-0.5449773432786837,-0.05145409075246451,2.101828170387578,0.04462960305429994,0.11869661063653902,AAPL
2023-03,0.8628531668930911,-0.2818165377925218,-0.5111507330064851,2.0248600268177652,-0.11623055073277598,0.028942668883552125,AAPL
2023-04,0.2754496385218417,-0.03420968709020382,-0.46325842613488927,2.0708069353700247,-0.0840078001258764,0.04608294930875578,AAPL
2023-05,0.3698240756425384,0.0549357099074148,-0.462371773508828,2.067020106429891,0.22684888913964468,0.09434178156645112,AAPL
2023-06,0.6309144216296665,0.5036965184652833,-0.9659727259709228,2.0133775391672835,-0.646962645498419,0.012756168966959525,AAPL
2023-07,-0.5612300346134167,0.48542721249554116,-1.3448234622435074,1.9209091776444505,-0.937285464968765,-0.042380755729919506,AAPL
2023-08,-0.4785564995686401,0.07465037606695989,0.4219062112653313,2.009847284245064,-0.33417579102242667,-0.08867446498841025,AAPL
2023-09,-1.0418662872578741,-0.04346511471920412,0.20845104612838145,2.235769141427276,-0.36336181143188967,-0.002543475689104513,AAPL
2023-10,0.3621561192666936,-0.1308986456588876,-1.1659226779578653,1.9553519782143864,-0.7587564227166421,0.1137401411374015,AAPL
2023-11,0.22430444176102785,-0.09150661126743391,-0.7817363854702535,1.9852940795570526,-0.6557093362552486,0.013577551781055464,AAPL
2023-12,-0.6451863345181369,0.29657510053948494,-0.8813651241784403,1.9769787795435276,-0.6945298976540107,-0.04223576381592786,AAPL
2024-01,-0.711825661209717,0.3349194845941421,-0.06613609742050237,1.901548742395074,-0.054565794194223284,-0.01848398420359809,AAPL
2024-02,-0.8799691051377778,0.11464924946788893,-0.8369510282494738,1.9010668187433994,-0.6717083867479585,-0.0512992455993293,AAPL
2024-03,-1.3134141792982372,-0.20216591368015208,0.10504268917943345,1.96973167121403,-0.5058137408695894,-0.0067149673087119055,AAPL
2024-04,0.5198550626155967,-0.7176827495161175,-0.16257799193172587,1.8229307405667634,0.5115270346566462,0.13028523987428087,AAPL
2024-05,1.3851192171332853,-0.6539798117387317,0.07164618675087467,2.0652040161138165,1.5221782370217949,0.09554039874081854,AAPL
2024-06,1.070730734603836,-0.5924577919108506,0.7539197999840592,2.398908725965448,1.4778666966369158,0.05440352473540533,AAPL
2024-07,0.4496065110277979,-0.45963559710134966,-0.3444017821912952,2.0207187669211333,-0.38529203159813963,0.03233864740882053,AAPL
2024-08,0.22444821613506968,-0.2701364641789767,-0.41525416971879914,2.0344672926503318,-0.6353297696261094,0.017466672532887584,AAPL
2024-09,-0.14840270227855426,-0.12257473495678009,-0.23141109184592626,2.238639723204808,0.06228596192101432,-0.03044192683559621,AAPL
2024-10,-0.4474811317831055,0.02221738835158582,-0.37315179336734217,1.9718934230525536,-0.6118457687814659,0.05173490322005181,AAPL
2024-11,-0.20679112117617138,-0.15312269800287587,-1.136970639601708,1.9375141623795527,-0.9075682191379969,0.055126791620727644,AAPL
2024-12,0.9982109807324507,-0.25786264350831756,-0.6027032682700081,1.9276502894816887,-0.3336146751952315,-0.05755164375854027,AAPL
2025-01,-1.5451245450757347,0.19016660861321516,0.03934782921257982,2.1078731332758105,-0.29925664629513615,0.0258422174840085,AAPL
2025-02,0.3204658768332117,0.022551972695820995,-0.09733617594221383,1.7515660050674324,-0.4776414165033542,-0.081518124376455,AAPL
2025-03,-0.464786512850706,0.45001341426709257,-0.2097827762714057,1.8599038763702669,-0.6726838097012898,-0.043312966734555314,AAPL
2025-04,-0.17426038742631184,0.8324255590547557,0.9096630611447172,2.027833079572587,1.128425203957826,-0.05360015138612917,AAPL
2025-05,-1.2726934419796196,0.4891748341201555,0.4867351974713891,1.8476651524324603,0.9483757098842172,0.021544613846538274,AAPL
2025-06,-0.49026776474048184,-0.33377974859280063,-0.43033730751810495,1.699857527613089,-0.43088471904297154,0.011695047954589866,AAPL
2025-07,0.08615563952649036,-0.7125353779003716,-0.9743513114313676,1.7356329511514677,-0.46788986181022624,0.11961305925030219,AAPL
2025-08,1.240461802604243,-0.7875200526303727,0.540085409089601,1.9090066006618844,1.0060018685934866,0.09689822014860905,AAPL
2025-09,0.6357800398160373,-0.6642499554412653,0.178816324901724,1.8332569473091611,0.07662006141862224,0.06179354889527788,AAPL
2025-10,0.3523355776672203,-0.34924861339400715,-0.4991642427488607,1.6593938083197248,-0.18341137926731893,0.03238130563798203,AAPL
2025-11,0.4578608466132572,-0.10504141923883482,-1.0095040696155746,1.6012006438811444,-0.6382723248231101,-0.025078144648438716,AAPL
2025-12,-0.6519748835531676,0.04473810174711506,-1.0806132704938383,1.6566649363328636,-0.975234617346508,-0.04555002763957994,AAPL
2026-01,-0.7391810231571107,-0.3410500582897269,-0.7961128981483989,1.6440499315008135,-0.5096847112084846,0.01911270705432644,AAPL
2026-02,0.23707775147765983,-0.23709041108766937,-0.0019768790120392936,1.6861234413465707,0.0004927193059248009,-0.03932711979995451,AAPL
2026-03,0.0719531059270097,-0.2540010815207289,-0.8604243779806356,1.481783946440174,-0.34331778440600247,0.06917494873008367,AAPL
2026-04,-0.170050808517077,-0.1875033260234392,-0.7848108802418603,1.5646580209390974,-0.6783570809340368,0.15274806344522296,AAPL
2016-01,0.0,0.0,0.023539696980026902,1.563879414140057,0.4052118655949692,-0.06974807412034145,MSFT
2016-02,-1.2714689197423397,0.0,-0.4930054174642931,1.4004700896782223,-0.6560867292491951,0.08549686660698308,MSFT
2016-03,0.08321579906511681,0.0,0.024130149166092043,1.450155650157999,-0.07147665607119624,-0.0971134020618557,MSFT
2016-04,-1.712247119582874,0.0,0.17121428215179255,1.5849179724141462,-0.32126613719693076,0.0701073304407398,MSFT
2016-05,0.5329598246413034,0.0,-0.08831427225752475,1.3346791031212026,0.06477548094543012,-0.03435766111822447,MSFT
2016-06,-0.5555514891828676,0.0,-0.07377942472731526,1.920283304133688,-0.48578142272075614,0.10762430939226508,MSFT
2016-07,0.8960601628687734,0.0,0.20893802909555695,1.8593546056115078,1.0618220680906219,0.01995211492418192,MSFT
2016-08,0.0910820519817939,0.0,-0.8748033349511138,1.5468192448447737,-0.5586316377162287,0.0025430359937401725,MSFT
2016-09,0.056466006183267616,0.0,-0.6653423706258647,1.3744489412155019,-0.47997102112110457,0.04019512195121955,MSFT
2016-10,0.7926358482973048,0.0,-0.009123041319319212,1.7513025726274543,0.5033416687958758,0.012380416432189012,MSFT
2016-11,-0.48289715450981413,0.0,-0.37301291423240734,1.4498746687219706,-0.3089260421846979,0.0313136927922919,MSFT
2016-12,-0.03184083776833117,0.0,-0.22522131104641405,1.4450640506631387,-0.2821234398366427,0.04042400287459569,MSFT
2017-01,0.28711076641165295,0.0,-0.6545489456732627,1.4110694238991728,0.052241123690397434,-0.00448972543602133,MSFT
2017-02,-0.762047727613587,-0.2681631019050476,-0.5422792641719602,1.310838656725421,-0.6286675213999805,0.02948829141370335,MSFT
2017-03,0.32835764800633416,-0.20846636377858543,-0.6106797791067873,1.3148831356462232,-0.5099432374621969,0.03942712721145747,MSFT
2017-04,0.6722028867054254,-0.2062996436561248,-0.7378015027250169,1.444986417442251,-0.3744830160801354,0.025936132274274604,MSFT
2017-05,0.10614951724739102,0.18122894238243378,-0.251510928749305,1.4123937442246473,-0.33849836062806077,-0.012956233212197854,MSFT
2017-06,-0.36380800032215893,0.14561140605201012,-0.07520771405452444,1.442040819472737,-0.1493470666620671,0.054586201376660703,MSFT
2017-07,0.493389907940431,0.16872755633926748,-0.5732404878660969,1.329855469759606,-0.48076594100507686,0.03400121432908332,MSFT
2017-08,0.6790811128154701,0.0951598628350706,-0.3184478196144586,1.283341656204388,-0.36039819231483666,-0.003816793893129833,MSFT
2017-09,-0.6216112355508066,0.20795761218973252,-0.7309716052966593,1.0741980622757745,-0.761768154189193,0.1167108753315651,MSFT
2017-10,1.1271932845740256,0.06780629037559271,0.30522107395201564,1.2513213314375617,1.258992359392785,0.017022961203483566,MSFT
2017-11,-0.3393366857321783,0.1814129113989062,-0.7726513304300683,1.2353107078156658,-0.7082704565862212,0.016219021668612887,MSFT
2017-12,0.00016188393954263508,0.3588687492606736,0.34694397173034325,1.4720967561223026,0.05099911496529717,0.11069969356486209,MSFT
2018-01,0.4048058712307291,0.40703502485558857,-0.5312982230442072,1.4417736795285025,-0.41760211457732915,-0.008391769168869856,MSFT
2018-02,0.4358529060681243,0.4290034107558051,0.31584383153436313,1.5861711421801357,0.23877254677521317,-0.026663575237653725,MSFT
2018-03,0.14667767312635338,0.6125181913316319,0.8467831930735993,1.5030023918632263,2.5821650180836446,0.024654597427346436,MSFT
2018-04,0.26941864493271434,0.6460063021026001,-0.11270121221447438,1.5778527181483757,-0.39865830608345476,0.061606416366383865,MSFT
2018-05,0.37105196017350417,0.5950217793422284,-1.006439663952682,1.4720863652435212,-0.7763475025898351,-0.002408847038213091,MSFT
2018-06,-0.10578612613020771,0.676858314052787,-0.5318234280012574,1.5620508495231626,-0.47392245955140355,0.07573263088574267,MSFT
2018-07,0.6497616931342006,0.7050304493902269,-0.1541035496692549,1.6028168508057952,-0.04554476358941913,0.0630547903275176,MSFT
2018-08,0.3911106279663331,1.0014309392258198,-0.6279230401548591,1.3306443590232657,-0.5159160861425559,0.018139936654189448,MSFT
2018-09,0.12735076850487453,0.8373701048685531,-0.2607819793961736,1.437707084103149,-0.479366727669469,-0.06608220211161397,MSFT
2018-10,0.01788598610204444,0.9276249014835501,0.33451315219067784,1.7922567673848742,0.6318425947631003,0.04259614414050694,MSFT
2018-11,0.276730092014121,0.8922879659733882,0.030589609832142563,1.8015047288866886,-0.013363227233433073,-0.08403524058476142,MSFT
2018-12,-0.06446619257723245,1.0305530877449494,0.2940767568165205,2.100287972096574,0.6449540433232552,0.028221118275023827,MSFT
2019-01,-0.6095109506505922,0.9337683611776985,-0.04861516165492869,1.768806260888048,-0.11092020740281877,0.07730263157894735,MSFT
2019-02,0.9126550953581775,0.5965039324304381,-0.08281761954166542,1.6883610384945684,0.19097940002135663,0.0527671755725192,MSFT
2019-03,0.692043297597806,0.6531680699244339,-0.42405170886522114,1.6830964869453895,-0.23075398903179067,0.10731442037523786,MSFT
2019-04,0.6485444785596348,0.6890831123908926,-0.6766409854403193,1.4637261540737243,0.01835570753846987,-0.049521159040680995,MSFT
2019-05,0.4704472339550608,0.8786287675019321,-0.10764898287495919,1.7963910498192899,-0.046846698528249756,0.08310368584223204,MSFT
2019-06,0.01158014462660224,0.8870244259835908,0.01397309689706564,1.900150161342882,-0.4388490064764773,0.01725371710264767,MSFT
2019-07,-0.0027211714855593103,1.0284842959959895,-0.6946032920441552,1.9153073308973194,-0.8631817796124592,0.015085196185712135,MSFT
2019-08,0.6254712194150716,0.9211990646651333,-0.2581418086650304,2.135487245211366,-0.3207796840138926,0.00847000847000845,MSFT
2019-09,-0.2334681995066858,0.8976351351028748,-0.4972528703742101,2.0728547011647285,-0.6763962527229177,0.031228525616553426,MSFT
2019-10,-0.004688402038097032,0.9934286766714241,-0.4797054403273413,2.0609068844830647,-0.34074807337446505,0.05945505701169851,MSFT
2019-11,0.2516511966035354,1.1151711909284663,-1.4403870710965898,1.8470122058412577,-0.9699974410259579,0.04179187923684391,MSFT
2019-12,0.11326806089093308,1.0657958906091174,-0.9324288709663364,1.8802459529505695,-0.8919546139716698,0.07942577312671895,MSFT
2020-01,0.7793975432442279,0.9628964928579774,-0.2833139513648152,1.6200380375080528,-0.0676716643172596,-0.045677708035547826,MSFT
2020-02,0.6163268144885373,1.5492435260543023,0.43847934703905933,1.945473898109867,0.05648649532743877,-0.026569419119562454,MSFT
2020-03,0.9530691510431669,1.2991409172188542,-0.18759433217030774,1.9606734611800765,0.04357101550456972,0.13633930960663654,MSFT
2020-04,0.07008577647003407,1.4831870616441118,-0.6482423584100749,1.8789277794000878,-0.29349776791676363,0.02543270929000352,MSFT
2020-05,-0.35242826614408646,0.9016560045105811,-1.060445777929836,1.7378157224573159,-1.046845856176901,0.11051785509243306,MSFT
2020-06,1.2171834004439241,0.5448593090019063,-0.5645947497147474,1.719932903027341,-0.2678125124296301,0.007392855296489698,MSFT
2020-07,-0.33627370706042886,0.6798514293529645,-0.149210313383671,1.7338213143889667,-0.11439149702282114,0.10274042902596725,MSFT
2020-08,0.14840990439854715,0.4451981784149295,0.2781568319206549,1.6789980761167358,0.33257808716862103,-0.06738644825018614,MSFT
2020-09,-0.5515536260369154,0.18510362078991757,0.48995619062823964,1.6322088494937774,0.24021440944994363,-0.03737524950099802,MSFT
2020-10,-0.15757219116896679,0.19672656415736184,-0.01981539132671944,1.6885410572542892,-0.5702542800205637,0.06002799232802869,MSFT
2020-11,-0.8562094556260663,0.31531695155823564,-0.5089836832103927,1.6492334217088322,-0.513408331533702,0.03902391314978715,MSFT
2020-12,-0.132015457338197,0.11032536888095602,-0.7145939191217262,1.580424425013792,-0.5176770957294304,0.04287664140819891,MSFT
2021-01,1.1159585091981916,0.1063176190748428,-0.33393905279898267,1.75165204254966,-0.2519048888908938,0.004106868850979328,MSFT
2021-02,-0.4929372189948358,0.18050928786699497,-0.6535215795246773,1.671649482145015,-0.1358555416356539,0.0146073980853072,MSFT
2021-03,-0.5906993779309461,0.1110557178175056,-0.32204073681717255,1.672083368260809,-0.5081491976977967,0.06959333746788321,MSFT
2021-04,0.6295468320441971,-0.274803486705374,-0.22362910573231512,1.7239302806061283,-0.23252323373950634,-0.007620625388279012,MSFT
2021-05,-0.60680620306302,-0.2594070957779296,-0.14299150209622913,1.6462368266742535,-0.354654662127939,0.08497141187763457,MSFT
2021-06,1.1068377557812852,-0.3141619772989104,-0.8060098978098451,1.650131455422967,-0.3563918401197606,0.051736738854483155,MSFT
2021-07,0.6855778808109898,-0.43484348172934356,-0.9595622711389084,1.748351481392442,-0.544686735629573,0.061590227488844906,MSFT
2021-08,0.7935522788562305,-0.185372317320748,-0.5602261435274459,1.6910924902440276,-0.0814726812017035,-0.06611313994349888,MSFT
2021-09,-0.6191554481193956,-0.10610447038372223,-0.39648031077142193,1.792121467553848,-0.5484484191616567,0.17626443354115184,MSFT
2021-10,1.2616572546827391,-0.1348648723998317,-0.1674290580731043,1.8011529764492442,0.4729807690620385,-0.0012858710992630362,MSFT
2021-11,0.025091216592128252,0.27622216616999173,-0.8088146579708373,1.6513185883793973,-0.5752224339795682,0.017334505715362436,MSFT
2021-12,-0.27529724532946026,0.803232327993809,-0.07670954734381828,1.7541197033678677,-0.4562604957944779,-0.0753488084948758,MSFT
2022-01,-0.5243671915082124,0.8692289161781762,-0.1516793298330297,2.0573083236872587,-0.5825794165396758,-0.03718911700884653,MSFT
2022-02,-0.05599287793936453,0.23946276397247734,0.10167660026722257,1.7949996410981,0.4633510267413601,0.031864359765611416,MSFT
2022-03,0.22228869192640224,0.4628278425227175,-0.1857907340906704,1.7596429004744272,0.1366192044492493,-0.09986559139784956,MSFT
2022-04,-0.12115362920580157,0.5751444770309245,0.22621624930670037,1.7930026193286932,0.3284043143447276,-0.018067791548454393,MSFT
2022-05,-0.495831003192243,0.34495023552379805,-0.2368210684612684,1.7634256386262734,-0.6761618717289785,-0.055314781021897796,MSFT
2022-06,0.498238256172234,0.28655047911842135,-0.16273008870280617,1.7668331608861898,-0.5576836577124911,0.0930822165881926,MSFT
2022-07,0.044072053111899545,0.21198302230434973,0.19104032311917432,1.821126533017788,0.7903672188050493,-0.06663721375450993,MSFT
2022-08,-0.5764201458908087,0.11467088192126858,-0.4849899687518964,1.7175014467960557,-0.4399159854251055,-0.10926159671820768,MSFT
2022-09,-0.15376457499730792,-0.145669755284112,-0.4792190535041997,1.801829936519357,-0.5893491171049818,-0.003321229297670758,MSFT
2022-10,-0.9551665396022443,-0.06787752659692042,0.751855656282611,1.8838231974494914,-0.5088837939721689,0.10219042964411074,MSFT
2022-11,0.30002955069200327,-0.6105993328504992,0.5143630675019849,1.8078293185841436,0.6741569747117502,-0.06002338049744016,MSFT
2022-12,-0.11557863877830755,-0.571997000690246,-0.004498559777625958,1.923939505256499,0.049884525591661295,0.033321897246762155,MSFT
2023-01,-0.4380362743431903,-0.5307655919662059,0.28840448198274915,1.9893248206046128,-0.27247663354718993,0.009006017846026282,MSFT
2023-02,0.5400554379915966,-0.6638913529806074,0.44757234346775643,1.8892273066431156,0.31986098079690545,0.15589009542612686,MSFT
2023-03,1.2134293265866036,-0.5674211719100456,-0.2197555016504969,1.8528666643813223,0.11792094210905538,0.06576044409650561,MSFT
2023-04,0.9187134155544007,-0.06946727488646151,0.9634462879620056,2.057659128809989,1.4703385268097884,0.07111853088480813,MSFT
2023-05,0.5944313678679151,0.21638336399861807,-0.45560971055925115,1.9114818530333468,-0.015709458378270882,0.03700124688279294,MSFT
2023-06,-0.35611095885319693,0.582810473984636,0.0578337331130425,1.7549975867676064,-0.08204178734909137,-0.013587038206030133,MSFT
2023-07,-1.0066351947804153,0.2473217963376526,0.37784375557263217,2.082699806096419,0.05902656278971784,-0.022215450251409252,MSFT
2023-08,-0.062061826548906844,0.04990560085586596,-0.43176288101870414,1.6129549054120393,-0.5934979293373176,-0.036620332855450966,MSFT
2023-09,0.12485849666341102,0.12135992782563466,-0.19821473570199638,1.6877535851613716,-0.49861760593037874,0.0708162142926465,MSFT
2023-10,1.6373331249964205,0.151342324359832,-0.165193937573614,1.8148373397480027,-0.11647054958086105,0.12293051359516616,MSFT
2023-11,0.34731099570081647,0.6978876849983192,-0.3796135037441557,1.9988209051250734,-0.5723219269855438,-0.007560063493771696,MSFT
2023-12,-0.9641135270439899,0.8246070336281486,-0.8602029344744319,1.904280687111833,-1.0870381998107648,0.05728150075905436,MSFT
2024-01,0.5139633458098138,0.5205713652331494,-0.6976953843607057,1.8189645581601666,-0.7504361188531962,0.042306607522883954,MSFT
2024-02,-0.027691163741824214,0.8912201502016017,-0.24854323526312513,1.737246354890809,-0.3767766095590658,0.017121350028289628,MSFT
2024-03,-0.3310899699067964,0.7127868785757199,-0.1899510268409356,1.6455750817590324,-0.27507879295981963,-0.07461242653638722,MSFT
2024-04,-0.4791663091638273,0.33704668775859103,-0.3028247897180928,1.6634990609300313,-0.5114734668495547,0.06818775808896538,MSFT
2024-05,0.4815289583384709,0.041332284308892873,-0.42520246165107384,1.6991904550756447,-0.5175821562896797,0.07665581952973999,MSFT
2024-06,0.7922459332584388,-0.0572044796820033,-0.7513138390536307,1.559914645540204,-0.4814056128751435,-0.06399418234705945,MSFT
2024-07,-1.1682896142852774,0.18674423912875093,-0.42707799100727795,1.731989049670433,-0.5984070573927679,-0.00109255122851315,MSFT
2024-08,-0.2571192533881546,0.13408865970890188,-0.6033598701011074,1.7519916325466593,-0.619422025605785,0.031548501567702836,MSFT
2024-09,0.0792103784700278,0.05858820794953891,-0.6172200993552936,1.6750955356196802,-0.5808177756082579,-0.05565373106194482,MSFT
2024-10,-0.8951587519484212,0.03605995947189414,-0.031530860801901546,1.8114290622986502,-0.5292480403264163,0.04418772923476122,MSFT
2024-11,-0.3022067426935237,-0.4467668238377705,-0.8682772998629793,1.8346711787974066,-0.8880136932177051,-0.004635603345280792,MSFT
2024-12,0.337719465597264,-0.6027694177002214,-0.3817417675525207,1.6926905095180969,-0.3658660345009045,-0.0152679085845977,MSFT
2025-01,-0.9208473984869888,-0.3006572010212846,0.23609989828555042,1.7499543133964122,-0.1012566351965816,-0.041638225255972605,MSFT
2025-02,-0.5069363145099489,-0.6291935467498893,-0.8945920860476201,1.5937708721215058,-0.9180227937877735,-0.05441086691086683,MSFT
2025-03,-0.04182948653884249,-0.8195201675411967,-0.5664968580103794,1.579762083343933,-0.1540575010380956,0.0529416511984504,MSFT
2025-04,1.0787164528373292,-0.8096205204987204,-0.5487215322601493,1.6096170784653931,0.14173327227966326,0.1668582815973021,MSFT
2025-05,1.102053420727886,-0.33228809032976636,0.1529556588990104,1.7131511946449733,1.602216557311353,0.080486950429147,MSFT
2025-06,0.20990886831103364,-0.11060800164421566,-1.0772187232904353,1.56397059696011,-0.6048831686759093,0.0725459998378859,MSFT
2025-07,0.8802285724105002,-0.2309203115980776,-0.7442072741876534,1.609937424948099,0.4760220342386629,-0.048688784764207904,MSFT
2025-08,-1.4363966577699636,0.3720752814930098,-0.77547727647004,1.7671235707158488,-0.6861900790918034,0.02222398760699895,MSFT
2025-09,-0.08920334768989217,0.11849958381435617,-0.48500476192702924,1.5009169738150134,-0.3809665242524886,-0.00027200310860719945,MSFT
2025-10,-0.20586648557464582,0.04015191013272028,-0.7972087156103481,1.5173366447516934,-0.6760388807793443,-0.04806047885572129,MSFT
2025-11,-0.7160867635151166,0.1292524073219319,-0.5577028289447438,1.5953434443851935,-0.7847978758806449,-0.01704673049833605,MSFT
2025-12,-0.5213751811063091,0.017124205201806585,-0.5948092544784496,1.5940953600706076,-0.9102813937009689,-0.11028495472293764,MSFT
2026-01,-1.3135676009149218,-0.17362664925724644,0.641149659310279,1.7982542647851143,-0.38194870012834276,-0.08518138101685424,MSFT
2026-02,-1.0130103529120946,-0.34928658163169596,-0.129333025676096,1.8744196093673615,-0.42631559708688804,-0.057465105003955186,MSFT
2026-03,-0.21449828194661255,-0.446683229558363,-0.5556836366802553,1.7155729518192082,-0.21835652960983817,0.10160543628340135,MSFT
2026-04,-0.018201100258278383,-0.508784712861858,-0.20895740522863787,1.741445498228326,-0.28784177350298074,0.04937331039567461,MSFT
2016-01,0.0,0.0,0.1466792453134192,-1.0398994251653435,-0.07747900966714852,0.07457703523180292,NVDA
2016-02,1.765512293642125,0.0,1.1554631595243228,-0.7925294522876551,1.9628894465983122,0.13615448145671927,NVDA
2016-03,0.9911623955649357,0.0,0.12984460553988328,-0.9935607099370458,0.5543642759799523,-0.0028038353698640606,NVDA
2016-04,-0.29758099319288706,0.0,-0.1621942181621353,-0.7194102311717911,-0.16760650630102614,0.31907803387947786,NVDA
2016-05,3.9654749124139306,0.0,3.6258735614372357,0.12568203618437684,5.299495169559618,0.00877192982456143,NVDA
2016-06,0.19081780495172687,0.0,0.20966913636014228,-0.3128619707385844,-0.23218018507755564,0.20869565217391295,NVDA
2016-07,2.4709434096892524,0.0,0.48113620584103606,-0.06035075920412637,0.5576011540432743,0.07913669064748219,NVDA
2016-08,1.202460140087796,0.0,1.7152190491713029,0.6448301229198072,2.2629711374542185,0.11333333333333329,NVDA
2016-09,2.431208384291346,0.0,1.4956253518846847,0.31351493256109036,1.0987099242701852,0.041916167664670656,NVDA
2016-10,0.8225363508751794,0.0,0.4986093569831546,0.03903053982730612,0.7375480989798255,0.3045977011494254,NVDA
2016-11,2.6829914604122673,0.0,5.751315645365691,1.1137519761171066,6.529189713418506,0.1541850220264318,NVDA
2016-12,2.3370836153099908,0.0,3.539416898244442,2.190244485880413,2.24884956811095,0.022900763358778553,NVDA
2017-01,0.007170625981259517,0.0,2.02917991629152,1.7344264818858808,1.6174003559968748,-0.0671641791044777,NVDA
2017-02,-1.7729030553414564,4.030279790242857,2.948729643763373,1.9444920586626266,0.8909055228336875,0.07200000000000006,NVDA
2017-03,1.203818193547807,2.3020937213412433,1.2230819256387904,1.7175049025336075,0.480508600903245,-0.04104477611940305,NVDA
2017-04,-1.1436102930613532,2.816471363973755,2.384080189640034,1.304748360427586,0.9579608250766672,0.38521400778210135,NVDA
2017-05,5.065745070808666,3.528264707193425,3.4369021478239725,2.3449304635538804,6.101080837481026,0.0,NVDA
2017-06,-0.134854111288626,4.8489741370790655,2.5226412650200483,2.499595269727735,2.0918611488238814,0.12359550561797761,NVDA
2017-07,1.6830606608708434,4.5597443140345435,1.527284677499701,2.251004917059254,0.8246471796010227,0.04499999999999993,NVDA
2017-08,0.9305181193304172,4.485746805169766,3.3566090042674337,2.277141613298779,4.63110260955519,0.052631578947368585,NVDA
2017-09,0.35997024863705734,4.602672498490105,2.625427350691597,2.3762628648589526,2.6369746277295416,0.15681818181818175,NVDA
2017-10,1.670929726346811,4.065560340186771,-0.019833459625858293,1.9969589617262196,0.06927244900316509,-0.027504911591355485,NVDA
2017-11,-1.1025871578466684,4.342602415192656,1.8267416925017466,2.1036684462241264,1.1460389113528002,-0.03434343434343434,NVDA
2017-12,-1.268474990342584,2.9634371329965288,1.7466341926759716,1.8854737661289311,0.5579655860600815,0.2698744769874477,NVDA
2018-01,2.2752498980128544,2.0002327472447172,0.7537160422162617,1.8634170749999386,1.3433383655515814,-0.016474464579901205,NVDA
2018-02,0.30173186953493836,2.942241794597446,2.820517627111218,2.047720897947727,2.0524102866816865,-0.04355108877721936,NVDA
2018-03,-0.1530364649221918,3.1713355260518226,1.8608684131768833,1.8186138899121933,0.9511334875031514,-0.028021015761821366,NVDA
2018-04,-0.6827874460118308,2.9760459912325308,1.1405635802854888,1.6821442195477838,0.8616010132260854,0.12072072072072082,NVDA
2018-05,1.2379261144243974,3.115924534898254,0.8939895868880209,2.1265492582898378,0.8982304252065773,-0.06109324758842438,NVDA
2018-06,-1.1080304047458456,1.671172813659109,0.7947461319552989,1.550924447280271,-0.09356547782827485,0.03424657534246589,NVDA
2018-07,-0.02396253963376587,1.2710797598774366,0.2222364790172559,1.1562677063452758,-0.25232384464277596,0.14735099337748347,NVDA
2018-08,1.5964322199705072,1.0887832323314468,0.7590966000996306,1.839292874070462,0.34728592506246425,0.0014430014430015792,NVDA
2018-09,-0.15078990712832258,1.2626947381167553,0.4620856079303926,1.2442862560507044,1.3225095843511383,-0.25072046109510093,NVDA
2018-10,-1.7938782391036385,0.9700506627546632,2.3045063282552363,1.5130607527817916,2.087003482529327,-0.22115384615384626,NVDA
2018-11,-2.857067438492052,-0.42769001733569256,4.160288838680712,1.7421509002025264,0.7689863882729964,-0.18271604938271602,NVDA
2018-12,-1.9944529787342715,-1.1865247887632642,1.2284027993917237,1.1355209299535738,-0.39286933897059617,0.07250755287009047,NVDA
2019-01,-0.13203371877719075,-1.325004046534885,2.6156944410272844,1.581971868777017,0.4404882814182648,0.07887323943661984,NVDA
2019-02,0.9479025735580396,-2.005809582340267,1.2536784659147233,1.5733659616959834,0.6249191032244183,0.16187989556135762,NVDA
2019-03,2.824298314405505,-1.9410825266852114,1.9773858364267214,1.385468222005697,2.118847309332066,0.008988764044943753,NVDA
2019-04,-0.43979777288161176,-1.3321697452054984,0.46082805869250654,1.2895783841693778,-0.052962557376509956,-0.25167037861915376,NVDA
2019-05,-2.511398525284852,-1.3133838554597734,0.8818924059180245,1.292902420872321,0.012147436280833993,0.2142857142857144,NVDA
2019-06,2.5790521067608796,-1.9966611074134084,1.3494040593539796,0.9172442920969622,1.5122218680257293,0.026960784313725616,NVDA
2019-07,0.18480257267318015,-1.6964741662131042,0.9209152362826315,1.1082618299826514,0.6496684242974249,-0.004773269689737569,NVDA
2019-08,0.3254524892726527,-1.8130225019523734,2.3320148200949284,1.1709451369304211,1.6059490662116125,0.0383693045563549,NVDA
2019-09,0.3296380384307298,-1.8803945557263826,1.6711334550613353,0.9271755004266334,2.3806165241316712,0.15473441108545027,NVDA
2019-10,1.7688697243749658,-2.1508224891566385,0.8583564336862491,1.1056068175477136,0.7672431336665586,0.08000000000000007,NVDA
2019-11,0.6538744898719473,-1.0085660374542957,1.6155072617978494,1.3454918386130128,1.3702876531802872,0.08333333333333326,NVDA
2019-12,0.8772693785632545,0.7895348393574166,1.0713651612039499,1.1092885963135979,0.42668437165545414,0.00512820512820511,NVDA
2020-01,0.021298508464377724,1.7409348476693427,0.6760093650248029,0.6683991007195735,0.08750249665109369,0.1445578231292517,NVDA
2020-02,3.919108099875319,1.5577387205317637,1.8762100009481806,1.3411125006924105,1.4996526534693049,-0.02377414561664193,NVDA
2020-03,0.9771305702477887,2.3657557784632464,0.4526728580271312,1.0049382666234952,0.725794289905215,0.10806697108066965,NVDA
2020-04,-0.24169128330878017,1.9273566895084508,0.6755885727081926,1.1524545244252142,0.5567966182085022,0.21565934065934056,NVDA
2020-05,2.991637993716582,1.4865722378987216,0.2258619517907932,1.6054891044242041,0.12569720716459104,0.0700564971751414,NVDA
2020-06,0.67469540427513,2.5722211765058955,-0.18316280926240847,1.2485131747715343,-0.33960293895542015,0.1172122492080252,NVDA
2020-07,0.7866101703900232,2.004334873837688,0.10000775198622179,1.1850335878144949,-0.3510595876400294,0.25992438563327025,NVDA
2020-08,1.5179099631850175,1.777921645073192,0.7973423455911359,1.5115229024702799,0.6120821872702652,0.012003000750187454,NVDA
2020-09,0.8107514190617928,1.3003857932061356,1.8841321731742353,1.8794109382030624,1.4578647937215414,-0.07412898443291327,NVDA
2020-10,-0.7212156666837174,1.6030432885290582,0.9363939572381501,1.530238339087327,0.6440707108389555,0.06965572457966362,NVDA
2020-11,-0.7708830385177555,1.697342246397165,0.5679788304389002,1.5012952569146563,-0.26085858682023,-0.02470059880239517,NVDA
2020-12,-1.1304468334434812,1.1129214049529048,-0.36351392131286864,0.9908629318222303,-0.5624226920170565,-0.005372217958557024,NVDA
2021-01,0.21277057690334028,0.9014136902957863,0.8404156829929921,1.200668858864538,0.6096777529392683,0.054783950617283805,NVDA
2021-02,0.011986970177358903,1.3478997556506054,2.264622100270562,1.4983672671475718,1.6466148366546949,-0.02560351133869787,NVDA
2021-03,-1.264820263571167,1.1582483255362976,1.66530975200172,1.138573986447664,1.5903083800129396,0.12462462462462454,NVDA
2021-04,1.711769041696951,0.4757180166452763,1.95316835155739,1.4074580208597225,1.6645595103221227,0.08144192256341776,NVDA
2021-05,1.2766653183439796,1.0491166427675842,2.093567741434435,1.5277740303121894,1.5265923914688084,0.23209876543209895,NVDA
2021-06,3.561830263138252,0.7746013929929633,0.9107141928042386,2.063463329836728,1.0649387881441943,-0.02505010020040077,NVDA
2021-07,-0.7446442318506589,1.7387732704858443,1.335730830687405,1.8272664066895958,0.947257136240098,0.14850976361767732,NVDA
2021-08,2.6046246451167683,1.2759199081207833,1.8034464247157591,1.7529672636792657,1.8711124199378066,-0.07472035794183451,NVDA
2021-09,-0.7631270370173432,1.0126351785960626,1.038862574084816,1.509145822029023,0.6140175585893672,0.23404255319148937,NVDA
2021-10,1.9141310072343503,0.4159174576981303,1.675994743853127,1.4787916387571112,1.8146754920388484,0.27821316614420044,NVDA
2021-11,2.7401664066713622,1.2108424695231308,2.8628197018106416,2.3169881795501217,3.332692611212551,-0.0999386879215205,NVDA
2021-12,-1.9027072900139956,3.717821939520111,2.6829144975164763,2.2302582525187966,1.594165337947741,-0.16723433242506813,NVDA
2022-01,-1.4210739899364715,3.611072617322058,1.4310504246848812,2.0256337293472404,1.165809917836234,-0.004089979550102152,NVDA
2022-02,0.43145087988474806,2.150585565852786,2.3415006966534193,2.0529432260503295,2.3388723130639586,0.11909650924024628,NVDA
2022-03,1.4150082858143567,2.4110926241457227,2.3498319919710475,2.099088656951221,2.8578478944332435,-0.32036697247706425,NVDA
2022-04,-2.3241705849899157,3.070017695386478,1.428652539478932,2.1219303202306294,1.366346550943485,0.006479481641468832,NVDA
2022-05,-0.1779016334984338,0.8026076395187808,2.442899922026515,2.006597945520331,2.7578860494152337,-0.1877682403433476,NVDA
2022-06,-1.2896703817144441,0.46627222743948793,1.7533304356279542,1.9100945290567524,1.1657930649193877,0.19749009247027738,NVDA
2022-07,1.2669560163534952,-0.5651656028831189,1.649975370300071,2.0637490173995165,1.1583829055564376,-0.168781025923883,NVDA
2022-08,-2.3498491950089653,-0.11617765281342142,2.9549396174018723,2.2242756206285366,1.6090485965777326,-0.19575315195753162,NVDA
2022-09,-1.4463945483835736,-0.8246963116753231,1.6292633435600443,2.0453923853182627,-0.15428181778269953,0.11221122112211224,NVDA
2022-10,0.017139495914608185,-1.006662998213642,1.4587163880169418,1.8959895101986024,0.3705588295431461,0.2537091988130562,NVDA
2022-11,2.209188746765042,-1.1870844042054276,2.1070981368703405,1.9512407047449987,2.5744141501389586,-0.13668639053254428,NVDA
2022-12,-1.1894708116472676,-1.3451890353218392,2.420362319822558,1.9555856859154417,2.0744544336641177,0.3379026730637422,NVDA
2023-01,2.392899829856461,-1.225369768938035,2.218673127992244,2.0678169084742697,1.5630063015507298,0.18801229508196737,NVDA
2023-02,3.323515046925901,-0.6913706664515614,2.9283152876343683,2.2637795347075715,2.944630211428721,0.19663648124191457,NVDA
2023-03,1.5974942116464734,-0.001875295167876942,0.5098773680598707,2.224755788443496,0.6888250694644061,-0.00108108108108107,NVDA
2023-04,-0.2491119541117134,0.3718272306643987,0.3669592037843784,2.3243625076327126,-0.35413212924469606,0.3632756132756132,NVDA
2023-05,3.215525308942328,1.9560209333649927,4.500298346317782,2.6263842789167913,5.8613236564580395,0.1185498809208787,NVDA
2023-06,1.047618043385055,3.5449916359863036,1.9422438400253617,2.585921018130914,1.1680701385844365,0.1045658859711378,NVDA
2023-07,0.9910684929956647,4.1577564676510725,0.6269796602523323,2.6245612753237477,0.3975176671330054,0.056328978367959026,NVDA
2023-08,1.5601965691995479,4.305998217374423,3.0185899118801283,2.8780862418831763,3.0168202028545084,-0.11861313868613144,NVDA
2023-09,-1.7129022102398026,5.33052632215115,0.6622696546510923,2.7087115925258285,-0.5128340390783058,-0.06257188865884511,NVDA
2023-10,-0.6812895649844687,5.259587897357002,1.3898792929431607,2.707165442283398,0.19983005124550215,0.1469938650306748,NVDA
2023-11,0.6693817224234547,4.196434240185253,0.9797959362097294,2.726795744272346,0.0773113637128919,0.05883611467693628,NVDA
2023-12,0.037680971678306266,4.04223688449406,0.5124980567333428,2.532605634396774,-0.5299032616566525,0.24247322691452822,NVDA
2024-01,2.7950347064611245,4.178988922213474,0.8048798344680949,2.789169044453217,1.5459574425819649,0.28573751829565786,NVDA
2024-02,3.3851855596670366,4.457163416250003,3.5233248399064756,3.161865560057579,3.7070286610240637,0.14242347584113313,NVDA
2024-03,1.4678904473943717,4.331073861585006,1.9816897935620907,3.397425079789665,1.6441474032014884,-0.04384410983170939,NVDA
2024-04,-0.026451195648622538,4.754009569088544,2.3567337766518675,3.187157779172974,1.2757466199807714,0.2688744789254285,NVDA
2024-05,3.4017531092022573,4.804140884598385,2.237310194153936,3.3986823483574,3.332191348453041,0.12693922248585499,NVDA
2024-06,1.5337590655706137,4.682621851716524,2.171357696943521,3.317610192124455,1.2918325400414434,-0.052797797392501344,NVDA
2024-07,-1.0152918216601532,4.658148509224389,2.6794759469112486,3.0939504381139566,2.5212598342555492,0.02009062152688723,NVDA
2024-08,0.048018681118912276,4.394043246888097,1.9585020750856326,3.340076599412314,0.8409672742240605,0.017432115320147545,NVDA
2024-09,-0.14896127131347137,3.668880883896522,2.298923168396472,3.21797390762622,1.8806663983898368,0.09316309719934113,NVDA
2024-10,1.7473321589930904,3.8973482857456188,1.2998733507907345,3.288339092885541,0.16676483990369367,0.041368397257177225,NVDA
2024-11,-0.33785032444070734,4.609588636148056,0.6606593681831894,3.154065388388681,-0.02414269338648862,-0.028581765557163408,NVDA
2024-12,0.07306747214895527,4.266216176846793,0.4601894388773566,2.7516489431821687,0.21603442218039146,-0.10584729981378016,NVDA
2025-01,-2.2581617029987306,4.0692805569280015,3.6987171197197606,3.1631488983696463,1.880332814943018,0.04040319893368882,NVDA
2025-02,0.4990033533283753,1.8740648685623185,2.092770058915722,2.8347240665884565,0.9577111669189308,-0.13235647369685322,NVDA
2025-03,-1.2580219435635345,1.2422420158899157,1.776407657445783,2.9603134525795274,1.193490480767161,0.004983388704318914,NVDA
2025-04,0.4544285641642385,0.4173108080796244,1.470975457593191,2.873549725830101,1.773828877705292,0.2405876951331496,NVDA
2025-05,1.89625616958203,0.5158520321691396,0.8697767180126688,2.7416438713059477,0.6098972612455374,0.16920799407846054,NVDA
2025-06,1.2638270742194482,0.2688311908919719,0.06381103430825498,2.598058389543681,0.38715350534894444,0.12585464674601154,NVDA
2025-07,1.575878390339372,0.301076808683992,0.1927877358014328,2.7233174979939934,0.5276923320173678,-0.020748987854250944,NVDA
2025-08,-0.992011260940281,1.1608814774957599,0.2297780216085504,2.7410596702421364,0.14229339938641594,0.07126040769451625,NVDA
2025-09,0.38687238467739443,1.0169088092642917,0.37311018830683595,2.5815364441509283,0.005356360282485482,0.08528087478559176,NVDA
2025-10,0.5635747167501471,1.139135598476997,0.41708111492608185,2.574880016388513,0.10519026854812633,-0.12589519434978025,NVDA
2025-11,-1.8519874501343305,0.8245751417480693,1.0773958352285575,2.6785053271927346,1.0619171573461008,0.05373488529777393,NVDA
2025-12,0.6296124020158557,0.3268304185793389,0.48322350964169114,2.5581414623864545,0.24326488712900882,0.024827068475521408,NVDA
2026-01,-0.11473204002883787,0.4244698558272208,-0.43676573525108847,2.4682679065796718,-0.5179055000326306,-0.07293846797823356,NVDA
2026-02,-0.8662645475102345,0.6731328305589963,0.8654489742480838,2.646594732544367,1.7043508929713906,-0.015690258494186704,NVDA
2026-03,0.4452476945961017,0.36350122508313654,0.5925510612865571,2.6287432431491657,1.1922470869628006,0.14432339449541276,NVDA
2026-04,0.1818177702949608,0.7764328531737423,-0.17536763297444777,2.4591351544820226,-0.3541602490811946,0.07355815002254862,NVDA
2016-01,0.0,0.0,-0.3404179707472321,1.4199686284214383,-0.12000878660867374,-0.0579978813559322,GOOGL
2016-02,-1.02421385207364,0.0,-0.4906623043409341,1.7625994330531158,-0.9239025752749266,0.06381782400899638,GOOGL
2016-03,-0.3053420317882069,0.0,-0.259128537847414,1.520108255821572,0.014779539168415836,-0.07241014799154344,GOOGL
2016-04,-1.341692381917603,0.0,0.0020442167353935006,1.6633908208497874,-0.35448528841774213,0.058119658119658135,GOOGL
2016-05,0.36768790492922365,0.0,-0.6052378422771296,1.3782348705686458,-0.35387656417775587,-0.06031233171782446,GOOGL
2016-06,-1.0047041185369745,0.0,-0.4452847394974385,1.5699493094760173,-0.8189736604223432,0.12464183381088834,GOOGL
2016-07,1.161225474535282,0.0,-0.2702783897850922,1.4614534581133194,0.17288082324660872,-0.0020382165605095093,GOOGL
2016-08,-0.3218561546978226,0.0,-0.809734056859591,1.4788905027913608,-0.4404870265888329,0.018126116926219016,GOOGL
2016-09,0.39048264446717534,0.0,-0.761274668919518,1.2720966576339128,-0.8142864026803761,0.007021063189568633,GOOGL
2016-10,0.21628797922631535,0.0,-0.5016535820317138,1.5677594509721537,-0.35629863171125686,-0.041832669322709126,GOOGL
2016-11,-1.0702429411812169,0.0,-0.08460871778467503,1.6614198561997788,-0.3118717725917615,0.021309771309771408,GOOGL
2016-12,-0.2247136126811762,0.0,-0.4464131136139733,1.3701820693942877,-0.5067327106188891,0.03511450381679393,GOOGL
2017-01,0.2022895830617114,0.0,-0.15960765538537017,1.5370143587271026,-0.3232611072894344,0.030235988200589814,GOOGL
2017-02,-0.2019682919888031,-0.4829054898980047,-0.8645665866908464,1.0889052087144988,-0.7259318508707459,0.003340491529467915,GOOGL
2017-03,-0.21011440857764535,-0.3500312074445806,-0.5000947991957747,1.3517383111278591,-0.5738847632498989,0.09060642092746729,GOOGL
2017-04,1.8270411869578167,-0.3882132372287183,0.18073256164011753,1.372774526940385,0.8972468661321878,0.06737897950283478,GOOGL
2017-05,0.6782408561620487,-0.0373874891456046,-0.3761743893278152,1.4785474521194581,-0.33521217787538515,-0.05822267620020427,GOOGL
2017-06,-1.163726309531156,0.05900423374243933,0.1289714611039916,1.5122456233106703,-0.42532988749002637,0.017353579175704903,GOOGL
2017-07,-0.14847370993480696,0.01604789796449585,-0.15829775059398432,1.6862747417215884,-0.5556338859070875,0.010021321961620533,GOOGL
2017-08,0.13089038214520052,-0.24058538037312957,-0.2480080326906716,1.337965037556874,0.0927722879339984,0.01963267891070286,GOOGL
2017-09,-0.21384805018410133,-0.16440580296840407,-0.48745441179465543,1.198732235785462,0.059457891857925466,0.06066252587991716,GOOGL
2017-10,0.3673434525179629,-0.2767622797891577,-0.031659463578710335,1.429872720323528,0.42755948198592925,0.003123170017568011,GOOGL
2017-11,-0.57759244597978,-0.2221721660477913,-0.4599581731215129,1.1257667661527988,-0.6620621011346627,0.016540182914964063,GOOGL
2017-12,0.008219977470727714,0.03869143796053765,-0.7137600311594655,1.2602009735298376,-0.9022026067524994,0.12232006125574268,GOOGL
2018-01,0.5413554356093765,0.10981320600735574,-0.9042309430915897,1.0970034674833422,-0.6462278638139061,-0.06617772471431016,GOOGL
2018-02,-0.5230242828752261,0.2283120412010205,0.6336806962700321,1.4715763660381673,0.2626700484057233,-0.06045662100456628,GOOGL
2018-03,-0.4530703928240201,0.06760074308436058,0.484315777878307,1.3447049073459865,-0.2562342663709576,-0.017884914463452417,GOOGL
2018-04,-0.4995592534879593,0.023242243850203397,-0.10551221021054805,1.4255217835684222,-0.28723901240135946,0.07996832937450504,GOOGL
2018-05,0.6403178846091984,-0.3703277588198578,0.03143879592833257,1.278846745764459,0.09210023470666967,0.02639296187683282,GOOGL
2018-06,0.38610691406855946,-0.39683825989441607,-0.13819487840311512,1.3027743862005572,0.17615617530521943,0.08678571428571424,GOOGL
2018-07,0.8292612872953768,-0.05298964449806635,0.1677919938226616,1.4852011312760556,0.47562257880661185,0.0037791652974039636,GOOGL
2018-08,-0.45645056866300854,0.2568123507721895,-0.27740957663289756,1.2291088888286503,-0.5278215385394586,-0.020134228187919545,GOOGL
2018-09,-0.5102274417374106,0.04272054811215697,-0.2691481790861752,1.231972515138527,-0.6046888988036203,-0.09639158035415962,GOOGL
2018-10,-0.27952500277097597,-0.05007294164738353,0.2527003507762397,1.2835132869553494,0.06604995758109944,0.017378443335182014,GOOGL
2018-11,-0.022898993926598873,-0.2696227903338841,-0.09499749341845007,1.0845081882276084,-0.09343236494442395,-0.05815009994548437,GOOGL
2018-12,0.4417921164107739,-0.11351283571693058,-0.11986733286398692,1.133394170295227,0.44378935597605973,0.0773683195060777,GOOGL
2019-01,-0.0796270299264178,-0.011941292557874543,-0.07767393197031314,0.9501529219565616,0.04236789466109189,0.0005372492836674958,GOOGL
2019-02,-0.8101085631445323,-0.21269030998244323,-0.02857908242464919,1.3275901609406031,-0.38911564160933315,0.044567746554501575,GOOGL
2019-03,0.5318119912898418,-0.22671532516401016,-0.24104396840909567,1.0510359421963258,-0.1135768674497249,0.019019876627827337,GOOGL
2019-04,-0.32876588089766245,0.010400983905134383,0.5755108066706385,1.161294602376186,-0.42638664401857884,-0.07718177232217915,GOOGL
2019-05,0.06243337872772211,0.0072128352717498335,0.03763242895191622,1.2447188686774273,1.1693667858560666,-0.02150145772594747,GOOGL
2019-06,-2.0357336253540237,-0.1602578768033295,0.31179186629670563,1.2164693590627156,-0.8345019988000717,0.12513966480446914,GOOGL
2019-07,2.0814486828316325,-0.6561196287995842,1.4750718295171006,1.3411059783758428,3.7761223060129105,-0.022674611055941818,GOOGL
2019-08,0.05500170328448635,-0.4761855602042645,-0.3838572684094681,1.0271884773142363,-0.36101584941202386,0.025740897544453967,GOOGL
2019-09,0.09180184512779373,-0.30823858907416773,-0.4515313275238018,1.097896299948996,-0.2086938628638818,0.03070827142149568,GOOGL
2019-10,-0.012159309614218334,-0.15351395000185575,-0.6449352098174671,1.1550970099747246,-0.51248333569836,0.035880185808105036,GOOGL
2019-11,-0.2098912053046783,0.009843462305335091,-0.7626550183655718,1.1858325627022406,-0.6008652954280507,0.02721509200556671,GOOGL
2019-12,-0.15481799662302398,-0.05087234446378209,-0.6862236926122325,1.1380061124072962,-0.39672280463592363,0.06969742586180927,GOOGL
2020-01,0.6801338544021014,-0.22979775239955066,-0.44747831462633325,0.9517260571427527,-0.13506553050430906,-0.06529693216999721,GOOGL
2020-02,0.2757069213049968,0.10664809178571726,-0.0012187458304690178,1.0234680947817172,0.12773593965959415,-0.13233965672990067,GOOGL
2020-03,0.042610112292299857,0.2890772253269558,-1.0383635399740934,0.958067829492467,-1.103574905301765,0.1589449939267744,GOOGL
2020-04,0.31937303599925254,0.14091011952477653,-0.1455346890576899,1.0348271383514633,0.18473379094821482,0.06453061835604124,GOOGL
2020-05,0.33488873882871173,0.2249670535642531,-1.0749934780062544,0.8330151719821751,-1.0147389104584268,-0.010829817158931054,GOOGL
2020-06,-0.40979253283924905,0.17932821220944628,-0.5722173706241579,0.8123396135604734,-0.7873232955028383,0.04933883122422866,GOOGL
2020-07,0.09261647722818964,0.2937552606684091,-0.3825205850164381,0.9207365846119103,-0.49873274258873695,0.09512195121951206,GOOGL
2020-08,0.08203222801857077,0.04404145143240536,-0.5194167948141956,0.7321954590266221,-0.468035506469415,-0.10059391239792126,GOOGL
2020-09,-1.1213862236051533,-0.02167560982783658,0.14023128956454972,0.8423520834712518,0.012381292457801561,0.10276516714816353,GOOGL
2020-10,1.9915762326998694,-0.09602604141774361,0.5420063322446358,1.0480445760560362,0.23183454698080813,0.08545409181636732,GOOGL
2020-11,-0.6308689586454846,0.12884124760330026,-0.6796130092115672,0.867063096546397,-0.22784128368856535,-0.0010343638662223542,GOOGL
2020-12,-0.7596458529309146,0.030063405880797447,-0.5797400783445187,0.7571918166071636,-0.5520408993255286,0.04268292682926833,GOOGL
2021-01,1.1123322955986172,-0.009528214332768497,0.17216689246411537,1.0607352513207282,0.4306839480206432,0.10647688403398448,GOOGL
2021-02,0.5270326591087718,0.03703846964979588,0.5785553277656963,1.157987358421832,2.2543713319142773,0.020143597925807777,GOOGL
2021-03,-0.4978870542849771,0.22058350214670072,-0.12381491849896584,0.8872483313179081,-0.3669982006083168,0.14105571847507337,GOOGL
2021-04,2.0348960411290586,0.10964847311567273,0.15491927554745752,1.1599986286056587,0.6964435526460032,0.001370684485564988,GOOGL
2021-05,-0.41666032831536065,0.4115925438684044,0.02821336139342312,1.083636786845981,0.10549597227231428,0.03601676790144581,GOOGL
2021-06,0.2899720862891659,0.3282268210287153,-0.9340257656741838,0.9515645084174136,-0.40937134914095047,0.10355078447563981,GOOGL
2021-07,1.6506598493612283,0.6406602445246448,-0.09063016530892529,1.1542028416502519,0.4256514574226704,0.07400478898533391,GOOGL
2021-08,1.0522244976334678,1.1805034556462335,-0.8200600353387226,1.0125886280604255,-0.5201945914877609,-0.07615132724865892,GOOGL
2021-09,-0.787062636743938,1.3533793194017154,-0.3257291486392691,1.2125082707802792,-0.8086004625243474,0.10746606334841635,GOOGL
2021-10,0.48473458844247863,1.3052600641116754,0.5631283491165019,1.3808765602065156,0.8856271397169876,-0.04153898535921008,GOOGL
2021-11,-0.3659306378245197,0.7050409430789275,-0.28828738955352606,1.058320015749997,-0.47798261919608453,0.020817051509769202,GOOGL
2021-12,-0.22696966226354642,1.0022568084539525,-0.6398315066421462,0.9851260748571501,-0.441339580599743,-0.06591035634743869,GOOGL
2022-01,-0.43225775092128604,1.3520203249281497,-0.24114170781968544,1.0460891793705718,-0.3792696874776694,-0.0017882423068326103,GOOGL
2022-02,0.46534806082432595,0.7004489836482064,0.6159455011962216,1.3524557732743792,1.5793853372451871,0.0297081436142419,GOOGL
2022-03,0.19280688656123798,0.6222126234348502,-0.16945808875159352,0.9851181500850803,0.3371970983448957,-0.1794853207683943,GOOGL
2022-04,-0.9166298886276829,0.6785590375276902,0.14366091091436167,1.1820000775305826,-0.11979208597650644,-0.0030921459492887493,GOOGL
2022-05,-0.30187065862512846,-0.15938741471109932,-0.009674823947648212,1.0820176235884797,-0.12986343826297184,-0.042183622828784184,GOOGL
2022-06,0.6754877691649255,-0.16393901882435202,0.24591080726729855,1.157108363845493,0.2753174957744424,0.06754256106587708,GOOGL
2022-07,-0.25506280526053643,-0.03753878421957388,1.2821995112329205,1.3839864372611712,1.195457781059309,-0.0695961171780205,GOOGL
2022-08,-0.6277928641528573,-0.37142732847033827,0.06190984080978257,0.9234961985024936,-0.5414074064994888,-0.11616208663251049,GOOGL
2022-09,-0.2568934882142829,-0.5735638873604749,-0.1835418171358252,0.9671002008360877,-0.34452476360779405,-0.011909780775716694,GOOGL
2022-10,-1.0274466687617079,-0.5146013302211013,0.6032926830056258,1.0068282237975108,-0.3124695020007768,0.0684800000000001,GOOGL
2022-11,-0.12472691421081233,-0.8295351059884316,0.7576954046281396,1.005988848959365,0.4738248589452056,-0.1262853149645603,GOOGL
2022-12,-1.0437729889716125,-0.7715080534579598,0.12215503802609855,0.9065168938965281,0.019072879925166243,0.12020109689213898,GOOGL
2023-01,0.36946532296003437,-0.8756551706704974,0.34645797984009935,1.0040323374242093,0.5380885900807466,-0.08884128926968593,GOOGL
2023-02,-0.9814220845010702,-1.0017170669398177,1.5431914979815593,1.3709999482310073,1.0464046209401516,0.15179670883241925,GOOGL
2023-03,1.1748461241714145,-1.4782081678948842,0.18107962050660303,1.000950038362787,0.26136351720476675,0.03479444066478754,GOOGL
2023-04,0.37768918984067534,-1.2518638700144589,0.2850561665599427,1.1306310572450855,0.06240174840406428,0.14473560627406767,GOOGL
2023-05,1.2548886420280412,-0.5985252958594623,0.06178808449174564,1.254946584765561,0.11801292644718317,-0.025845093534624164,GOOGL
2023-06,-1.437909958542944,0.07135053228446044,-0.003142167327129638,0.9896270470871016,-0.7507770459198198,0.10881832729722896,GOOGL
2023-07,1.0629678368193134,-0.399121706629893,0.8149524009413287,1.1673864290859821,0.8591403322801338,0.025977971895176477,GOOGL
2023-08,0.9333261986925074,-0.15901060540211165,0.0906155250691644,0.9993691550049246,-0.05591173637709589,-0.03901680610054037,GOOGL
2023-09,0.0711447065283968,0.10215608793748669,-0.07072449531911373,0.9731887123584929,-0.4671377911151517,-0.05177195685670266,GOOGL
2023-10,-0.4935594273439314,0.1495233223211019,1.3173017322096778,1.1715939880127482,-0.3322014918102523,0.06808579785505375,GOOGL
2023-11,-0.3867462490954817,0.3422502215050784,-0.43058175929262316,0.9828824893631968,-0.8590305000398049,0.05400882397687501,GOOGL
2023-12,-0.03515384201565666,0.35248585665789633,0.2996317285760303,1.068509157440962,0.8962941483320243,0.002959006928406449,GOOGL
2024-01,-0.15514583897212114,0.5230515440871393,0.739578579876169,0.9490107260417832,-0.5439898272389301,-0.011729150176297054,GOOGL
2024-02,-0.785267015953284,0.4228483942088578,0.15214977084432885,1.104541173741864,-0.4441411730540567,0.09006844327945251,GOOGL
2024-03,0.7162218087767945,0.43241420002912573,0.18627683695320674,1.0549343208579407,0.5568826658492402,0.07848507113753267,GOOGL
2024-04,1.7734610186030189,0.29675267546535655,1.3309178312703547,1.1377338334704354,2.9299629129294127,0.05976712498451642,GOOGL
2024-05,0.3589989969405112,0.6605644790916038,-0.6312404049403721,1.0955172958444097,-0.7019064976841569,0.05709777336216448,GOOGL
2024-06,0.5038297318274778,0.32149823240433373,-0.41565268210690964,0.9843059722578091,-0.20593735967503435,-0.05821539141972576,GOOGL
2024-07,-1.0893228531822474,0.7480923771741798,-0.0719705479275376,1.03204816347898,-0.48605251842634933,-0.04760786615791013,GOOGL
2024-08,-0.9271599165311888,0.2663202916448846,-0.30867434710601777,1.0512845575515295,-0.46497660323792656,0.01645710059171579,GOOGL
2024-09,-0.16472102138321829,-0.198976341047001,-0.040778912068421186,1.0230365255983431,-0.4986829051664669,0.03171426838881808,GOOGL
2024-10,0.656205748647131,-0.24275012378717073,-0.47350383795425444,1.125186689931221,-0.2816865623702435,-0.012636652168802054,GOOGL
2024-11,-1.0206125565156767,-0.022882282999478934,0.050982621900163984,1.102288568127618,-0.3149764723334508,0.12173343651407809,GOOGL
2024-12,1.734344862728022,-0.19869447280607655,0.6337342052594301,1.237553095879321,0.7932913127414876,0.07774357885799188,GOOGL
2025-01,0.45237437914862094,0.33612286839028255,-0.1791581679088635,1.0431192801907863,-0.525844567544071,-0.16534541336353348,GOOGL
2025-02,-2.023755030704476,0.5096105360383918,0.5226148617007064,1.1861960052027216,-0.3001838800204135,-0.09085009733938987,GOOGL
2025-03,-0.6103941435391393,0.07964547460552131,0.10149899377348903,1.1096135227609576,-0.5097241484441384,0.026928817078709866,GOOGL
2025-04,0.7400991542435086,-0.2777710943111118,-0.4798815269876085,1.1084508401311264,0.05564678974313257,0.0815114368760268,GOOGL
2025-05,0.18270935662912,-0.4847659770043251,0.8192613140076195,1.406633569520834,-0.3360659877961669,0.027342837111474783,GOOGL
2025-06,-0.4213906099023061,-0.49580963072989853,0.39841177429896624,1.3027150342909208,-0.03754921731443418,0.08894449499545032,GOOGL
2025-07,1.0942203135688817,-0.7346418279577847,-0.6090743302783452,1.379379033611659,-0.19524910731674883,0.10946312930854396,GOOGL
2025-08,1.0790261035725763,-0.16751059038182126,-0.2980393420012999,1.1699964925916293,-0.1179911323161994,0.14276972321596682,GOOGL
2025-09,1.0811288107623025,0.44480705519852093,0.6296651447350026,1.4352479890891912,0.9802422412046712,0.1566915187214235,GOOGL
2025-10,1.205824201293785,0.9200084116916525,-0.2199157963283317,1.274709931169697,-0.27915279599923365,0.138670275275097,GOOGL
2025-11,2.0090159170016513,1.1834814317797788,0.7799938320573935,1.6599393724167504,1.3044767547297602,-0.021798279906176776,GOOGL
2025-12,-0.5986406448500275,2.0776340849872814,-0.19793193869252565,1.478114731113962,-0.7667237529681182,0.07986444146045146,GOOGL
2026-01,0.3736091034915245,1.1185508518026133,-0.9329214525417827,1.378600931850611,-0.7283312292583843,-0.07762908574135474,GOOGL
2026-02,-0.9224871539528462,0.805586323840365,-0.6490828520632064,1.6541895806396223,-0.025074241149053246,-0.07697245939526232,GOOGL
2026-03,-0.5225759805600181,1.1686533747303696,0.12133511235396519,1.344019645960533,0.9361147991725686,0.3381555153707052,GOOGL
2026-04,1.0894005180938382,1.311746387620604,0.15024601530699694,1.3383502809960561,0.9632792824203665,0.013851351351351404,GOOGL
2016-01,0.0,0.0,1.2148531636512583,2.3649189645812867,1.4772569008067304,-0.058603066439523066,AMZN
2016-02,-1.036948543477902,0.0,0.5672012238228048,2.121162248841688,0.21309555587393497,0.074194715888527,AMZN
2016-03,-0.11935491628319224,0.0,0.31072963346519106,2.2760283670299772,0.7511712101905473,0.11118598382749312,AMZN
2016-04,1.4122936423091075,0.0,0.5723763925432357,2.1144893412583943,0.8777421864437721,0.09581564584596736,AMZN
2016-05,0.8873958257082903,0.0,0.4470501558253472,2.7351577270053875,0.3130961281341009,-0.009961261759822926,AMZN
2016-06,-0.13336516720474254,0.0,-0.5728474881841362,2.5187323574203795,-0.3913758890266973,0.060368921185019575,AMZN
2016-07,0.15973157395937415,0.0,-0.4487311921429033,2.643211329636824,-0.35262336578262005,0.01370585134422786,AMZN
2016-08,-0.02621135412033898,0.0,-0.5200147585438587,2.320510796470457,-0.40365459305301965,0.08866354654186148,AMZN
2016-09,1.9024221136576747,0.0,-0.1397627044365944,2.427115850111527,-0.2858559971756287,-0.05684260807260555,AMZN
2016-10,-0.8932443546813411,0.0,0.4186800926048531,2.8198575551640532,-0.1771131812484651,-0.049632818435046855,AMZN
2016-11,-1.1547499315645546,0.0,0.36283603886862353,2.8799108022889284,-0.04808861798810419,-0.0010658140154542473,AMZN
2016-12,-0.656108565102182,0.0,-0.14711987301885973,2.5245913006216134,-0.17374041016530387,0.09815950920245387,AMZN
2017-01,1.2094565309976826,0.0,-0.18533160880411584,2.526400898426817,0.7522101392142374,0.02623269370901138,AMZN
2017-02,-0.2665360916011098,0.06141037191031212,0.04230925244921458,2.633314071778334,-0.5359314593162922,0.04923076923076919,AMZN
2017-03,0.7349223562909633,0.09330643225838685,-0.5047882854562358,2.3063667681408972,-0.1828386474825035,0.04331152718249487,AMZN
2017-04,0.7598526671995632,0.23029112630088291,-0.18379074114314503,2.9140177614385068,-0.20082824164525717,0.07524324324324327,AMZN
2017-05,0.7868018618288545,0.16753220162662283,-0.17687980866236122,2.6165241684969307,0.08402068577326335,-0.026744419867283264,AMZN
2017-06,-0.607463614241642,0.21307245973000824,0.09198050673441849,2.6134857600045827,-0.11052599938165476,0.020454545454545503,AMZN
2017-07,-0.09501528243262997,0.09744751253691494,0.24014986771790703,2.619207885445221,-0.3904649039828249,-0.007288924883579684,AMZN
2017-08,-0.2648293617444199,0.05962227869801629,0.10211821286220521,2.5939156436092423,-0.3138579075567542,-0.019579849071996724,AMZN
2017-09,-0.8957152055895422,0.033513211122846345,-0.23026550176058377,2.2476782920221092,-0.43054858476132574,0.1495735385895569,AMZN
2017-10,1.5727137932384574,-0.4690986965228161,2.6060350733111566,2.6511315745872253,3.881084559478261,0.06478465436120162,AMZN
2017-11,0.4793445708276655,0.12010623177602717,-0.16565571807469112,2.6137158200232817,-0.16917657751203066,-0.0062882392929980435,AMZN
2017-12,-0.5645563565705095,0.8426714244549375,-0.4499610493111706,2.3833966931570916,-1.2512533233883385,0.24063622370446391,AMZN
2018-01,1.931674646765237,0.9892473319517155,-0.6321392032775043,2.835883511500131,-0.3342625216527459,0.042459332781913384,AMZN
2018-02,1.2796558895611652,1.2850311282979534,0.2941454414577833,3.130563180823372,0.2474240120157234,-0.04297804813541395,AMZN
2018-03,-0.14286632462160193,1.4548652701510352,0.3414149978781299,2.8729879348101015,0.2853690216611692,0.08207820920270836,AMZN
2018-04,1.3074533176411611,1.3550697951732011,1.1535074972655293,3.1240588263019053,0.2544153139151414,0.04048014302132552,AMZN
2018-05,0.06124842719617601,1.5791417380124306,-1.2965977879230834,2.731899861978661,-0.9809716913454407,0.04307805596465375,AMZN
2018-06,0.6710640735674294,1.315674654810584,-0.14823053919198456,2.81725286428955,-0.21059175316698067,0.04565242969761152,AMZN
2018-07,0.16126597567947148,1.6304558876636628,-0.16115356849171697,3.048268804786055,-0.3609571694569169,0.13244064363677266,AMZN
2018-08,1.3832344027905334,2.2224668446980833,-0.17832954131044867,3.0024565262055583,0.2204005214520694,-0.004868839427662919,AMZN
2018-09,-0.2559337351453059,2.570346214701038,0.3093648145401485,3.0251198767698453,-0.051507228346984825,-0.20219670494258613,AMZN
2018-10,-1.3177385378644009,2.4979551596334244,1.3270972967205525,3.3636022343805205,1.1127631257469817,0.057697121401752094,AMZN
2018-11,0.4561553317902648,1.5323756317362534,1.240021267831588,3.3166700195029075,1.3725460740841215,-0.11134776949473446,AMZN
2018-12,-0.5986411809552431,1.4385142080726585,1.6775989951137433,3.3952652951410496,1.9500897929904146,0.144340878828229,AMZN
2019-01,0.6424422115694913,1.2686315604389495,0.38034826800511995,3.3034989853820713,0.00930724808395215,-0.04596229927856643,AMZN
2019-02,-1.8536483724255213,0.9206002013702439,1.058096465609769,3.113247187656145,0.2625907309831378,0.08598609586534955,AMZN
2019-03,1.341199596282031,0.061852764735413006,0.18077302021087235,2.9863095689840145,0.16275158228084982,0.08187331536388132,AMZN
2019-04,0.36694321048162953,0.3725805630149784,-0.5329284405991161,2.907987513999765,-0.22337576633215916,-0.07868784387003014,AMZN
2019-05,0.04021774481414162,0.1971640475663709,0.1036550736841476,3.1767791176055398,0.5911366324926589,0.06681690140845076,AMZN
2019-06,-0.3071819821922716,0.16847378893101117,0.1388227123547406,2.9593792885090773,-0.2792326137310302,-0.014152936206168198,AMZN
2019-07,-0.6094433762358652,-0.036280253602521254,-0.5128224057686352,3.063540692784117,-0.5731537133711205,-0.048532247696593145,AMZN
2019-08,-0.3356516008563409,-0.21902986047107878,-0.42201180649248343,3.0538516066197015,-0.5122085823608262,-0.022632586420448186,AMZN
2019-09,-0.8192366787470496,-0.6708387474892996,-0.3714387231958229,2.8994103420283235,-0.41436999610813097,0.023387096774193594,AMZN
2019-10,-0.11729218438626203,-0.900872179575777,-0.9332040402279239,2.768205796814004,-0.5946299613091311,0.013621524259822326,AMZN
2019-11,-0.6456652133802965,-0.21441796849168232,-0.7502151116737903,2.5728564779602556,-0.7660858893489056,0.026099511328298464,AMZN
2019-12,-0.17533497480638394,-0.6340126922735364,0.3765964835316579,2.6947219052762295,1.5544676871223726,0.08713064184435537,AMZN
2020-01,0.8580145652450353,-0.4386205083812409,0.7708274882287575,2.3110545945812966,1.9187301948950672,-0.06222620469932294,AMZN
2020-02,0.3290194710719496,-0.28599049125621195,-0.27483264100843824,2.1959171579742898,-0.20189313527953034,0.035035566408323504,AMZN
2020-03,1.4833583625755602,0.14280299650000777,-1.67758084328733,2.2550056996896375,-1.6133235226132938,0.26884808698328033,AMZN
2020-04,1.5313443478977609,0.5333761192479172,-0.887490105265345,2.4729999401024156,-0.7114583195154235,-0.01277283751010505,AMZN
2020-05,-1.024058095648416,0.6326968955074017,-0.3567111506702678,2.259664688095945,-1.2114432837291125,0.12954471012119217,AMZN
2020-06,1.472287059570859,0.3231585088767458,-0.9423940409353838,2.2257430391181856,-0.5650764289433977,0.1470929389589677,AMZN
2020-07,1.0921349376771234,0.5427563528489778,0.9848215239822323,2.5872394001804655,1.0526762480358784,0.09050116918409934,AMZN
2020-08,0.041772640426263226,0.6741583660939432,-0.005856928987557652,2.240208185459396,-0.07581919158854365,-0.08756882063170102,AMZN
2020-09,-0.8978785856328583,0.3936382569877517,0.6372417987267378,2.405958850608717,0.9224125103407929,-0.03575965447154472,AMZN
2020-10,-0.13279594464293892,0.4483911427161472,0.951266128986739,2.730311114451573,0.8417766869739765,0.04340952506422502,AMZN
2020-11,-1.0034917265067635,0.6779405762574147,-0.10943020192771244,2.559057561982955,-0.17133960984682148,0.028093434343434254,AMZN
2020-12,-0.3032734656271538,0.427055461805999,-0.30304502119661814,2.263021219634062,0.008636607729487983,-0.015597175314706724,AMZN
2021-01,0.021365884367397205,0.4407272775197714,-0.43915092038622455,2.2714815502936165,0.11565680546251139,-0.03530659347514187,AMZN
2021-02,-0.8856356501960927,0.4896828128225214,-0.11415757231007402,2.449193458236357,0.4330253418131949,0.0003233107015840897,AMZN
2021-03,-0.8301667706263547,0.458153019265919,-0.2893432422345508,2.083280541302788,-0.1287932601173571,0.1206851971557854,AMZN
2021-04,1.6342979135376023,-0.16356525292151822,-0.4572490813992509,2.352408902997801,-0.6179253572390934,-0.07048508969256506,AMZN
2021-05,-1.93624748841504,-0.30039440706900594,-0.06852319731764452,2.426066142589355,-0.6059177169303056,0.06739062984796762,AMZN
2021-06,0.8134817814258373,-0.44830514962904794,-0.4027994559969902,2.271175033919026,-0.3101049504466652,-0.032730655194465386,AMZN
2021-07,-0.8877012937798983,-0.7109441372723061,1.384538688072188,2.5197298058696926,1.223606639639411,0.0430340185118403,AMZN
2021-08,0.40691149822669626,-1.3635437780591235,-0.40872292120853304,2.198424791896611,-0.35389790660236975,-0.05353232684107401,AMZN
2021-09,-0.40871815556627666,-1.290739914302764,-0.6464203408638268,2.2160552936545526,-0.9809829300282246,0.02660578386605783,AMZN
2021-10,-0.4284001813547294,-1.0797693936703283,0.16396783558135422,2.1492611850015884,-0.022446292156051047,0.039912228679871875,AMZN
2021-11,0.42529273317661476,-1.021628520500448,0.1218824512270866,2.1135495970534457,0.22450038176524414,-0.04921585400627315,AMZN
2021-12,-1.1988222260143604,-0.6805725759300553,-0.4372502512080487,1.8455360748962581,-0.4727473024201923,-0.10286708253358934,AMZN
2022-01,-0.7929168210480421,-1.016184375678818,0.27612676992343016,1.8742234085492362,-0.17109469463780547,0.02667647255465666,AMZN
2022-02,0.8845416907118204,-1.2577083972297838,2.0385660674452937,2.0395096546812277,4.362760945766301,0.06147434227663462,AMZN
2022-03,0.627144086735242,-0.7556911906165285,0.36948052576632423,1.9384406129623635,0.5648069436253619,-0.23754601226993866,AMZN
2022-04,-1.4967110074688474,-0.3325824346090443,1.5391836945148858,2.0028144914428947,0.2649828955741512,-0.032748632121017085,AMZN
2022-05,-0.6859731160736924,-1.0715359522462549,1.0239048863829456,2.0434837657141895,0.7087393440230867,-0.11646285666749856,AMZN
2022-06,-0.3271624030252939,-0.9102690627035414,1.0083461587188818,2.0282023558652664,0.3334526290485466,0.27059598907824123,AMZN
2022-07,2.1232135335664966,-1.1206939696923286,1.7827785954708344,1.9751931118601653,2.315723445296571,-0.06061504260837347,AMZN
2022-08,-0.4718627280453657,-0.5667942929461188,0.579235300319438,1.9393366821733493,0.3517511193883965,-0.10862191370197993,AMZN
2022-09,-0.1442044111413784,-0.6330030851735733,0.47552027657167245,1.8844987849774775,0.06373445681091397,-0.09345132743362838,AMZN
2022-10,-1.7136896911575235,-0.6193511878989223,1.0001549657473896,1.9519984377085968,0.6941153450054063,-0.05759468957438496,AMZN
2022-11,-1.7132868946882864,-0.9297544487101831,1.4626159444309164,2.1288526170420807,1.906891525919945,-0.1298943443132381,AMZN
2022-12,-1.0943281180674407,-1.2489762363106076,0.6392172053115717,1.8837392817143548,0.04584303609441976,0.22773809523809518,AMZN
2023-01,1.3689715141772871,-1.203849655010776,0.6584682777714891,1.9186997976171731,0.7523446990141972,-0.08629884611655181,AMZN
2023-02,-0.941888343371798,-1.1891451217411304,1.3748059633984318,1.7638786514849936,1.0750960107999885,0.09614772365488711,AMZN
2023-03,0.6503131952256992,-1.7530057841696165,0.06663094337477123,1.4441149531806032,0.09076108234012943,0.02091199535288979,AMZN
2023-04,0.1351412858967823,-1.9202258227000994,1.3279069614896963,1.851516747366475,0.42710593146968484,0.14348032242769082,AMZN
2023-05,1.2436268343143886,-1.0217808054351347,0.14548616431147315,1.7730894930240537,0.1556543163713487,0.08110797810582193,AMZN
2023-06,0.4031157105080277,-0.2111456012808473,0.5147262867148762,1.629049455318729,0.6075228087184649,0.02546793494937094,AMZN
2023-07,-0.3463022877289511,-0.05241438966082343,0.12334211695144737,1.6199847634020688,-0.3365637887526853,0.032390783961699476,AMZN
2023-08,1.0657765633859568,-0.6272889016850545,1.4772299084527551,1.6831350915377694,2.9026668862117275,-0.07890732555611901,AMZN
2023-09,-0.8229487263126269,-0.337903508202952,1.2418644447750453,1.8153082728649965,0.8324106418565352,0.04696349905601016,AMZN
2023-10,1.2227125888198884,-0.4103800182923404,1.55941903920607,1.7084528240012042,1.4139092533791358,0.09767826282966419,AMZN
2023-11,0.009327702840529722,0.3114783833843029,-0.11085856131396395,1.6856287107884267,-0.3506461658299407,0.040043808611130105,AMZN
2023-12,-0.24585987892046735,0.8625164125947835,-0.39530565528591805,1.5888673582877053,-0.38194144169193445,0.02145583783072258,AMZN
2024-01,0.07268610638520845,0.9790735620698093,-0.25108656104192906,1.5031650804026218,-0.36029784624014777,0.13891752577319583,AMZN
2024-02,1.3267841289683027,0.6263875114487578,1.0081180391289535,1.7377329701004796,1.2259357721448554,0.020479746548992983,AMZN
2024-03,-0.2828729940567471,1.1372335133719775,-0.35226596997383874,1.3174510650850613,-0.5588604899841693,-0.029825923051336023,AMZN
2024-04,0.17980789484589335,1.018185848404696,0.05944187233165257,1.5931748892673296,0.1441616048117097,0.008228571428571474,AMZN
2024-05,-0.3909466305895778,1.0313216882259937,-0.40941972613253447,1.6650551469477244,0.012120287604189048,0.09527318068465207,AMZN
2024-06,1.0667901560791226,0.494507341440827,0.06377445169812186,1.5875642833518124,0.24103883171774546,-0.032445019404915953,AMZN
2024-07,-0.7371725788395416,0.6333546064930015,-0.3104466303733983,1.5875796101318866,-0.38867342248929904,-0.04535244411166961,AMZN
2024-08,-0.8946711655504802,0.6232859811075631,0.6617305162705808,1.6581596417891717,0.1877937259697824,0.04386554621848737,AMZN
2024-09,0.2782981867193411,0.09387065250836564,0.05540696517287851,1.564611753887502,-0.32173289098942737,0.00037567756131595686,AMZN
2024-10,0.09973681706909823,0.2883815866422153,-0.1839561137921466,1.515240372986958,-0.38831154370784193,0.11528969957081525,AMZN
2024-11,0.5967043866835645,0.02210713776051214,0.5566583288880348,1.84648127208007,0.3882814119696558,0.05531771609986058,AMZN
2024-12,1.0003210701719827,0.18731443049947274,0.11017347783150486,1.578308489553137,-0.012628100318006022,0.08336751903003803,AMZN
2025-01,0.5354062425530248,0.5677734140698788,-0.5306788527972062,1.4752961582133661,-0.7479196434112972,-0.10686637495792661,AMZN
2025-02,-1.306722323748447,0.7043532557000824,-0.0026943542422589993,1.606055280354293,-0.5853038701175638,-0.10373092142453366,AMZN
2025-03,-0.8113748240234989,-0.03237623008174552,0.003637030970232968,1.5962282985111194,0.012305210035507112,-0.030694838641858513,AMZN
2025-04,-0.010006218565206254,-0.17419643296041473,0.37776120551683257,1.733776222611719,0.491864091851629,0.11164732675414824,AMZN
2025-05,0.5073288732177473,-0.22234400529924184,0.6647055872169123,1.599982798331668,1.8234129398194354,0.07014291985756782,AMZN
2025-06,0.08703202090883486,0.0355421233726508,0.00012734610732984352,1.5390984151242573,-0.19611088949396957,0.06709512739869661,AMZN
2025-07,0.8090975525890693,-0.1842897303398796,-0.8345425596107217,1.5776190649481532,-0.7429304515324934,-0.02182734611934567,AMZN
2025-08,-1.0091626621155672,0.26155634325118465,1.4907598780966023,1.5994295348227463,0.370002071898216,-0.04117903930131006,AMZN
2025-09,-0.7047589371029087,0.34378576050286785,0.08897273054604048,1.5247129759257083,0.07256570429631996,0.11226488135901991,AMZN
2025-10,0.8062621280032817,-0.07635963363554153,0.8336626064285249,1.6086549084734783,1.3829570541823768,-0.04504135615428717,AMZN
2025-11,-0.6720264296682172,0.20496586008818773,0.4073405505012654,1.5004936437848202,0.22466527889639956,-0.010290712631849774,AMZN
2025-12,-0.4115148368881631,-0.11950029426272418,-0.647112461623876,1.3263246494967644,-0.4910843311868952,0.03673858417814757,AMZN
2026-01,-0.009042344394673961,-0.43962752466418764,-0.25155346574574833,1.362978913586137,-0.3443717121021831,-0.1224404513163394,AMZN
2026-02,-1.459604416136648,-0.4192822845600622,-0.038581110223839976,1.6901504013443078,-0.6699109035673912,-0.008238095238095156,AMZN
2026-03,0.5629389642359839,-0.461303052721263,0.22770098306378778,1.4049065472861155,0.21196706847265015,0.2726748931675229,AMZN
2026-04,0.7827997196380455,-0.29797219476353937,-0.5505913754792828,1.612912005018339,-0.054703737677992074,0.0337282124801932,AMZN
2016-01,0.0,0.0,1.9404399859948491,2.369268323456499,3.7622372523224294,-0.04715286509789829,META
2016-02,-0.7960060871022931,0.0,0.07982931411749038,2.5408464553369936,-0.25297678130110035,0.06711282873032332,META
2016-03,-0.24628500095377542,0.0,-0.2631173318632646,2.3697993582536445,-0.4251213304529889,0.030562671142125408,META
2016-04,0.2029246095169878,0.0,0.3730252916029113,2.8308353125909096,0.5271172779422689,0.010456844090168893,META
2016-05,-0.28943088865678174,0.0,-0.7889815822302761,2.5144043886933014,-0.6732608197975742,-0.038171176520485184,META
2016-06,-0.6215454097543035,0.0,-0.34408610140134904,2.458441147996715,0.19415552246218687,0.08457535937913407,META
2016-07,0.5369137991868042,0.0,-0.22407746630961403,2.7968285768206953,-0.2641667925583089,0.017563831517319883,META
2016-08,0.04623445758519073,0.0,-0.46057628545828044,2.594669751045234,-0.28725054089420565,0.017020936551062738,META
2016-09,0.3667935784085082,0.0,-0.49388372827336824,2.266519498662528,0.0116882837866534,0.02121474031586401,META
2016-10,0.4628811267455031,0.0,-0.5559312139260881,2.1130962275472727,-0.4414038029472016,-0.09594521812726009,META
2016-11,-1.6564995082782499,0.0,0.41403052020389325,2.7790277721437686,-0.02735764463371943,-0.02851063829787226,META
2016-12,-1.1852370099419676,0.0,-0.14767741160329886,2.2688621586256557,-0.39437974144325855,0.13280770915462115,META
2017-01,1.7629741583470662,0.0,-0.2827452880219993,2.243276449060245,-0.01901983861736365,0.040058773490062594,META
2017-02,-0.04353986921360926,-0.34227954875242145,-0.13951842902539527,2.3872001072662425,-0.1354531173252897,0.047958956056212365,META
2017-03,0.7087314010776682,-0.23700670916535244,-0.854878198547738,2.15173378300498,-0.5743523473218148,0.05775507308074368,META
2017-04,1.0857649411615085,-0.1719535777494014,-0.5571429726609217,2.089498382938592,-0.35050905925404563,0.008049369466058387,META
2017-05,-0.1407655179905687,-0.09889961524317138,-0.15040464435889095,2.327385970201014,-0.13921334667384594,-0.0031274953420281637,META
2017-06,-0.1901211175059476,-0.05574975377406878,0.02052624644900254,2.042048905119797,-0.4158857668733104,0.1209532073960351,META
2017-07,1.6375093406579524,0.016753081302617143,0.05080440753131108,2.4004146048601718,0.05771452157314103,0.016078127791341545,META
2017-08,0.2693515879939746,0.23857167824599235,-0.1331876588874526,2.0515031203422773,-0.31530300618597706,-0.0063880911914668825,META
2017-09,-0.6663235574723191,0.3015328165567696,0.6250185830257678,2.084584610351654,-0.15100632723710805,0.05379261531202073,META
2017-10,0.2742077858600255,0.09230277558014603,-0.019177245237023625,2.0152806816513285,0.42842393056230804,-0.016008060002238755,META
2017-11,-0.9055200883359816,0.051711835908823604,-0.007030928835101167,2.139231107192251,-0.5631308871757805,-0.004038680318543819,META
2017-12,-0.5081138161768044,0.5947352992225671,-0.07681342160651176,2.1080701778387523,-0.14196992027700306,0.059112456450967965,META
2018-01,-0.20138964192229913,0.890913677452467,0.36633893346879587,2.3482605695414214,-0.26904839862651386,-0.045890854184641894,META
2018-02,-0.1863920129346636,0.20466913261176597,0.486135240596096,2.1445479013211246,0.16785639712234418,-0.10388289153902674,META
2018-03,-1.2237858217949522,0.09397632662307076,1.0285673170074792,2.650492824784496,0.5407433490929772,0.07637969094922736,META
2018-04,1.2044423897790226,-0.2968690597772161,1.4084286245108835,2.548070470798052,2.4485192715550395,0.11502402437595216,META
2018-05,1.1543876396028936,-0.22816191065691085,-0.6071815387133566,2.1130768093089816,-0.3713856282138488,0.013242944978716809,META
2018-06,0.1615237356383884,0.09886127380526503,-0.15889580535663173,1.9489835863698488,-0.3015562130069612,-0.11187179088221566,META
2018-07,-2.3968920189220433,0.17182497201976069,4.028000079465103,2.6115230030298298,-0.032037885052637306,0.01822004204625083,META
2018-08,-0.24996557974198963,-0.8321742231605436,0.4959088269539111,2.2307870783731825,0.6659370033241542,-0.06412021105758203,META
2018-09,-1.242954187036183,-0.8443651466747134,0.4159489407930102,2.0304165522329485,-0.41802983182581716,-0.0770314989582056,META
2018-10,-0.08955406682645653,-0.8858010214114431,0.18844274418607618,1.8170653679257691,-0.15659985365200288,-0.07363388885200184,META
2018-11,-1.104279969658565,-1.2528350024263912,0.11898142388186837,1.8128652341642262,-0.21175847188346805,-0.06773222477064234,META
2018-12,0.25438613016955125,-1.290801178935272,1.029982309427958,1.8442846755296467,1.3133996299608597,0.2715460905666178,META
2019-01,2.013913926013665,-1.104147790136061,1.0050094188922862,1.9162403782730406,1.9387235305503452,-0.031440836809964234,META
2019-02,-1.5277586671806462,-0.5079970288699261,-0.14608770048219402,1.755035185311881,-0.5602196629465191,0.03246145202571937,META
2019-03,0.29523364142753394,-0.7473399036016665,0.39157202580604655,1.6982430729972295,0.1948713059231228,0.16028780458310665,META
2019-04,1.2348937020175121,-0.3350198251769557,0.2376501561659232,1.8870978784989236,0.8215680585475388,-0.08238665971860348,META
2019-05,-0.014342437882959106,-0.18182738649661223,0.1511742419362177,1.5316286463048567,0.47248633232741855,0.08751206769265707,META
2019-06,0.09786023141626657,-0.477666809890362,1.1414362015461992,2.1564480768610355,0.239615275334478,0.006370757180156561,META
2019-07,-0.21296112839715983,-0.5191214375303146,-0.23624534435932087,2.0618542707786665,-0.4876568990502371,-0.0440535491905355,META
2019-08,-0.2679880941733135,0.11685285963055661,-0.07667970817753693,1.6699920183166879,-0.3057448523283396,-0.040927101992075055,META
2019-09,-1.163785119241292,0.0795506754304544,0.1827471901005593,1.7334988943179865,-0.16787446861261832,0.0762352142169902,META
2019-10,0.6416126062676877,0.21167260085376358,0.11413547109116305,1.7892901771892715,-0.11320091174820805,0.0521140092553638,META
2019-11,0.10793016480145429,0.5829432204463219,-0.5107833141997866,1.7229394833532004,-0.15308453843168626,0.01789373719198295,META
2019-12,-0.32624982333587527,1.3243914755342485,0.3868953011231891,1.656131594990775,-0.24625332461211266,-0.016253375890007415,META
2020-01,-0.19686954694624242,0.9226003896177896,0.8506583458238429,1.443224233667427,-0.20954822099744833,-0.04677049016671664,META
2020-02,0.5973544366696808,-0.12492899070152226,-0.23054593513433452,1.109374641104379,-0.15151044761835797,-0.13337173378017486,META
2020-03,0.033726102004157814,0.30119206596110726,-0.7528629860095837,1.114916004883422,-0.8721429729814341,0.22731117824773417,META
2020-04,1.0732904353791592,0.18904555580720678,-0.219777656322921,1.3769239642314686,-0.3158735332724195,0.0995470657739268,META
2020-05,0.9504561780848088,0.061360553963945685,-0.5999246810310568,1.6656510125100936,0.2274342081482359,0.008775857437091528,META
2020-06,-0.14692831689091662,0.13065194156764282,0.14137649967725383,1.6022034536781753,-0.5215545372190431,0.11717709720372826,META
2020-07,0.7862507473639146,0.06850338593818553,0.42423799781379185,1.5481271270336596,1.1320920350612471,0.15582042113627348,META
2020-08,0.6108810998339745,0.1565512861049249,1.0844210002001469,1.757377956035034,1.0216106413971298,-0.10676474632201294,META
2020-09,-1.227276342419516,0.1305246572017442,0.09299053219059049,1.5027523289743305,-0.5172983113886656,0.004617871161394449,META
2020-10,0.4864208212883328,0.14402580409661092,1.588967106358117,1.6420753352271453,0.944934881080733,0.05270818968819424,META
2020-11,-0.9210816931242547,0.24363084639862673,0.08370907315462478,1.465403497942117,0.28370224464629845,-0.013790844916672818,META
2020-12,-0.9595135418199161,0.05709400566978353,0.13672450260739902,1.3726810408950727,0.045184422720356235,-0.054274434564439256,META
2021-01,-0.7026477869830803,0.012694307186347616,0.3631552792162189,1.5884690054224315,-0.16150122771787992,-0.0027309612983770215,META
2021-02,-0.5610663559444024,0.042718340049308315,-0.38035262490294913,1.3637140360566058,-0.8544277054766459,0.1432595258586966,META
2021-03,1.5661055179643433,-0.08737781628742498,0.4580713396486625,1.4912559246268873,0.019548845405970627,0.10371612373391725,META
2021-04,1.30059123351632,0.0961297905206446,1.074999298837976,1.6546803810568091,2.772443469542107,0.011223066191288211,META
2021-05,-0.20830473118125153,0.08305836814225788,0.504153334870834,1.5888179697226068,0.5299681369366341,0.057730631265904275,META
2021-06,0.6522933717446598,-0.11124802941377288,0.2412519500181258,1.5546848617824227,0.648535343716336,0.0247246376811594,META
2021-07,0.182453844412931,0.09821262106635065,0.6883337717542609,1.5696206741548775,1.6540418272589206,0.06477526659689437,META
2021-08,0.8599163734079737,-0.18065604148915793,-0.16522466609673783,1.262084053214892,-0.27862161079045916,-0.1054113646627527,META
2021-09,-1.2764907049693577,-0.3013477207501896,0.38350603858943594,1.6135134886854436,-0.2934121559853499,-0.04662212323682258,META
2021-10,-1.255344492247305,-0.308198429920241,1.462930222879101,2.0359325921550178,-0.050287575388656615,0.002772153870113536,META
2021-11,0.06451118391559009,-0.7365835621726255,0.17692987541984562,1.5446906006083714,0.17382561691040502,0.03662173075728403,META
2021-12,-0.0076467892115620615,-0.4681680809561029,0.30681504076771254,1.436404744772613,-0.15048811134392537,-0.06864830851286974,META
2022-01,-0.45897730603182363,-0.2349666837045501,0.21179734643701867,1.3170753371467985,-0.192743109935132,-0.3263303519722026,META
2022-02,-4.314112603509686,-0.25827676079539186,4.417665535913076,2.0330864576295826,0.5823519323731262,0.05367973637709533,META
2022-03,0.5205689393955741,-1.4538924319735658,0.876401906710125,1.4272101766381053,0.8891450651897854,-0.09844536101164847,META
2022-04,-0.10696418691474935,-1.356954869921797,2.555315605886015,1.5431743414437873,5.463005437432039,-0.03408576743250713,META
2022-05,-0.7032913160826398,-1.4329270802484382,1.0324371432590447,1.4171196232864336,0.508126527849927,-0.16723052100140523,META
2022-06,-1.0124442073127868,-1.4439990048147475,1.6077929626622771,1.4741811167138588,1.2876184694585944,-0.013374999999999915,META
2022-07,-1.2028149449921972,-1.7260162243904411,2.3416377193877707,1.4819929864794876,0.7366403261115884,0.024071962498416255,META
2022-08,0.9984798384741033,-1.9294508936316592,1.39246888966901,1.370906050161928,1.5426916027661377,-0.16726462946925647,META
2022-09,-1.0206290737781363,-1.659427265426835,1.209364403970906,1.393562788212743,1.774276097090049,-0.3133264002377062,META
2022-10,-3.564129628770973,-1.7147979994867144,4.260504008359455,1.714023584522358,0.47601583229476685,0.26763305928169645,META
2022-11,2.3846314751104796,-1.966741063080415,1.3588505435232332,1.5410421916621364,1.3053588908167768,0.018945212493599595,META
2022-12,0.9906100417433733,-1.8018400978208333,1.6685373614439438,1.2588273693270688,1.0831675605930846,0.23793969849246221,META
2023-01,1.4637906533565177,-1.6591290995015242,0.24594732024397864,1.2028948330239653,-0.03335565701415319,0.17434544347473113,META
2023-02,3.1110022232560337,-2.167560532448178,4.212592490509123,1.7607725984200562,5.535553195805309,0.2114874985597417,META
2023-03,1.7374760565389207,-0.6397317449896744,0.9021188425513464,1.4637057159953004,1.5065872342421518,0.13391031432783307,META
2023-04,2.1093976075166285,-0.01675472370421701,2.7515599801406987,1.5770475278478246,4.18351146701362,0.10153071922834989,META
2023-05,0.8672750105746234,0.5872825494063617,-0.44352371346057173,1.4667100226856413,-0.057031085858491065,0.084101119317749,META
2023-06,0.4546378380891507,1.1237387233152423,0.4630033694537417,1.4706616140674322,-0.13656606187500508,0.11016681299385422,META
2023-07,1.0857677367610379,1.4338225824747632,1.1975820622369626,1.9176487405189508,0.25447664924326524,-0.0712704036441858,META
2023-08,-1.0752439375313438,2.522968365745897,0.669999321714004,1.4427867521331605,-0.08427522661278045,0.014578153206853184,META
2023-09,1.2724051013318312,1.5500420413232945,0.5295696712380316,1.6013629730024834,0.6523835579692855,0.003558599388995276,META
2023-10,0.4682256218608968,2.094951899723687,0.7514492095602322,1.707736270701342,0.05664358925891823,0.08587294684374269,META
2023-11,-0.14867799761088565,4.671464707447341,0.025386826933760924,1.3805955232911826,-0.06825333162007378,0.08197781885397393,META
2023-12,0.386846128082487,4.053450543616053,0.04918614723352475,1.3699541438145437,-0.3006001712638318,0.10218957318982969,META
2024-01,1.067111804493633,3.2682889518558604,-0.06213309306138868,1.3802432972374221,0.14188973476985378,0.2576595195040039,META
2024-02,2.9915348593030813,3.2202922979477564,4.1988837973919875,1.9205881028821472,4.844699254178845,-0.009284364472927464,META
2024-03,-0.7102005634771564,3.0719290448142043,0.6283906293151483,1.4188458188567141,0.01659204876118441,-0.1141151103002157,META
2024-04,-1.060396089653507,2.373520611851065,1.4714064284049742,1.8161992134222382,0.05720464949759697,0.08521344317543544,META
2024-05,0.7292723893302329,1.3743013957049997,-0.12050338967417572,1.440994657428969,-0.0741869697826452,0.08117492290107609,META
2024-06,0.8588876937424401,1.3753148879941857,0.06999152638976135,1.2984449401213807,0.1995659908019017,-0.05830490894221363,META
2024-07,-1.0905461036686768,1.4113484059937225,0.8927654802683437,1.5433002752066758,0.48461195444304556,0.09790298665536978,META
2024-08,1.1688849766723854,0.9460204172094105,0.09443417886874911,1.646016583300338,0.31715111799141943,0.09912795184442036,META
2024-09,1.1715377199502888,1.5927876064843511,-0.2519174103202818,1.4946047951558734,0.15420582433227778,-0.008495699490960185,META
2024-10,-0.0577892739117917,1.5035609200869549,0.035891676968801266,1.6347740114847782,-0.34933307299229327,0.011879049676025932,META
2024-11,-0.7106712549082913,1.230808915596205,-0.4675876161868789,1.5157899929706393,-0.49148054889079823,0.020312472663015724,META
2024-12,0.6134445688465547,1.0857127788254857,0.22219384853601987,1.5086601538111801,0.1616984216735914,0.1770636853115679,META
2025-01,1.9187366198699312,1.1654481007585415,-0.1339611923844284,1.7854690892033722,-0.06017924968705807,-0.030446943651302516,META
2025-02,-0.36971595039167654,1.3767078773393837,-0.2388757867933465,1.7663419904974453,-0.3434740306635006,-0.1366859993388826,META
2025-03,-1.325575929547486,0.5266614099414384,0.6067021424442747,1.739400408042397,0.0944842650144338,-0.04746157996414724,META
2025-04,-0.2282641994772617,0.38274437292691105,0.7554661783046677,1.7475961942294587,1.019348643028979,0.17938973140873382,META
2025-05,1.2370404145214535,0.5867335549637998,0.868679725632201,1.5667718062072464,1.7503600681139566,0.1407944475429137,META
2025-06,0.926302257597541,0.7920597191916777,0.2435441421574997,1.492883097112273,0.10543214658809473,0.047897767396382074,META
2025-07,0.558582096562938,0.941008241987208,1.7970104902318411,1.5887661190808309,4.484433972051525,-0.04491790106657334,META
2025-08,-1.3764203575208114,1.543203933702136,0.3561420658349372,1.471163630105454,0.08331256270242578,-0.005169816953200401,META
2025-09,-0.3551592544434333,0.8733065126288411,-0.3996115203016269,1.32430085175232,-0.3798281156293931,-0.11715041737137866,META
2025-10,-1.2570417330908956,0.29177012780936035,1.0381029165479283,1.6756259180969204,-0.6722800973296651,-0.0006179801319387002,META
2025-11,-0.023722610409306413,-0.26750644628760556,0.016727558119299664,1.669976617463257,0.11921353806172327,0.01957116576746487,META
2025-12,0.07407242838876338,-0.09167117324311684,-0.253203092097274,1.516339120968385,-0.01237266355132442,0.08545479356511465,META
2026-01,0.42321174241508275,-0.23753873706184547,1.0559669338409474,1.546956916430951,2.5026508144990207,-0.09534984424981485,META
2026-02,-1.1348914217486432,-0.3519318273673269,-0.5992971979196076,1.2291456171696282,-0.7509049156147166,-0.11657891079783211,META
2026-03,-1.1480767098534166,-0.4923606721228521,1.3057567760113844,1.4022068621428514,1.8087251064479308,0.06952965235173814,META
2026-04,-0.16838997497647673,-0.5043975994371958,0.5438110635056584,1.462035055344151,0.15417483688862418,0.038208233236914024,META
2016-01,0.0,0.0,-0.4595579838213246,0.3120447717486761,-0.5709469802763462,0.0039215686274509665,TSLA
2016-02,0.2787347975879216,0.0,2.651031903175085,0.7818216940000691,2.0486895504329103,0.1968749999999999,TSLA
2016-03,2.0794684343038066,0.0,1.1698295674895487,1.022756453557966,0.2515447700396559,0.047650130548302805,TSLA
2016-04,0.45924060009862827,0.0,0.4790872540399577,1.6329419979921287,0.04959354849603891,-0.07289719626168223,TSLA
2016-05,-1.4386183118466707,0.0,1.7434285210007425,1.2428332185968387,0.11288030082108412,-0.04905913978494625,TSLA
2016-06,-0.8099645734565383,0.0,1.694498373596648,1.3278504140638159,1.2723289249352716,0.10600706713780927,TSLA
2016-07,0.8708604607326789,0.0,0.61621100061865,0.8492954055161542,0.34920810493256255,-0.09712460063897765,TSLA
2016-08,-2.107404542103718,0.0,0.39213212270367465,0.6623501504471203,0.049499556868123615,-0.03750884642604391,TSLA
2016-09,-0.8020288691732289,0.0,1.2255282681925745,0.4034906362932319,-0.016571605750408246,-0.030882352941176472,TSLA
2016-10,-0.4422251461775405,0.0,1.139729343392836,0.884782619240668,0.7125623709980679,-0.041729893778452154,TSLA
2016-11,-1.0691294686302333,0.0,0.5182236327742403,0.5977260782728698,-0.147080373957522,0.12826603325415675,TSLA
2016-12,1.8373728472698518,0.0,1.1790251700127852,0.685015853685351,0.5743247203704261,0.17894736842105274,TSLA
2017-01,2.500072038153856,0.0,0.700548403199808,1.1614617771545095,2.2099261351340678,-0.007738095238095211,TSLA
2017-02,-0.8144395990804991,-0.0809078453089315,2.060708722511184,1.6479647777381583,0.7797920734040114,0.11277744451109761,TSLA
2017-03,2.0435643483043315,-0.1932326263619454,1.4349927082509504,1.2673141355289512,1.178137461917129,0.12884097035040432,TSLA
2017-04,2.6897870136492124,-0.22712861323820682,2.7463869265698673,1.937027437210748,3.1027577542028446,0.08548233046800369,TSLA
2017-05,0.9281457489264654,-0.04140795100691426,1.4383516086449106,1.9607650982397065,0.9038634047145474,0.06071271447426296,TSLA
2017-06,0.9380203781562074,0.6151941685854947,1.3403108905713963,2.159017518971021,0.9098362450867367,-0.10576524263790965,TSLA
2017-07,-2.2709536140172744,0.9965318832926179,2.695851182951276,2.215032113819565,0.6472692203148277,0.10064935064935066,TSLA
2017-08,2.202686389576135,0.27263801787104747,2.4370739263759402,1.960993724546916,3.4225628411027724,-0.04171934260429844,TSLA
2017-09,-1.2806991444890723,1.2562423010938253,2.272626709355654,1.7246783182542147,2.6085404410647794,-0.028144239226033263,TSLA
2017-10,-0.836613599052529,1.129174018762331,1.1830005409062065,1.6364638668222875,0.22273114785150833,-0.06832579185520371,TSLA
2017-11,-1.8022962204615436,0.8878237263815411,1.9504003127277738,1.7217970873363224,0.5582209499954969,0.00825643516270036,TSLA
2017-12,-0.19962332534014604,1.0587368557206362,1.8063417462066378,1.4537329076739667,1.5490557856683367,0.13776493256262046,TSLA
2018-01,0.7228462889920554,0.596882300983382,0.8235597092955051,1.2661593300158551,1.1503888883322166,-0.03175275190516513,TSLA
2018-02,0.04821003946330814,0.11201406382527707,1.3924915031089742,0.919173987408917,0.29510277488485975,-0.22431132487975525,TSLA
2018-03,-3.361110775565589,0.25571028652723576,2.032680917501908,1.1574405498229277,1.302124214498859,0.10428410372040586,TSLA
2018-04,1.7088646488902068,-0.8456230400649927,2.835499685536898,1.5251749341608292,1.5994365867497164,-0.031138335885655954,TSLA
2018-05,-0.9889915952370775,-0.9176369565210474,2.414590783016683,1.457982635194579,0.46558606448122275,0.2044257112750263,TSLA
2018-06,3.4266475486769266,-1.310849125853973,3.2577056881325412,1.894777728632913,3.7335607833864635,-0.13035870516185477,TSLA
2018-07,-2.6971153584560783,-0.8821953122791556,1.6699402540917083,1.5695782333545754,0.5676058218364844,0.0115694164989939,TSLA
2018-08,-0.3450605221285625,-1.2146997398075665,5.697232724272916,2.1918157962732243,5.5076577453598645,-0.12232720039781209,TSLA
2018-09,-2.2125771230357114,-1.4221507860797296,4.188142584523861,1.566567553686867,3.2085006782363785,0.27422096317280453,TSLA
2018-10,3.3571132079190935,-1.448248523966007,3.571604603804173,1.6529146273920057,5.07965971111993,0.03912850155624725,TSLA
2018-11,0.23552861270751224,-0.44600237670163456,0.5723500571101742,1.212674352712623,1.0684320045566316,-0.05049208386820714,TSLA
2018-12,0.5915666269499454,0.15908839116012147,1.9789125382380326,1.3019138077344419,2.439906214469977,-0.07751239296980628,TSLA
2019-01,-1.7494840536346046,0.3242554083949677,2.0598371613168305,1.4626179359027562,0.26923005627373164,0.04201270151441139,TSLA
2019-02,0.12068080683798638,-0.631127136457763,2.139823042625723,1.4442277742563523,2.9593238743562327,-0.12517580872011247,TSLA
2019-03,-2.78527649612111,-0.6239296967926634,2.2039829288499124,1.5981172617780115,0.036704270488387564,-0.147374062165059,TSLA
2019-04,-2.170539032797102,-0.3020623787414895,1.8366652959733878,1.7108876705299503,0.022535088824371986,-0.22438717787554996,TSLA
2019-05,-2.1089517752778595,-1.302120100206728,2.417658900681343,1.725829483569279,1.4427790006688197,0.207455429497569,TSLA
2019-06,2.4453709547385127,-1.5630076931649923,1.8464431085344992,1.4570812920434248,2.12046237367583,0.08120805369127515,TSLA
2019-07,1.2327659629396592,-1.8836696100101362,3.911900610574346,1.546945475001422,0.9734987454454241,-0.0664183736809435,TSLA
2019-08,-0.6058725151328117,-1.2915688949249495,0.9686856958230741,0.8356022206557722,-0.12648619427814659,0.06781914893617014,TSLA
2019-09,0.8842795600461141,-1.2506488570492,2.871510071536205,1.1135776384163634,2.1169804106704384,0.3069738480697386,TSLA
2019-10,3.955044817156523,-0.6783804588397778,4.554110050133346,1.8574469811847893,5.389990820285135,0.048118151500714745,TSLA
2019-11,0.029700350952750386,-1.1578248368910842,1.8325142686174212,1.8046118605605665,0.07853850956164544,0.2677272727272728,TSLA
2019-12,4.268513516058804,-1.2932308424363272,2.541257747141147,2.1343779741969313,3.064775135910694,0.5550376479024739,TSLA
2020-01,5.632327631138183,-0.33049956354690174,3.6056292489532473,2.6464086464568353,3.186048962538953,0.026746599031588714,TSLA
2020-02,1.8737241288799573,3.306019881349758,6.226817910810731,2.8990579821275873,6.56987187888685,-0.21558499887716154,TSLA
2020-03,-0.6739570043582366,3.573325657960466,1.0441505457658848,1.9507667843760939,1.0086435176419588,0.4924133982250216,TSLA
2020-04,3.99674123551167,3.372531239788488,2.00462893508842,2.370952449908382,1.7314574771556202,0.06790715518895074,TSLA
2020-05,0.3942461632693863,5.677228479934137,0.965336290605881,2.3513544562636146,1.122079374009347,0.29315609843721924,TSLA
2020-06,3.6659162101146294,5.928872570785621,1.3435572625219716,2.2985380629991554,2.0854314744199147,0.3249062369773581,TSLA
2020-07,2.910244457585612,6.25030262869636,3.6421723155211687,2.904795118353803,2.835453802823311,0.7415600754875238,TSLA
2020-08,5.714267656463852,6.294124928915105,3.2526161491227934,2.907180554688722,2.320319245763525,-0.1391246764192403,TSLA
2020-09,-1.7825654467725005,6.9762999523352525,5.409772104305385,3.005128489225961,4.188643393012045,-0.09545454545454546,TSLA
2020-10,-1.048257621842866,6.737963246077331,1.5919981518206974,2.679045982315392,0.6530747261949906,0.46269810591418636,TSLA
2020-11,2.7124811945598926,6.4318541280121835,1.2654399579331665,2.845070857642861,0.7120159846977487,0.24323467230443985,TSLA
2020-12,3.0675450105596225,6.990418780343441,3.6908117326064516,3.372614580872794,1.731280194454799,0.124521724343168,TSLA
2021-01,2.644302486773851,7.054122935263486,2.452118014741189,3.23935761241743,1.4675009516229485,-0.1487278363766965,TSLA
2021-02,-2.015715108422684,6.845579136010253,3.176269737306143,3.015913127832161,1.5888641033311222,-0.011235955056179803,TSLA
2021-03,-1.0239535459466516,6.598802601890114,4.539632657647365,3.0744127399800707,6.235315451485727,0.06216313330937839,TSLA
2021-04,0.48342755375646185,6.782670621547773,3.3178680136937295,2.9812508250993024,3.6389627833647,-0.11869925575101481,TSLA
2021-05,-2.9558680897561223,6.1469533960746885,2.630164185511868,2.9020269188491543,1.1932534605333238,0.08713593397629671,TSLA
2021-06,1.1429553464661268,5.353958107979344,1.9732734216342864,2.6604902070701533,1.1679884637326077,0.011034117491283135,TSLA
2021-07,-0.07254408166925218,4.697428100205977,1.1157732345130502,2.502114564354908,1.2227128388670663,0.07058977605098882,TSLA
2021-08,0.9810686236922224,3.1599581425445127,1.5691184934381717,2.452883284138622,0.7645419143169094,0.05402870657315284,TSLA
2021-09,1.3904384229177262,0.32499197010228903,0.4586831591914645,2.553054312780837,0.24667234627760118,0.4365352624859762,TSLA
2021-10,4.2008301711616145,1.2546766891640808,2.7256850227166076,2.993124847733323,5.107574340709101,0.027630409608703888,TSLA
2021-11,0.3059861961021296,3.191936288050098,3.3511768307643024,3.067964593181787,1.9332958670257243,-0.07686260122120592,TSLA
2021-12,-1.582478479631431,2.3179771015934207,2.4774095047861175,2.657946225129911,1.4172067461522777,-0.11360926588315445,TSLA
2022-01,-0.8977493172618743,0.767025729634493,3.6603371378670353,2.892273040042655,3.675038419414102,-0.07077888803484511,TSLA
2022-02,-0.5506620889957594,-0.37328887171045283,1.7488438903712615,2.4717902708334085,1.5576317463709872,0.23802302336802916,TSLA
2022-03,3.041082898067777,0.4317134867448851,1.5302458343977587,2.702450502787908,1.920732848464529,-0.19195434298440972,TSLA
2022-04,-1.0412071916336103,1.5869836173872252,1.5798332103052237,2.848110111388862,0.6500580166959088,-0.12919896640826878,TSLA
2022-05,-1.9351706847588774,0.770358888257483,2.9296781424488385,2.685638457267874,1.63687253712696,-0.11188921859545009,TSLA
2022-06,-0.2654256461487705,0.6776398408361476,2.488933945606721,2.898271551985474,2.3436164866204043,0.3237849155789192,TSLA
2022-07,2.746192257060246,0.34939627098326226,1.9853545040913985,3.0099521092114485,2.0753012079936086,-0.07248864209994943,TSLA
2022-08,-0.6780131135531933,1.2501307502311305,1.1756058684380173,3.095650586582661,0.7957363054452563,-0.03758934726606444,TSLA
2022-09,0.9173885294358949,0.708144064514937,1.1136559975158962,2.866823117152801,0.4144366762360948,-0.142167766258247,TSLA
2022-10,-2.1236808869294204,0.6659961292696677,1.9471196462830413,2.8513775127555783,0.9719676336188147,-0.14432627230377082,TSLA
2022-11,-2.806117833495265,-0.91271809803919,1.9912109721862727,2.788958061317199,0.54749193211814,-0.3673343605546995,TSLA
2022-12,-4.4203777324880855,-1.3684609058736403,4.007566301959963,3.1155693464971095,2.9450209890840644,0.4062347783731124,TSLA
2023-01,3.0280148448385864,-1.6843434212076926,5.212954895529687,3.347771955506283,3.1337341284210587,0.18756494631104959,TSLA
2023-02,3.3165589934612796,-1.8053122173964686,2.0098513159317313,3.3794384745478436,1.1105068886972569,0.00850712167614609,TSLA
2023-03,-0.17576443231448596,-1.259984538857144,1.9280318385930906,3.020561211007894,1.7522504684309963,-0.2079919020534079,TSLA
2023-04,-3.8641657002364664,-2.254616851231707,2.574875702149061,3.1327512002811875,0.23111866575945322,0.2411295721502038,TSLA
2023-05,2.11968930969115,-2.318917622115959,0.8155842159848182,2.8367142959935125,0.4573705493250776,0.283626734663855,TSLA
2023-06,3.8891514415905486,-0.9307507162085784,2.615750962773539,3.223277203617425,1.300053700047008,0.021622034610536023,TSLA
2023-07,-0.41132792584341143,-0.2171293228844207,2.981587778754535,3.1221483799429914,1.352696887539674,-0.034962420072542466,TSLA
2023-08,-0.3253380280080429,-0.909351723071152,2.689052839395277,2.8554315481877945,2.5928250548361302,-0.03045567265964033,TSLA
2023-09,0.2630312322405591,-0.7330961148559972,3.6176828863133665,3.195445599237928,5.130678732262691,-0.197346335225002,TSLA
2023-10,-3.024010414321009,-0.8287026062548533,2.3369156177165227,3.0193443433088114,1.0489170858667243,0.19537940649273056,TSLA
2023-11,1.3169875450503497,-0.6272893567620715,2.945890615855708,3.0489682420803437,1.285577574737673,0.03498833722092631,TSLA
2023-12,-0.32213751366825233,0.15117362634345455,1.1527751384099072,3.0030647791411913,0.6995206324182077,-0.24625724404378624,TSLA
2024-01,-3.224829698521562,1.4002768124223697,2.2186053000818693,2.706847869786626,0.4167142953956812,0.07790058198515681,TSLA
2024-02,0.4713327545858352,-0.3601073034765737,1.2677266901438464,2.475028015088384,0.7476360266230545,-0.1292351892213196,TSLA
2024-03,-2.4323515913359612,-0.7257885093551825,2.001200587952647,2.269233128670488,1.2612257483718177,0.04260765686330292,TSLA
2024-04,1.2455722870975812,-1.2083085561179558,4.361067057345759,2.485064854944653,5.013222919475654,-0.028371890004364797,TSLA
2024-05,-0.9235257218405402,-0.37867740264352806,1.4014494622868283,2.2515580343559107,1.8879724831138738,0.11118598382749312,TSLA
2024-06,1.3014511338298367,-1.2257579726176864,1.0015568080300652,2.0912080531600923,0.7543321673714977,0.17278148372751168,TSLA
2024-07,2.0672327801108787,-1.398593914721058,3.3182033391119545,3.013217484782815,1.7546128136396606,-0.07739044253888905,TSLA
2024-08,-1.3561699588948402,-1.1859909407672176,1.5649380339132557,2.349166132202887,0.7803811083682801,0.22194199243379553,TSLA
2024-09,3.1566549990066335,-1.3786520899599743,2.053978330190561,2.5649026788476537,1.5557710188328988,-0.04502541757443723,TSLA
2024-10,-0.7064353251860587,-0.8544023286747952,5.3593978734707655,2.7846368625696942,6.1895793922169,0.3814688813287974,TSLA
2024-11,3.9618914238339036,-0.3647635414089122,3.856432610230871,3.200654729573453,3.1285870182606956,0.17000811217985845,TSLA
2024-12,2.2678745797229065,0.2263029752624174,2.5161621092982034,3.108913571182929,1.3298969246588417,0.0018819334389859055,TSLA
2025-01,-0.6676470982086851,1.0681738840818618,1.7793042614604437,2.9067617089590767,1.589025227152715,-0.27587740978744435,TSLA
2025-02,-3.3790279415102753,2.452600988568297,2.3808650455669813,2.699373645966692,1.2250538095902885,-0.11543450064850835,TSLA
2025-03,-0.9939868448840251,0.8100229853036236,4.206443410324007,2.942772223628184,3.486485538055082,0.08874826362092914,TSLA
2025-04,1.5448224647575957,1.5374974205387313,2.441235550094706,2.945307272642093,2.5265964563280177,0.2278848880068045,TSLA
2025-05,1.7594233391811458,1.508211685642379,1.8752756442994563,2.8904059463279355,1.2601046250930832,-0.08312647924724337,TSLA
2025-06,-1.7336567749048648,2.611571224468059,3.987500140112241,2.921490625780609,1.9141620712731886,-0.029559906818611204,TSLA
2025-07,-0.4521998326373826,1.4015329833256134,3.01923145186708,2.8389568577074007,1.03605985685083,0.08304408473091773,TSLA
2025-08,0.6588284319028294,0.5172469294357118,1.252997165035085,2.5539096260360354,1.6646633289166188,0.3320154551172614,TSLA
2025-09,2.91844279598992,1.3973560859660357,1.012658728925573,2.713585704258634,0.6467841297260533,0.026623493434070777,TSLA
2025-10,0.036024888582431774,1.6922540758929197,1.5318445183421798,2.7229788867056355,0.23462263180400295,-0.057801822323462426,TSLA
2025-11,-0.858249533217093,1.6921112767762307,1.7937305200017588,2.5677498053691172,1.5441859007071963,0.04544714880163658,TSLA
2025-12,0.4948446139122288,0.2303580417080653,1.1777198812915464,2.691599126159263,0.31561784894770745,-0.042937827981855414,TSLA
2026-01,-0.7160032350692602,-0.2819216860412773,0.4552803779661563,2.3711948394307276,-0.02971953207909863,-0.06482191398898729,TSLA
2026-02,-0.7689780399215297,-0.3129457450607131,-0.19138398090911457,2.2428830976196896,-0.251052559961285,-0.0764204616034384,TSLA
2026-03,-0.5138583345925786,0.277376261424425,0.6757302878439916,2.320195845128243,0.6470232332381938,0.02657700067249502,TSLA
2026-04,-0.3695077539093938,0.4111782901332601,0.4181463472339414,2.3140613519939723,0.4160481480671822,0.15690590362392887,TSLA
2016-01,0.0,0.0,-0.25109292245510684,0.645091636557763,-0.2648981484456823,-0.05383432212700501,JPM
2016-02,-0.936601577149162,0.0,0.6090387419527258,0.7011166468356387,1.8418348513149772,0.05178820250812821,JPM
2016-03,-0.5209513519524621,0.0,0.09816497697898424,0.580380093539618,0.966831717879821,0.07529255906381116,JPM
2016-04,0.873883659585476,0.0,-0.06727424970568895,0.6447095811278614,0.0862949203162136,0.0326488706365502,JPM
2016-05,0.016526659346242856,0.0,-0.024241233990163938,0.5455691179942973,0.39575672009799134,-0.04792205209783251,JPM
2016-06,-0.7902869619640932,0.0,0.5298170574045948,0.8384791945027376,0.13075899759897172,0.037593984962405846,JPM
2016-07,-0.19514513507859052,0.0,-0.23506247505824748,0.5714315466558908,-0.39245315008070114,0.05515297906602257,JPM
2016-08,0.7520899009277537,0.0,-0.26716332000646975,0.6033445730727511,0.3566322866830818,-0.013544448683708521,JPM
2016-09,-0.2883623094552441,0.0,-0.8950919054532869,0.6185825112238733,-0.7853770594893361,0.047573003287565196,JPM
2016-10,0.9208151047763762,0.0,-0.8826942089598822,0.664100879197707,-0.41907855327427324,0.15765183681004236,JPM
2016-11,1.0909766712388569,0.0,0.23073266658366937,1.17234721792072,0.11460316681438236,0.07638335193749013,JPM
2016-12,0.8370894351150512,0.0,-0.4907000463088194,1.0871160820244115,-0.4589986899317073,-0.013925925925925897,JPM
2017-01,-0.5811491627564962,0.0,0.10981268355202072,1.101533192841143,-0.7260100332931136,0.07091346153846145,JPM
2017-02,0.4541050877587551,0.16145954463652645,-0.0756022173837513,0.8614758326607002,0.24723203051911097,-0.03072390572390571,JPM
2017-03,-0.9116161076317454,0.25279104075711734,0.2815346764682278,1.1782044355504122,0.39600444294849635,-0.003763207410623859,JPM
2017-04,-0.30236805792434973,0.2819014729699757,0.35341324237748384,1.1803843983030395,0.7713252976189118,-0.05578962661630105,JPM
2017-05,-1.0220210104596232,0.19101996778591177,-0.07995023322050435,0.6539827966163265,-0.4159369737657004,0.11263271272503483,JPM
2017-06,1.8555158665005336,-0.009153754205461552,-0.44792031136047056,0.6758126230097651,-0.14711199528740201,0.004287097220301517,JPM
2017-07,-0.37373045751304845,0.5007393600200645,-0.7259793468797218,0.7312579928926809,-0.47800805297617155,-0.00991462407050403,JPM
2017-08,-0.3248539829455319,0.5088978412580445,-0.5094974159963721,0.6340882325786621,-0.49803007855164627,0.05090403337969396,JPM
2017-09,0.32992993645460167,0.326016205624091,-0.16702039343150638,0.5936819359480993,-0.5400904744092271,0.05955532027527788,JPM
2017-10,0.352333019544152,0.4860820818134405,-0.5585957973403264,0.570539041634226,-0.41105121734620853,0.0388458656007995,JPM
2017-11,0.03472883859467216,0.3375980114421028,-0.13584593381536672,0.6035440456538911,0.2705077048931079,0.023205482746182504,JPM
2017-12,0.17545562642764195,0.006730648914184841,-0.30605943736183555,0.8755001370723293,-0.3519002753853791,0.08719153936545254,JPM
2018-01,0.12856433562126626,-0.15178441875813925,-1.0486621008828565,0.6621886212260397,-0.7486189809982778,-0.0014051015996541238,JPM
2018-02,0.5517868920274492,0.05953181230732697,-0.292981677940813,0.7569540961035447,-0.2528460635801437,-0.047948912219937245,JPM
2018-03,-0.23108761551554194,0.03828940507420523,-0.25253281133995814,0.5494200489923738,-0.324589402618208,-0.005684402000909472,JPM
2018-04,-0.2790131302229486,0.18537110964794817,-0.5517687127451234,0.7594814844533242,-0.6004376548908725,-0.016350331580150868,JPM
2018-05,-0.772134797793384,0.18676785371877358,0.2335254398050542,0.6095493607714267,-0.3127170567533483,-0.02626990584679767,JPM
2018-06,-0.5132983346285027,0.2868560511191126,-0.5653696036062195,0.5924352536605558,-0.2731841932910952,0.10922764712904387,JPM
2018-07,1.1937132408181739,-0.2279969225430158,-0.11146905679049891,0.6795929908619113,0.5205996151715818,-0.0032285837279379948,JPM
2018-08,-0.5566518933488218,0.18582876831713055,-0.6450117463207882,0.4377326032170202,-0.44337053465558995,-0.015223493845821778,JPM
2018-09,-0.42842350883054975,0.037894566860994176,-0.40517128222349696,0.42337002987371436,0.18187170410128378,-0.027080363995175993,JPM
2018-10,0.4005917991098749,-0.14732717217446276,-0.7875019607673844,0.6661841510580659,-0.794334230050543,0.019945909398242145,JPM
2018-11,0.007606860496738731,-0.026661685463254422,-0.6914841771369996,0.4259749313631703,-0.6757887354428669,-0.12208595735277883,JPM
2018-12,-0.8086573018783132,-0.0395205045867246,-0.8503240677661702,0.7925991743076236,-0.7013639324476518,0.06883966775736239,JPM
2019-01,-0.17157927367381723,-0.2679376856539428,-0.851929446800687,0.5282237377839647,-0.43081535096904583,0.008359825738843751,JPM
2019-02,-0.6345548170432086,-0.3807468201722425,-0.3222487537762366,0.4381665486053285,0.35466823642565787,-0.030009341429238723,JPM
2019-03,-0.9255558573762526,-0.6498216491408254,-0.4033172824532224,0.5215643809696454,-0.7303757269343163,0.15517033826892979,JPM
2019-04,1.178249739313243,-0.7082215050887175,0.017635281662040255,0.45393286527611215,0.45474133919661347,-0.08691121300541882,JPM
2019-05,-0.08108283915128066,-0.2796509343438754,-0.8141510544753622,0.31989480979055873,-0.7514384218578435,0.0551244008217302,JPM
2019-06,-0.5360255805101412,-0.11050276077460278,-0.5094860529367792,0.49981472957427736,-0.3071077421443747,0.044889129259058747,JPM
2019-07,0.5311471788876599,-0.07783220245746342,-0.8624989387028597,0.47331569462075035,-0.5817585953059123,-0.05289855072463767,JPM
2019-08,-0.4016170534802713,-0.2668341758193425,-0.17708231898719032,0.4833621621196874,-0.43830236108990683,0.07126461908405313,JPM
2019-09,0.9491695737540301,-0.2169233634723497,-0.492579018090339,0.5928511455196704,-0.2536470086461823,0.06999285787164577,JPM
2019-10,0.5519716812039192,0.16925543961022066,-0.41224161919906444,0.644518459759934,-0.13415089408100092,0.05473443310765713,JPM
2019-11,0.1592321086534608,0.15563824173511628,-1.0885138322255552,0.4952501056357695,-0.3244090111682169,0.05795136063647055,JPM
2019-12,0.4104619206325801,0.19833193696147786,-0.18556272548497788,0.5655379960448305,0.3519580237884903,-0.04443684840198259,JPM
2020-01,-0.484441050074046,0.545218352448339,-0.37600981700146674,0.36827913898771253,-0.5027713768764023,-0.12278662135575025,JPM
2020-02,-0.7224024664776673,0.27320307525762394,-0.29083724737293637,0.19131724354255114,-0.5699784342656673,-0.22458966255479662,JPM
2020-03,-0.7514681986359467,0.13029707701401444,0.4881303896080756,0.5017158480170247,0.9201755586594411,0.0746778858795687,JPM
2020-04,-0.6098939632230185,-0.1217262980670267,0.7505131818117644,0.5316274454926804,0.21367291506359454,0.01627110349889893,JPM
2020-05,-0.5134836167626508,-0.46185838637606247,0.7029370932165283,0.5827750245793051,0.6039875463549924,-0.03346575177561073,JPM
2020-06,-0.7132851352554054,-0.44193950461156856,0.6090009594083463,0.5867736064065803,0.4874621720750406,0.03748910200523081,JPM
2020-07,-0.02854490800841716,-0.4524731086074152,-0.04098384756505653,0.43389374973575057,0.26189193038887076,0.03673469387755102,JPM
2020-08,-0.42667969200241496,-0.43362459471188475,0.03929014826290567,0.2714223100525005,-0.2866925876264352,-0.0391384900416859,JPM
2020-09,-0.06682503217809864,-0.3288659861732139,-0.39047364805711043,0.2724098487766942,-0.41328598607548805,0.02783803326102685,JPM
2020-10,0.8425177701316945,-0.40956126864226394,-0.4913770727090878,0.2332772265467509,0.04149910622688763,0.20236839019814745,JPM
2020-11,0.40529178294090806,-0.4793142448364078,1.0673151446340168,0.3511899167799188,1.4751741303995172,0.07791321306679677,JPM
2020-12,0.47729948352862456,-0.3712871599927017,-0.19150627934896444,0.1641979115798381,0.12468506770510493,0.01990229781074704,JPM
2021-01,0.6858934224386252,-0.3701953562000878,-0.3346043674097342,0.3979385565962902,0.16644639938646283,0.1437821536278161,JPM
2021-02,0.8987259836845363,-0.34008526017812746,-0.5843150913739447,0.24586059934516477,-0.27773469098860243,0.03435440093059339,JPM
2021-03,-0.2596482468451769,-0.13040361053473895,-0.5464318583715366,0.508199210145896,-0.7252255632401206,0.016344279502174208,JPM
2021-04,-0.41762680591636486,0.07844876635525426,-0.44238009071311735,0.43750589357814923,-0.7960529367210019,0.06779285925051637,JPM
2021-05,0.9880184894022181,0.22795559558551187,-0.5807937676404168,0.3729487101608162,-0.15320270725597993,-0.05298791018998261,JPM
2021-06,-1.1951753900656505,0.5639586091389863,-0.21449292525735797,0.64401139204374,-0.5346091709078892,-0.018529325941056496,JPM
2021-07,-0.6231891016202931,0.5991876234139004,0.18977083224103852,0.4145921663422044,0.15271163936062324,0.053812992418611705,JPM
2021-08,0.6315042957568424,0.5247885939051071,-0.13701495709237232,0.23373318161444526,0.10345896598941418,0.02341656086895183,JPM
2021-09,0.8783938508548914,0.8926933901185367,0.13851981159714855,0.2584768506646659,0.7068482154688899,0.044176430048242565,JPM
2021-10,-0.22997929956371496,1.0744603247525732,-0.16040105895897927,0.29074045538720433,-0.6847705300660769,-0.0651442149033068,JPM
2021-11,-0.5952336569811668,0.5720480620842456,-0.7229983730908311,0.027107752338923815,-0.46469111869500823,-0.002965264049703431,JPM
2021-12,-0.5569988703635861,0.22300137624862196,-0.7152979983973826,0.11372411120508798,-0.7513714344452769,-0.055941084832176746,JPM
2022-01,-0.33496806740264884,-0.0610654493640435,0.10603642995037675,0.356037496774704,-0.20662254545974357,-0.04582958295829587,JPM
2022-02,-0.18323913011135837,-0.3657935204031154,-0.3114310135111468,0.20657434856244825,-0.6994640929864505,-0.038597594528732015,JPM
2022-03,-0.7411330971347309,-0.781583281499736,-0.034664569934608515,0.26204192721668906,0.0757231088780418,-0.11790678659035159,JPM
2022-04,-0.3014022005170827,-0.8014805276770977,-0.5687294939874707,0.1974897318297241,-0.7706013792599341,0.1078049684835003,JPM
2022-05,1.1344375382035197,-0.7866564868473988,-0.5567016200017213,0.10250426522320176,0.9568957258455362,-0.148355786126684,JPM
2022-06,-0.7576656481629157,-0.6392259596351826,-0.7209990861522013,0.04099213172984469,-0.7686681572347724,0.03340538416191796,JPM
2022-07,-0.6548966859281165,-0.6283023026327801,-0.4508177417179779,0.10026540243187498,-0.08224301251802209,-0.014071116181783694,JPM
2022-08,0.3362366509758742,-0.6763844608163379,-0.27315639818116977,0.14031044455159272,-0.28136329480473493,-0.08119575699132109,JPM
2022-09,0.2656838388836144,-0.6298646852831445,-0.5716009771979024,0.016812605469290278,-0.5589266587952588,0.2153652392947103,JPM
2022-10,0.8852702599779138,-0.7384121360785598,0.1077189222018767,0.294593616893209,0.2552262586932635,0.09775474956822117,JPM
2022-11,0.24413931706503839,-0.42102360285728513,-0.8760329006709866,0.09387899703756354,-0.609615726691401,-0.029578351164254335,JPM
2022-12,0.31089403283611516,-0.22094355856339468,-0.7087975394658083,0.029228117879515115,-0.7004212421465835,0.05139429312581045,JPM
2023-01,-0.2700617925455292,-0.05152933234457379,-0.7911145052128724,0.08403817762179963,-0.755133855384623,0.02428681572860447,JPM
2023-02,0.7776643328036122,0.10651691080585814,-0.7334086012198229,-0.01179190848840866,-0.561591572998822,-0.09100489273616852,JPM
2023-03,-1.1137389204108814,0.4736129542565551,0.67575477466741,0.5869905084691479,-0.4006762847079737,0.06914541238820804,JPM
2023-04,0.9778540745394084,0.1874667240892414,0.5670913279259757,0.38214994513114403,1.5972947439899197,-0.01827898691038654,JPM
2023-05,-0.2076005059534378,0.5781386830564509,-0.4045130689728609,0.12378427374131444,-0.2359794387864372,0.07171597633136106,JPM
2023-06,0.24144745652198804,-0.0002777647485026774,-0.6274135860949888,-0.022122897812720435,0.11256053795096191,0.09349234393404005,JPM
2023-07,0.8038394767160281,0.23622751754053345,-1.0511734845003753,0.23289806430114532,-0.6385704959373736,-0.07365019523360705,JPM
2023-08,-1.124396206558331,0.6853584738928417,-0.7489987915918558,-0.047975785848456534,-1.0693333058124435,-0.008938953488372037,JPM
2023-09,0.7453001414920061,0.28041519104953183,-0.710996589630789,0.017671278551972234,-0.20386369801590273,-0.034025078829654776,JPM
2023-10,-0.18507378912475192,0.29511776599304834,-0.9399433347836939,0.2154882278090145,-0.7376927042608449,0.12237151749791253,JPM
2023-11,0.3398292332472321,-0.05280102004373721,-1.2777189894233578,-0.10278416706802174,-0.9008281353896558,0.0898207642881299,JPM
2023-12,0.5051815474723773,-0.026552166210471642,-1.2474656766151146,-0.0076695508788515235,-0.8341167302718452,0.031403214795506784,JPM
2024-01,0.19521143286184772,-0.036806262974386605,-0.9846355194162246,0.17645608570821378,-0.6698102590826743,0.06709188278476441,JPM
2024-02,0.31979588609923476,0.10585092246724133,-0.9501209659580278,-0.07129593948714316,-0.42663165396851277,0.0765760685688508,JPM
2024-03,0.52250986869753,0.010517639404884555,-0.676366593830559,-0.0285025805984328,-0.5843339499565827,-0.03718835114183949,JPM
2024-04,0.07147949648950656,0.6086546625246246,0.06950990907740312,0.23510279224039465,-0.23157682045460304,0.05679469045805674,JPM
2024-05,0.31574663298314565,0.4202452327767922,-0.12730797203950583,0.19424962033020912,-0.6167044762735723,-0.001853186451147848,JPM
2024-06,-0.36550106708700614,0.696740586014858,-0.3753406857606848,0.11908035016643655,-0.6234967516409821,0.05796802475502827,JPM
2024-07,0.49831514663008697,0.47947340169168673,-0.529342442463767,0.2014864608266536,-0.5075655982154507,0.056351759773813015,JPM
2024-08,0.570350673370703,0.5630674874969455,-0.3782921783042417,0.13744835378402057,-0.30545657007723565,-0.06197508075680658,JPM
2024-09,-1.4324675891360106,0.9875934257478806,-0.09355290140131313,0.3203741939299711,-0.6170842449775884,0.058887194372017504,JPM
2024-10,1.1387063554213883,0.35582240718098573,-0.19615275324296524,0.17304272666941953,0.2676914648369403,0.12530198847797802,JPM
2024-11,0.7232853785555102,0.5989427161341793,1.1808076357862303,0.3408803944188783,2.1025742570795445,-0.040089178811774984,JPM
2024-12,-0.05411198275990771,0.7595886988087345,-0.4557607997271682,0.19887652136722977,-0.30018301978243933,0.12081720430107512,JPM
2025-01,1.0883134671743953,0.5650385495559864,-1.0231479328209607,0.4069748256689367,-0.9937028472232453,-0.00990061015388155,JPM
2025-02,-0.11778990086442277,0.8060528864839092,-0.20841341311527348,0.16513153023044572,-0.377200361043706,-0.07313670012790208,JPM
2025-03,-0.33401038100017344,0.8222420772183809,-0.21050118503088458,0.42084439586856,-0.1429487252641645,0.003387137241783078,JPM
2025-04,0.4336496534299355,0.6328905085907514,-0.27393228168397843,0.39686960555613,-0.2526442345208919,0.07922483850802253,JPM
2025-05,0.15807844445576558,0.6738894618648447,-0.850599143622043,0.15838820067174242,-0.8257962074466162,0.09816187828236034,JPM
2025-06,0.41986952123402704,0.5981292645042403,-0.7224738114996411,0.2088454611732436,-0.5108269708712113,0.026759969055489163,JPM
2025-07,0.28274494030193364,0.9336512543146657,-0.5930889346607352,0.33958592765075546,-0.6707954748726499,0.017466351587382967,JPM
2025-08,-0.38419228367708275,0.8357122540773595,-0.7016687624622331,0.15340671893310132,-0.9848405389172538,0.04648423036790206,JPM
2025-09,0.1463300134158302,0.6794203706920068,-0.4702276221958685,0.2439122038745976,-0.4141985848327952,-0.008845287873914476,JPM
2025-10,-0.2829724661104351,1.1145598802980776,-0.624788387838157,0.1744209875045168,-0.6251301114428345,0.006295635242576703,JPM
2025-11,0.07717299126514982,0.554260652850318,-0.5300552773546413,0.10162239010342326,-0.8214471153490357,0.029185075300719232,JPM
2025-12,0.23040526105410236,0.325832018374464,0.11614231069732697,0.3742151086992327,-0.13015370495825337,-0.04640596603371561,JPM
2026-01,-0.7467756795061636,0.3822179398615313,-0.37822699222659895,0.39490733642615644,-0.6466988424786612,-0.01826964150757404,JPM
2026-02,-0.21099394765344706,-0.11873566600499359,-0.24819769748056494,0.23517871101678087,-0.05085172288918338,-0.020450513773136336,JPM
2026-03,0.3700694586480927,-0.13724463700230644,-0.6432135656690182,0.2992839631665456,0.08775110846316865,0.07028633909656246,JPM
2026-04,-0.16484693044913296,-0.02844321292198693,-1.0291201795494647,0.12678142805252798,-0.533741146826406,-0.05267694665261946,JPM
2016-01,0.0,0.0,-0.5761502970821497,0.10890248914553118,-0.4588107671899862,-0.0005446623093681158,WMT
2016-02,0.1847535110977027,0.0,-0.9189262806388268,0.24924541679647447,-1.057768294756102,0.040326975476839166,WMT
2016-03,-0.7263732239777851,0.0,-0.8946648537913169,0.08155080912750015,-1.0160669944082372,-0.024096385542168752,WMT
2016-04,-0.616974354118768,0.0,-0.311380799779156,-0.29763615785410585,-0.23998128002454502,0.0665593129361246,WMT
2016-05,0.4840439343455211,0.0,2.224197454988522,0.4915305094788638,2.9878796587129504,0.03170608958228471,WMT
2016-06,0.5876996731950215,0.0,-1.3758439698342897,-0.016743613544246576,-1.0255910416949667,-0.0009756097560975618,WMT
2016-07,-0.7961325850034771,0.0,-0.9552230014082219,-0.19753490717032546,-0.9117392718201159,-0.01416015625,WMT
2016-08,-0.549484011983254,0.0,-0.033479551708557855,0.5614783478977967,-0.0774079054930937,0.009410599306587386,WMT
2016-09,0.20366927239862376,0.0,-0.2594464502174726,-0.01884059366293149,-0.113810629999464,-0.028949950932286583,WMT
2016-10,-0.4086526554547695,0.0,-0.364662838588711,-0.09907050501471536,-0.5667034790225695,0.0060636685194543904,WMT
2016-11,-0.5513329430348171,0.0,-0.5146723571051939,-0.009129033701056473,-0.5719927904760779,-0.011551983927674536,WMT
2016-12,-0.8582789532556026,0.0,-0.4604146864317332,-0.2601609441147505,-0.34103228845339567,-0.03455284552845528,WMT
2017-01,-0.9106717242078994,0.0,-0.3529248228089069,-0.13990536954601127,-0.34577899747445456,0.0626315789473686,WMT
2017-02,0.32052936988957204,-0.5539521674874831,0.1508930839445397,0.20029383994857242,0.23502183944901173,0.024269440316988522,WMT
2017-03,0.22088376892299802,-0.4485392665737992,-0.6898035581230112,-0.18877334767844028,-0.6765830660121745,0.042553191489361764,WMT
2017-04,0.7427411551154369,-0.4334569016300903,-0.8139140661036175,-0.3734361479662943,-0.14932731734833343,0.05241187384044532,WMT
2017-05,0.4716297738961398,-0.35666055767450217,-0.21485350190640007,-0.014360164151643361,0.36725504361969286,-0.03702071397091233,WMT
2017-06,-0.789059411518829,-0.4082658558100509,0.07690804575638911,0.22524101133257748,-0.5165636523542186,0.05675057208237977,WMT
2017-07,0.5307021016424464,-0.6369677835488393,-0.32941779849585867,-0.26899097522403637,-0.28337957134808206,-0.017756604590731917,WMT
2017-08,-0.5041250557848216,-0.4300636602663399,-0.5063360835670072,0.26445777377532675,-0.7871939552482005,0.001322751322751392,WMT
2017-09,-0.5322396174297627,-0.42436695584688167,-0.8015612451126324,-0.12157076766168842,-0.34797224336809246,0.11712901805372078,WMT
2017-10,1.1328620630539263,-0.5720433366471261,0.001381942176185051,0.10348316495636271,0.5021698691135508,0.11351990540007884,WMT
2017-11,1.3147135437724617,-0.20470276342374177,2.228571057477017,0.47074373088849303,3.7929764348164317,0.02123893805309729,WMT
2017-12,0.12611405346335988,0.32727004147887245,-1.1565401272147207,0.11342759864761139,-1.1146996931104014,0.07902946273830147,WMT
2018-01,0.032652739920445636,0.6316741753889622,-0.6080136014026212,-0.15569900341104206,-0.6144753050258169,-0.15547703180212014,WMT
2018-02,-2.0048215075938676,0.8779744457122002,1.227705978113486,0.47882736691658445,-0.9901777801336055,-0.0053252187143401075,WMT
2018-03,0.5253839354647218,0.05543111597909309,-0.783851160179388,0.09168910306528222,-0.7483929418565171,-0.005736137667303964,WMT
2018-04,-0.27994834509141153,0.1573325690012227,-0.9941183934142022,-0.3634365091947927,-1.0884396586416585,-0.06153846153846154,WMT
2018-05,-1.4347903490621037,-0.026542241541893583,0.1690225629955036,0.24027784834106827,-0.46567158023279887,0.038114754098360626,WMT
2018-06,0.586298090582251,-0.5251298771254793,-0.6289364393650217,-0.25199721706370815,0.047848860351926745,0.041452822739834305,WMT
2018-07,0.09306530105510374,-0.22556018417247295,-0.8603821838234144,-0.6682089293126254,-0.7391277047226941,0.08074298711144823,WMT
2018-08,0.6440278974980718,-0.3511395846496685,1.449586866026803,0.15693459094426418,2.6955225086320933,-0.020343739038933717,WMT
2018-09,-0.5137175127544271,-0.06521109431508845,-0.8198356900728354,-0.41499215804354045,-0.6992204019386172,0.0680272108843536,WMT
2018-10,1.333835551848104,-0.07869858005238199,-0.9667677175602218,-0.2436599685311235,-0.62822575541636,-0.026483405967147156,WMT
2018-11,-0.5440522075197822,0.2846136253895046,-0.7618128781763353,-0.0963997460180111,-0.6784047710536879,-0.04063360881542699,WMT
2018-12,0.7843774360149688,-0.29556792533865234,-0.7442342944742429,-0.29553823843939286,-0.10451873280745091,0.02871500358937551,WMT
2019-01,-0.6041860922618829,-0.12790674935323615,-1.123378404522728,-0.37366977039981303,-1.2010834152085141,0.03314724354501042,WMT
2019-02,-0.07827721758660286,-0.3676162069783391,-0.030155418356763577,0.06880950518487733,-0.4880723064924991,-0.009456264775413725,WMT
2019-03,-0.5239124851788175,0.2520894039823955,-1.0521522450652134,-0.4240065982047044,-0.7562497338085923,0.05455165359699965,WMT
2019-04,0.06452652708215373,-0.03843300024795972,-0.7530041929217176,-0.6170679993166127,-0.6238799063696299,-0.008729388942773975,WMT
2019-05,1.072155056186429,0.051900665923834605,-0.801423963138447,-0.2000596739035912,0.011603740335023031,0.08936725375081545,WMT
2019-06,0.13416961194178695,0.8283605671463551,-1.2815891949649714,-0.364181078309111,-0.9086142475715187,-0.0011976047904190823,WMT
2019-07,-0.35916878751909104,0.7813847325070534,-1.2551644501215664,-0.7235727442526317,-1.1193998202617812,0.04046762589928066,WMT
2019-08,1.0089451684278412,0.7388965289551488,-0.19858337986202335,-0.06328677028346738,1.104186429891774,0.03860558916738688,WMT
2019-09,0.33408808762307457,0.7726587801552914,-1.316252046321507,-0.38355013120720666,-0.9649522327760185,-0.01192787794729544,WMT
2019-10,-0.6244191133061151,1.2822199726129535,-1.272742551640812,-0.6000516841591651,-0.6700843040094656,0.015721504772599815,WMT
2019-11,-0.6045523673563477,0.22083444195885213,-0.9772470019019563,-0.19231282220336854,-0.8020064500964257,0.002211166390270858,WMT
2019-12,-0.614672677508668,0.32476198307222864,-1.2309686292466369,-0.5109473537403042,-1.0785863552387458,-0.036679536679536606,WMT
2020-01,-0.40528892319163784,-0.1493853973993947,-1.1137671163438059,-0.4659520361074862,-0.7208904531349786,-0.05954766676209555,WMT
2020-02,0.37552300759378565,-0.09674796506772236,-0.8931958713868571,-0.45278646319391475,-0.6577837845729864,0.05996955859969555,WMT
2020-03,1.6979875349748035,-0.0010726805252564587,-1.1757827313679217,-0.11664322881247666,-0.5432980358290429,0.07007466973004006,WMT
2020-04,-0.6606565556172855,0.870556410309051,-1.1501688370689445,-0.04380159723857659,-0.9253756287911442,0.024959742351046588,WMT
2020-05,-0.3607427317434095,0.43148611269170034,-1.3642288357417711,-0.03576116169354485,-1.1964747707595251,-0.03430217334380714,WMT
2020-06,-0.7244995058015139,0.09000948865800602,-1.516410852561675,-0.2313079156228713,-1.210782981946821,0.0799891540130151,WMT
2020-07,0.40601060619146473,-0.053794508307206335,-0.21147440456725114,0.04701625183384492,0.6917025284554618,0.0775797137835803,WMT
2020-08,-0.07080840354648654,0.007458122449605985,-0.10775907852783809,0.3014967680875798,0.035291822861678604,0.007688723205964587,WMT
2020-09,0.7367193891326871,-0.11724399929844674,-0.20384850923783437,0.319338072197815,1.2160024182051508,-0.008323699421965314,WMT
2020-10,0.28795305098588636,-0.09635997984756942,-1.3566134085951183,-0.25455854315245313,-0.779254893928817,0.10118908836558638,WMT
2020-11,-0.4914165057037754,0.025610715544104597,-1.1626577151326833,-0.21130883955944516,-1.1488526816172173,-0.05293245818335801,WMT
2020-12,-1.5727817113142923,-0.008342036122834828,-1.3467856151229909,-0.05419488872756686,-1.0850600803792438,-0.025486250838363422,WMT
2021-01,-0.16375131408544677,-0.083733748398157,-1.1714053508129216,-0.2347281089299602,-1.060733066060013,-0.0752466161963753,WMT
2021-02,-1.2835804979486871,-0.0017456690520736636,0.023049960307379092,0.05029379003633945,-1.3587973169531815,0.04986355742991799,WMT
2021-03,0.0003569722513116478,-0.2877839665949907,-0.9771641985680214,-0.09326109252335406,-0.6105836439523656,0.030009451795841358,WMT
2021-04,-0.14889325961903038,-0.7025351377913125,-1.0831967640853226,-0.23347872098874775,-0.21580480807448593,0.01904106446432663,WMT
2021-05,-0.042971743968005814,-0.7768242734479053,-0.7884612359341004,-0.07620452033552333,-0.44820856826425076,-0.006978838361098694,WMT
2021-06,-0.4274600476664181,-0.8228378995739265,-0.563096826163376,-0.20487375832795393,-0.0558851192812887,0.010881886193607082,WMT
2021-07,-0.07537952288359685,-0.8559553915006078,-1.7328632347567665,-0.37833653931197125,-1.5388630776388936,0.04283471630410407,WMT
2021-08,0.40275879864911457,-1.1357164545574259,-0.6267442721995067,0.09563554707631709,-0.36690129413000316,-0.05892473118279573,WMT
2021-09,-0.4989160593730572,-1.024078980029406,-1.6871273367664614,-0.24476551278416495,-1.3860730447399259,0.07198354661791595,WMT
2021-10,0.08403946403841418,-1.175859124515971,-1.0180071066163625,-0.34939941549874265,-0.6785654314396291,-0.058836069068428865,WMT
2021-11,-0.5339558421429003,-1.0623332357837352,-0.9443631201338509,-0.17246519570198707,-0.7436899303361595,0.0328425821064553,WMT
2021-12,-0.0600903552472739,-1.248149294862312,-0.500794142618878,0.0010539664024274127,-0.8596703903025945,-0.03377192982456134,WMT
2022-01,-0.11862025590362156,-1.0324208932322303,-0.9384839183104492,-0.5063383687132322,-1.056370868220067,-0.033136631865637756,WMT
2022-02,0.0036871843944110702,-0.9797122985816488,-0.8978144414954703,-0.3916873222318342,-0.04420912383508946,0.10610328638497646,WMT
2022-03,1.2373527817305168,-0.499166058097028,-1.1534810296450768,-0.38511893266382585,-0.9154176646192902,0.02737691001697784,WMT
2022-04,1.150119080022924,-0.1276009148553977,-0.8680098937474683,-0.32135764337940675,-0.5521311453612429,-0.1561660813881428,WMT
2022-05,-2.2844411638739,0.3489627221372265,0.5089986623273894,0.09023954398444019,-0.8684535069513718,-0.05483476132190945,WMT
2022-06,0.5047177499684821,-0.31946760721287354,-1.0746817321343982,-0.33492434865771975,-0.6255981006296762,0.08598808598808594,WMT
2022-07,-0.03901840793540253,-0.10517685915745899,0.12258803859213022,-0.1622693169408008,-0.4076607990146378,0.00810875268304323,WMT
2022-08,0.7213253109261389,-0.08369437514397915,-0.07160134393440595,0.10086106217687674,1.0782606751754682,-0.02152827064111673,WMT
2022-09,1.1574238599697804,-0.02425895153565401,-1.0610179616074642,-0.37032388217119655,-0.3700205179723403,0.09743713733075432,WMT
2022-10,-0.10719726650473414,0.3581429774549731,-1.2452047552944046,-0.5398931933952664,-1.2290035045881929,0.07094073584489968,WMT
2022-11,-0.09372127383263357,0.23860543822589428,-0.5016275425784862,-0.1853790405848305,0.15023989030579346,-0.0664472330796132,WMT
2022-12,-0.2055636916023597,0.38216916683440993,-0.8624109734716976,-0.31167318678327083,-0.5195772420935754,0.014764213309828023,WMT
2023-01,-0.6105212820606865,0.32763437885955393,-0.8997624088726027,-0.5651317262950718,-0.7816606667399373,-0.011943539630835942,WMT
2023-02,0.2143001183329759,0.4372188144870876,-0.6104315731055875,-0.27346306159086997,-0.555471160847512,0.041538461538461524,WMT
2023-03,0.13558042671048917,0.596338020690397,-1.1720921025575513,-0.2738778942302214,-0.9180007597456209,0.023844692973201242,WMT
2023-04,0.18638007306478643,0.2966391061336051,-1.3425397863782425,-0.3854257651081507,-0.800179094992583,-0.023495465787304215,WMT
2023-05,-0.25440026540524524,-0.315379067873221,-1.1281188419652102,-0.2964070212102311,-0.743429783254302,0.07007176023638673,WMT
2023-06,0.21314491233241303,0.3637632063249402,-1.2927377869235572,-0.34663042547688444,-0.9311843737456497,0.017159763313609355,WMT
2023-07,-0.48677502872138123,0.17833953680879108,-1.3112432486643337,-0.6124207386270353,-0.888149978209822,0.020748497188287862,WMT
2023-08,0.8253165104469393,0.11772496194194118,-0.8798108876806517,-0.20866858464692564,-0.7420802378665661,-0.01652735562310026,WMT
2023-09,0.5752161063123521,0.06869380204888288,-1.0922112358681053,-0.27914230573257776,-0.6590715354810015,0.021827313115704072,WMT
2023-10,0.7857820847406223,-0.11846813019570253,-1.415143566794283,-0.38343048555258447,-0.7848253709798365,-0.047258979206049156,WMT
2023-11,-1.9305534893833667,0.010055617636782654,1.0631270548883043,0.08513926711972993,-1.1228702115089233,0.01646825396825391,WMT
2023-12,-0.6015710297164896,-0.34708437121102326,-0.8880330790823158,-0.05673360041746891,-0.8503680682417574,0.04821393714620359,WMT
2024-01,0.40227498857298344,-0.39508110999694385,-1.1482043199170853,-0.43316985642143074,-0.9687088493708551,0.06405959031657349,WMT
2024-02,0.2772834526929582,-0.16242767891973284,-0.42815293386866227,0.03459265351543897,-0.12085220786352772,0.029926496324816254,WMT
2024-03,-0.14724466577735315,-0.1541631942422108,-1.0740933370439003,-0.430044232757783,-0.8789859928154281,-0.0135938827527613,WMT
2024-04,0.41864091378824625,-0.2313292817873055,-0.9458016317004663,-0.5698486549897284,-0.6922673204174544,0.1119724375538329,WMT
2024-05,1.118646740114018,-0.1688721167458058,0.1844862133160684,-0.2103305022306912,2.062398378301877,0.02958946553059638,WMT
2024-06,0.09817358475652842,0.20040530878316173,-0.5477887194166868,-0.41120059327465286,-0.5907283282734352,0.013692446584411933,WMT
2024-07,-0.10670743474763608,0.15344962254614639,-1.058624158021263,-0.48455886649278596,-0.46434903193406923,0.12839542823215067,WMT
2024-08,1.6081204372076485,0.30863877036319187,-0.26560249267927055,-0.07842812448299177,0.8577076546161858,0.04564588266245728,WMT
2024-09,0.3070748365266282,0.5725771652290204,-0.6512014903774684,-0.09570043419207185,-0.6748112270549088,0.014844634545225999,WMT
2024-10,0.35665727268891756,0.47785229814943164,-0.8505979367587042,-0.3940474319724209,-0.6653557174789323,0.1287963307301352,WMT
2024-11,0.7674628201295014,0.3295572310046656,-0.9672807528601535,-0.10226911819311683,-0.6320830833489816,-0.021084998901823027,WMT
2024-12,0.15592142687444863,1.2077853188150205,-0.43867125658691775,0.019331929730282204,-0.12135864038714492,0.08638097374915876,WMT
2025-01,0.579896893761776,1.3848761910049487,-0.9787114551338807,-0.22818184626798763,-0.6593821578214666,0.004646840148698983,WMT
2025-02,0.06058166532684889,1.4602872113667549,0.6677511203073743,0.10299559713693894,0.5245853110638018,-0.10730804810360783,WMT
2025-03,-0.8671890599285038,1.6561047747347195,-0.17303044848027768,0.1082092750101958,-0.19380011106284617,0.1077720207253885,WMT
2025-04,1.79246073478095,1.5437276145190557,-0.6392310246865966,0.029971677775699992,0.029048605190123724,0.01756574160690172,WMT
2025-05,-0.5061045715521519,1.928178007460875,-1.103467763567557,0.05789213227155549,-1.2236685795030906,-0.00949948927477029,WMT
2025-06,-0.8590409905714257,1.2016804976415154,-0.6985310957746032,-0.13229376354898445,-0.6002571985782573,0.001959368876972345,WMT
2025-07,-0.04088985441431025,0.9081487438650447,-0.9595187495179758,-0.38465523469685203,-0.886877460872578,-0.00782214903252354,WMT
2025-08,-0.7864085352633631,0.898773558725187,0.17010947641130691,0.0681940111136395,0.41528655920045277,0.06265560165975104,WMT
2025-09,0.3033316341991166,0.28727851261198223,-0.4999786370306598,-0.2326130336809627,-0.31174899408299556,-0.018156969933619704,WMT
2025-10,-0.3667194073710939,0.29785064111841586,-0.49344862097336384,-0.24629206445098106,0.10580854646080032,0.09216544044541664,WMT
2025-11,1.3303358000533327,0.022689611209103656,0.053282144170993105,-0.007252489069674215,1.3733168297237401,0.010195721438325034,WMT
2025-12,-0.07838269555439645,0.11806417102837163,-0.6010538623787234,0.11321681176654576,-0.6983508046751885,0.06938812291610352,WMT
2026-01,0.2806537696816916,0.05468214785120764,-0.9282000432962442,0.740925777401149,-0.4978723505143363,0.07390241847139123,WMT
2026-02,0.8937973005155158,-0.011283069196611343,0.1022599893829879,0.330157426988682,0.03052685737753186,-0.026679221594475777,WMT
2026-03,0.27170009843445525,0.15454787083055715,-0.7704024187478182,0.08073276575896855,-1.155106429473703,0.06159303450499842,WMT
2026-04,-0.20555170751619334,0.3981706273080957,-0.558838766777039,-0.04498832444877627,-0.45250585683009725,-0.09705346294046169,WMT
2016-01,0.0,0.0,-1.4603840788703741,-0.3633048863281029,-1.054636614931107,0.005141388174807249,KO
2016-02,0.3044030202947636,0.0,-1.2890541326087397,-0.267810808110079,-1.07083499704176,0.08375959079283879,KO
2016-03,0.05207825602617575,0.0,-1.0110281108292356,0.08426655414609217,-1.0550919056059251,-0.03421828908554558,KO
2016-04,-0.768805335636976,0.0,-0.11830009048942743,0.05270075433895376,-0.24245668274431423,-0.004581551618814905,KO
2016-05,-0.4967625925641998,0.0,-1.0112475775925551,-0.32263419813733885,-0.839040130767395,0.02454740718011661,KO
2016-06,0.46381672845465055,0.0,-0.90414306874864,-0.41375671355927107,-0.6117975148400404,-0.037735849056603765,KO
2016-07,-1.368926845277132,0.0,-0.3719364989467774,-0.3388833119823866,-0.9516120706585992,-0.004357298474945703,KO
2016-08,-0.3654042716308062,0.0,-0.8499097277515523,-0.34368547141883504,-0.750302396307758,-0.017818068146295607,KO
2016-09,-0.3799655047657975,0.0,-0.41595519690821586,-0.4952200486545081,-0.24471197583880414,0.0019096117122852085,KO
2016-10,0.12748442980360805,0.0,-1.031635355143168,-0.40242285127805616,-0.6462337054291482,-0.04002541296060991,KO
2016-11,-1.0506630852306973,0.0,-0.5334640514989261,-0.39068695151008537,-0.5807815926050242,0.027465254798146876,KO
2016-12,-0.10603763312580151,0.0,-0.5804989484035556,-0.43046698651606485,-0.22211864419126717,0.0025764895330111504,KO
2017-01,-0.31751705883840337,0.0,-1.063644953456504,-0.6787791322191592,-1.1326614064191713,0.009315772566655944,KO
2017-02,-0.5393834618544356,-0.6117251887314439,-0.3005306526345608,-0.07696945841921496,-0.2926972322135274,0.02068746021642265,KO
2017-03,0.14711862616016574,-0.5695735582472079,-1.0112662757036666,-0.3008996438128929,-0.8961026909609033,0.016526348612410313,KO
2017-04,0.15545686870582678,-0.6555189890300951,-1.0831525525970565,-0.4807873413897844,-0.8318040679183875,0.053987730061349604,KO
2017-05,0.4933834360029469,-0.7021758718280453,-0.748261933901956,-0.5620040557553778,-0.34012303924406934,-0.00552968568102441,KO
2017-06,-0.23257101874685562,-0.6407851820544522,-1.0117775011634809,-0.7108293891634575,-0.8952125332203611,0.022241732513901047,KO
2017-07,-0.06420546341031279,-0.7457597713258151,-1.1416189418419955,-0.7391701871836933,-0.7171428771308654,-0.006584597766962408,KO
2017-08,-0.2487281386541446,-0.5432383503718976,-1.3778798537863033,-0.6674115403122934,-0.8715681379166131,-0.004034582132564912,KO
2017-09,-0.6253983580584367,-0.541069703839816,-0.9885915659544248,-0.8082240384070939,-1.1845060678204529,0.02170138888888884,KO
2017-10,-0.16085432117179718,-0.6159407379335626,-1.1580864611626664,-1.0168475215527124,-0.8218777039644637,0.00368167657887275,KO
2017-11,-0.5680191075326694,-0.648263358590552,-0.666076620922421,-0.7242989737302508,-0.6785165855585308,0.0022573363431153126,KO
2017-12,-0.35014366345771325,-0.5246006946772588,-0.9912968722419233,-0.8505738137423094,-0.9447888581937717,0.037443693693693714,KO
2018-01,-0.4560167065591698,-0.5976193655112924,-1.0025428448667661,-0.8636603795220614,-0.8264791091067959,-0.0919945725915875,KO
2018-02,-0.9514187999560316,-0.6201344986381344,-1.5741347907305139,-0.7678194556235146,-0.9822535835609703,0.013747758517633102,KO
2018-03,0.8638849775339033,-0.6252227548541655,-1.8266769830450953,-0.805991392474724,-1.3875849994754834,-0.005011792452830233,KO
2018-04,-0.26685450748022915,-0.5157700389956398,-1.1731425935160393,-0.8236300980285667,-0.8218737122668702,-0.004740740740740601,KO
2018-05,-0.6018874380378202,-0.5889354919803623,-1.1149127768640803,-0.8513567594247629,-0.6448704850143512,0.028877642155403338,KO
2018-06,0.4285416423786102,-0.8447654294526992,-0.9817157656431927,-0.8399050829246236,-0.86327784377982,0.06336805555555558,KO
2018-07,0.4489637643182848,-0.6854374421259253,-1.0035050673016377,-0.9214566351244887,-0.6614935088427282,-0.044353741496598764,KO
2018-08,-1.1446859783925265,-0.7052558053822097,-0.9135239407037765,-0.7232229093712155,-0.7774270415758656,0.04527334851936238,KO
2018-09,0.5793442279606051,-0.8766862810023547,-0.7769534474206936,-0.9365609772318297,-0.6038180364688412,0.03677472078452748,KO
2018-10,1.0271702711896478,-0.5847648817781945,-1.1613694156537506,-0.8115186900700581,-0.6573341914831848,0.06095638465580655,KO
2018-11,0.49488091098526826,-0.16773478049582527,-1.0308538824029565,-0.6709083105916017,-0.5077830674752047,-0.060425953442298286,KO
2018-12,0.3972812613662701,0.17766292892146515,-1.609807102395813,-0.6303785896104561,-1.7047584947415626,0.016341591987348636,KO
2019-01,-0.7375908780520706,0.3209612361289741,-0.929807065097194,-0.6712642647848088,-0.9992227111673404,-0.05783195020746901,KO
2019-02,-2.120026297578949,0.24582622099482804,2.0296819795298258,0.0425698660161612,-1.008539650758873,0.042389210019267765,KO
2019-03,0.48923954458494495,0.06880715488234176,-0.7981838858351225,-0.3307797188508716,0.12953481750504223,0.04673884341167156,KO
2019-04,-0.021951527014122868,-0.05792059263909041,-0.9611075378121794,-0.7442738129197065,-0.4828720954488078,0.0015136226034309086,KO
2019-05,1.2232468120912292,-0.002253754297356391,-0.8206814985775776,-0.6481454033126183,-0.14444719531317307,0.04458438287153643,KO
2019-06,-0.7423129880811665,0.5339427269000075,-0.9802343590458302,-0.5603791973498485,-0.9406758661331848,0.033518205931998946,KO
2019-07,0.31148061323343734,0.30715757795694804,0.41156621379778807,-0.4883588713195448,1.7881048416016052,0.045730284647690134,KO
2019-08,1.0884526291135448,0.2993248523661667,-1.385425636416649,-0.48455344603437006,-0.7066101884420106,-0.0035698348951361814,KO
2019-09,-0.4602197217874498,1.0257046344264824,-1.3281867050755904,-0.6198249131554474,-1.3246094661382077,-0.00022391401701737923,KO
2019-10,-0.4563489014212123,0.900385450701484,-0.7725105693702344,-0.5524240429292941,-0.575720704842355,-0.01142217245240762,KO
2019-11,-1.135963880694397,0.11007364050073741,-0.8588136837719552,-0.5564203649328442,-0.9165932547643534,0.03647485274127771,KO
2019-12,0.01548103496555702,-0.48693063178934803,-1.1940457269100893,-0.5456302266067132,-0.9002635774108101,0.05508196721311487,KO
2020-01,0.5310042746201404,-0.5375261732702303,-0.8250323558420882,-0.4810611675689275,0.1178456224895961,-0.08411021338305369,KO
2020-02,-0.05092056372235913,0.028193365292398454,-0.7974617316594687,-0.6299829845948961,-0.8589009592935513,-0.16557339968332951,KO
2020-03,-0.243462438427911,0.39163949584530744,-1.1140199404258744,-0.3641192431245686,-1.7432892884632782,0.037137435619408965,KO
2020-04,-1.0238763861533178,0.09205934159190626,-0.5432513624623556,-0.49965481013662966,-0.6070948701688837,0.01725039205436496,KO
2020-05,-0.4962683310088732,-0.1748137458457295,-0.6306411589538281,-0.4430730824195958,-0.5181210860589154,-0.03417266187050361,KO
2020-06,-0.7227630732335087,-0.38422322666520675,-0.5229747617156693,-0.5223316784201849,-0.8284383942889174,0.0574620909816439,KO
2020-07,0.17567537137298342,-0.388255957958492,-0.6813074955016375,-0.38752596922036014,-0.580551529108454,0.04830188679245295,KO
2020-08,-0.3258979600822208,-0.3470119322510443,-0.542967219039676,-0.5866942141296789,-0.28348118863069877,0.005039596832253412,KO
2020-09,0.6912609778519412,-0.3391428003579248,-0.4611055699707458,-0.4646906713876352,0.21788775833966806,-0.026743075453677267,KO
2020-10,0.0054794155156580905,-0.32874608307069675,-1.165492864544114,-0.5695459263127911,-1.0771441274439009,0.08218842001962723,KO
2020-11,-0.6598111920380028,-0.35064918565012076,-0.6206914358354431,-0.45009050922659466,-0.17272633321423492,0.06279755157560651,KO
2020-12,0.24046831384127634,-0.30202570354293434,-0.83229375057005,-0.56162305284424,-0.691755094234499,-0.1220136518771332,KO
2021-01,-1.9706828125339282,-0.2908147064889231,-0.7104526896087515,-0.28185174608969166,-0.8139352535632107,0.01724975704567533,KO
2021-02,-0.361987252386851,-0.5596121395664455,-1.127444447396767,-0.6036527807448878,-1.2969892785935162,0.08502507762120848,KO
2021-03,0.5898267323572345,-0.7913476098152686,-0.994017367338676,-0.5353278899832556,-0.845987565578788,0.023992956196346116,KO
2021-04,-0.26721113838327787,-0.6791652066870844,-1.5349354153536219,-0.7050111010995542,-1.255660387101186,0.024290627687016286,KO
2021-05,0.06804464908560377,-0.6822082621040397,-1.626269413542509,-0.5617612868799551,-1.310505602130042,-0.01385099685204605,KO
2021-06,-0.5421300746672089,-0.6764098995939528,-0.9715853057339547,-0.6454659971270318,-0.8114005559621654,0.053841242817620705,KO
2021-07,0.7247761098475054,-0.702192095976672,-1.1830910113004989,-0.5885174366887712,-0.5195057251425714,-0.012520193861066287,KO
2021-08,-0.7506268796681411,-0.7126373496953393,-1.0736826073186998,-0.7527481091729499,-1.1519814318948607,-0.06134969325153372,KO
2021-09,-0.5394780205225218,-0.7147734862723124,-1.075767865627008,-0.5098208975999492,-0.7923455100893759,0.07450980392156858,KO
2021-10,0.11256785147643494,-0.918715253892294,-1.5174016238921066,-0.5113892260023785,-0.778720737725983,-0.062449310624493104,KO
2021-11,-0.569055149107911,-0.7839478994740637,-0.7610758817130985,-0.7053804536900573,-0.7844421265734348,0.12889273356401376,KO
2021-12,1.2728057348813784,-0.8740900748528764,-0.8876826093621865,-0.3737290786731336,-0.5348750181637852,0.030268199233716375,KO
2022-01,0.5063445551193646,-0.6785311911545436,-1.3903333431053175,-0.5276937262059241,-0.9303153524695932,0.02026775753068044,KO
2022-02,0.790161946284809,0.07764371409757054,-0.7200803284334959,-0.373478031201865,-0.1069091940512886,0.003827227993439042,KO
2022-03,-0.161061215447051,0.5198784635735828,-1.0446181272297985,-0.48380441260017487,-1.2800558758140597,0.04212055192447339,KO
2022-04,1.2974219810444527,0.21190047365107462,-1.1312902052646998,-0.45620506645771197,-1.0428977223366278,-0.019163763066202155,KO
2022-05,-0.5100257176578379,0.7938147100789215,-0.5464497816121962,-0.18661706791270424,-0.7404355293595443,-0.00017761989342801598,KO
2022-06,1.2425012384692649,0.5714339080603826,-1.3947682331389126,-0.3612704827758532,-1.1776714564616733,0.019896962160241616,KO
2022-07,-0.8131149476731048,1.1653742969074832,-1.2975445004036346,-0.3710396309437173,-1.016661426466993,-0.03832085002612773,KO
2022-08,-0.08478917055537027,0.7348047581364343,-1.4599231562367374,-0.6431612388584921,-1.432485641720301,-0.08549175873935877,KO
2022-09,0.20147941326231944,0.7258773750903806,-1.2117502297654978,-0.4161980723995832,-0.9378428349445652,0.06833036244800939,KO
2022-10,-0.3521560879448895,0.9466796024395234,-1.1193594453233617,-0.43687715377205505,-1.0773723902828434,0.07044864664441985,KO
2022-11,-0.09992167149648183,0.6476912274474474,-1.120811423453329,-0.5610070856013673,-0.7740815637898597,0.0,KO
2022-12,0.7252263136468666,0.8197873649101932,-1.1167650483597156,-0.5641641506107835,-0.6624902614695083,-0.036023553862140734,KO
2023-01,-1.0825698654066245,0.673477792203315,-1.0555425077271687,-0.5921045333754021,-1.0263454247265362,-0.029644268774703497,KO
2023-02,-0.060937517918750406,0.39053700297529953,-0.8866908082289543,-0.42956373026666383,-0.5337394319598818,0.05036104425106469,KO
2023-03,0.21873980753916217,0.16337740269472675,-1.2057297793341124,-0.5262372347438026,-0.9288779952531908,0.03419707385862858,KO
2023-04,0.3672522629546506,0.4409926549361763,-1.7238689728807506,-0.5556566336618972,-1.0840207258811392,-0.07005283790693706,KO
2023-05,-0.672090793310644,-0.22418472580221205,-1.188114155654244,-0.45285573116771316,-0.9549181631739386,0.017045454545454586,KO
2023-06,-0.6996179322929114,-0.33576731418158323,-1.2948108101434388,-0.4238169401185395,-0.8905220888588059,0.028473598846638914,KO
2023-07,-0.2954831827969044,-0.7025278415187516,-1.220195240306483,-0.5660995642110118,-0.9194498836297913,-0.03399334151042577,KO
2023-08,-0.3053226575843539,-0.6164287007652072,-1.2673680690378368,-0.7162918844725362,-1.0841444034328747,-0.05695628514420459,KO
2023-09,-0.3309450787247314,-0.5717805711466217,-1.062805802324994,-0.32758113279954104,-0.8518923512292612,0.009040200038468837,KO
2023-10,0.5635097091374469,-0.6297616273978244,-0.23733250910690304,-0.29299312192825944,-0.19726896142529815,0.04288982081585968,KO
2023-11,-0.7239763584278651,-0.42467071645327487,-1.5613277892398532,-0.5252798515550224,-1.2269661076624705,0.008407969292633988,KO
2023-12,-0.7231856929191075,-0.5738051675152173,-1.143527415186098,-0.5161955352440373,-1.3098513375304297,0.00942541236179073,KO
2024-01,-0.0754968581744068,-0.7455860871039263,-1.2779157952205626,-0.6344935535047671,-0.9446962168112873,0.00897827258035555,KO
2024-02,-0.49495104538234036,-0.5479832482370379,-0.6923997545851258,-0.542134399369472,-0.3299847183892839,0.027407011923829883,KO
2024-03,-0.18341726117162588,-0.6029386885208171,-1.177208062633563,-0.6296894073100464,-0.889698969381424,0.009700329118309314,KO
2024-04,0.7613844532765688,-0.7865796354176525,-0.9041702931700313,-0.6129017964120045,-0.382611268921606,0.018699605421170107,KO
2024-05,-0.23858096223716302,-0.6946483288934854,-1.1779210709168082,-0.7663185627240556,-0.8850694605325434,0.019366790165038728,KO
2024-06,-0.05257691312725344,-0.5986047329727121,-0.8753777390313,-0.7527210238379114,-0.4850988301268158,0.048570956550470834,KO
2024-07,0.3699048875794885,-0.4619250732091479,-1.0584547332963505,-0.6966863729716548,-0.8057672995194337,0.08586733890026799,KO
2024-08,0.9955146917366637,-0.35326534777730123,-0.9608556555931957,-0.3727749957248222,-0.5454627637314658,-0.0017411491584445882,KO
2024-09,-0.4588702884724037,-0.043451795718541734,-0.9930790544434459,-0.3855315929039299,-0.8670753548828561,-0.09113372093023253,KO
2024-10,-1.5251651285299417,-0.09904328771561309,-1.02643912385019,-0.5194059773933959,-0.8590318767574251,-0.0113545498160883,KO
2024-11,-1.004403496929735,-0.4934543630165248,-1.2386861413758277,-0.48173142250567547,-1.1981172086992824,-0.028469750889679735,KO
2024-12,0.07430545361682878,-0.5920793991156766,-0.7126590448364443,-0.3717466628080836,-0.327088638484284,0.019647019647019537,KO
2025-01,-0.4053633316201374,-0.41276391327159234,-0.6447377170794965,-0.5953120413678386,-0.49391828531178633,0.1216525146962768,KO
2025-02,1.4952306923536336,-0.49605187046721266,-0.4398898049064777,-0.414650809909774,0.7261623995534013,0.013247925462221533,KO
2025-03,1.013856861012227,0.040011564233288326,-1.0002253391614828,-0.38266482898432375,-0.7411985710177919,0.012931034482758674,KO
2025-04,0.5578855858516046,0.4412959604091472,-1.5430966375308675,-0.4615818695838245,-1.2925092144877126,-0.006241134751773014,KO
2025-05,-0.7625488553046237,0.33223801392662416,-0.8113796582451208,-0.5060267756503377,-0.4340767669731337,-0.011704253497002659,KO
2025-06,-0.8852314078385042,0.09449782303245623,-0.889957720491673,-0.5075775322427514,-0.7995926705347702,-0.0404390525707683,KO
2025-07,-0.5941669655633577,-0.15517318431256155,-0.8818088992475203,-0.5126260417758912,-0.6457825894024454,0.01625526791089693,KO
2025-08,-0.40345469642487913,-0.426401312935675,-0.9827950993334494,-0.6519982570957613,-1.126069835925929,-0.03139810426540268,KO
2025-09,-0.6097996027521165,-0.8119344137103777,-0.8153526567642887,-0.4711305302937074,-0.506438234225658,0.03899082568807333,KO
2025-10,0.1472535840196329,-0.8490904398494239,-0.6839235037987025,-0.6157557529841091,-0.14687249228251273,0.06122148638704927,KO
2025-11,0.8787473483129804,-0.4377939692338317,-1.0088308127341126,-0.5639202489949038,-0.5098529214651862,-0.03716544168631253,KO
2025-12,-0.8485277405008989,0.005904216080578974,-1.0099948959733083,-0.5818252855573047,-0.7142660866249639,0.07014258965864895,KO
2026-01,0.2873480781455712,-0.17320935302678583,-0.8763050873086884,-0.6560724268690591,-0.6132127167683564,0.09017496635262456,KO
2026-02,1.0888430496145347,-0.033985545828028214,-1.2796299344184936,-0.47979205088071236,-0.7784088941661761,-0.061111111111111116,KO
2026-03,-0.2720792920667529,-0.09646322853321039,-1.1957651435824599,-0.6087783728969073,-1.225039805578629,0.03563445101906648,KO
2026-04,-0.3270979322736802,-0.30212030753173336,-0.9110754975383586,-0.6990858685313476,-0.46289561001916607,0.020949720670391025,KO
2016-01,0.0,0.0,-0.7310012303852482,0.2696702413811731,0.11164169251759845,0.014688976880827598,JNJ
2016-02,0.5053094853129706,0.0,-1.1888696444600726,0.34863450496326803,-1.0562946219712523,0.028449144008056537,JNJ
2016-03,-0.9392619809370124,0.0,-1.0171466932977167,0.3734387977141832,-0.8820585839303589,0.035862913096695204,JNJ
2016-04,0.2824295104279327,0.0,-0.6495973366255797,0.36360729245143014,-0.3061079150227656,0.012525109299302839,JNJ
2016-05,-0.2609160817425042,0.0,-1.415242578677254,0.35684271186577327,-0.9519705414400532,0.07643832419185426,JNJ
2016-06,1.361803151591029,0.0,-1.0373123783635163,0.4475499057575228,-0.8201764304205722,0.03241543798785784,JNJ
2016-07,-0.27583672033542944,0.0,-0.9524255811126388,0.39937207732656393,-0.555695153166262,-0.0406384542686129,JNJ
2016-08,-1.0466980220288091,0.0,-0.6635166635666491,0.5248770536376075,-0.6592265747624485,-0.010179509632224137,JNJ
2016-09,-0.21623628797867686,0.0,-1.1677190031835634,0.12005819283174915,-0.9377182533638868,-0.018024991706292237,JNJ
2016-10,-0.21884841670216593,0.0,-0.4289629006931074,0.2524910380898506,-0.6574471767253367,-0.0338963963963963,JNJ
2016-11,-0.9842611823450116,0.0,-0.6345906981968218,0.29042628177304386,-0.3465576562347248,0.035202238023079646,JNJ
2016-12,0.04312921376061983,0.0,-0.6759432316025282,0.08307035194986644,-0.06822458748428574,-0.017002589798446155,JNJ
2017-01,-0.6302999899053812,0.0,-0.758443025426218,0.1484214158537491,-0.8869151035856802,0.08625429553264596,JNJ
2017-02,0.7015322748682452,-0.4197504855199558,-0.6288089651423419,0.17547199911766737,-0.31956947276785846,0.019086786881788553,JNJ
2017-03,0.11415532269924207,-0.330459091783758,-0.6660872000189142,0.3811243454188919,-0.5087398371689268,-0.008588576158940375,JNJ
2017-04,-0.4112503858892171,-0.2723773319081911,-0.3362841083423506,-0.013710245184828392,-0.8371490741447106,0.04561110531259782,JNJ
2017-05,0.37774962248454214,-0.41049050674752763,-0.5012980620897952,-0.15993037593112186,0.16354174128551727,0.03144340187662209,JNJ
2017-06,0.42079265935758425,-0.33614268243384055,-1.0058224333337362,0.10467798867776447,-0.7536613069584237,0.003290428723507155,JNJ
2017-07,-0.390912305294865,-0.4977533083133046,-0.6062396175738888,-0.0421228669380697,-0.438801522820105,0.003761936915211761,JNJ
2017-08,-0.012201872380228795,-0.5390771961037246,-0.8532146594581164,-0.07187657649855596,-0.7648697198642511,-0.017874303286565474,JNJ
2017-09,-0.866057447904579,-0.37697150160077275,-0.5373885371639785,-0.0077662299203409765,-0.44548807813216523,0.07230919765166344,JNJ
2017-10,0.5252378718247797,-0.5237635746115328,-0.32489861164959266,-0.01883289430688304,0.11535443574939812,0.005566201295738704,JNJ
2017-11,-0.5357165453490549,-0.33707958287909,-1.1523480500723882,-0.3296514933059535,-0.7324040697721046,0.002813067150635229,JNJ
2017-12,-0.3362001043389401,-0.13769274357521258,-1.1559850583921678,-0.05516383129273817,-1.1918430062449252,-0.010949235363315601,JNJ
2018-01,-1.0246762840807353,-0.21439133241491196,-0.013956627449382149,0.17436720316686558,-0.7524500601576312,-0.05416285452881975,JNJ
2018-02,-0.3236543003208512,-0.3952281125071819,-0.7165170922357483,0.027023980443839545,-0.6069358332815719,-0.013252079705939113,JNJ
2018-03,0.38470056582824425,-0.5528122385229879,-0.6109702966926366,-0.19094184389734672,-0.8027538737258735,-0.013037937457112014,JNJ
2018-04,-0.4119414594334122,-0.5226672204465824,-0.7852071363198617,-0.1590341080361502,-0.3403766450279672,-0.04727850615812479,JNJ
2018-05,-1.2256770575330629,-0.5376800781586486,-0.6868558617824704,-0.17151166340909788,-0.8366652056006013,0.014386989157631369,JNJ
2018-06,0.18106234763834544,-0.9105200060697235,-1.0593196720363194,-0.27523409231314067,-0.796120225363266,0.09218910585817053,JNJ
2018-07,0.9170111539391332,-0.9024467964241539,-0.2650797719989532,-0.04334257804713356,0.2805602537741957,0.023148583795991495,JNJ
2018-08,-0.17949410447832573,-0.811138498048953,-0.604023378161297,-0.16678377416735932,-0.43096546678005326,0.025843833348661915,JNJ
2018-09,0.255683723296072,-0.7681116478881934,-0.6396278256116288,-0.13036058555712218,-0.5356512011107514,0.013179128563743925,JNJ
2018-10,0.7956383552502734,-0.4966830188401973,-1.1452029965804935,-0.24458790361079252,-0.7327459062371566,0.056101229979647727,JNJ
2018-11,0.43719343309231545,-0.38335801912318834,-0.9855851673812476,-0.03307490925331217,-0.8189843237719354,-0.12149141181399248,JNJ
2018-12,-0.7970292553756172,-0.06169909381436264,0.3477355411802982,0.6681630799206634,-1.1979503268366498,0.03118741058655239,JNJ
2019-01,-0.5775296666572814,-0.20196146991229116,-0.8398154650699178,0.0010180235259860467,-0.8842810555019706,0.033481317055123805,JNJ
2019-02,-0.07077996185383009,-0.03321451729115354,-1.0120743406958617,-0.09373907322989737,-1.0559084016303932,0.023089314480043033,JNJ
2019-03,0.11208554190234209,0.046604306033779914,-1.0684674279801023,-0.14075410652247705,-0.6644019763911083,0.01005948215535346,JNJ
2019-04,-0.427946260240519,-0.04195459521752003,-0.8603604241795664,-0.1862113538001319,-0.5536399888149005,-0.06477873040616611,JNJ
2019-05,0.24538712950676725,-0.10132112075556096,-0.6249565561466016,0.09598335744599813,-0.9706361769256554,0.061950180572275304,JNJ
2019-06,-0.4024326003041763,0.31284602296582853,-0.7799589602937171,0.14517901295731633,-0.9411455751985386,-0.06505057551447513,JNJ
2019-07,-1.5926977088155665,0.22194905688983074,-0.14600286507753954,0.15584540687762008,-0.6223898281457191,-0.006901697444506527,JNJ
2019-08,0.2932965213247408,-0.40390754270005425,-1.319564538919359,0.1824967315783977,-0.8289748476124995,0.007982719759579204,JNJ
2019-09,-0.24264551631463868,-0.25351790266445906,-0.9956642912410292,-0.16414443638362916,-0.5417245950790388,0.020590701574583203,JNJ
2019-10,-0.15744872763197224,-0.40890572937754266,0.3960088137621436,0.4290796310010167,-0.18392114820631897,0.04847544276063531,JNJ
2019-11,0.03669530184178914,-0.9675635904005928,-0.6899167576408024,-0.03689129272300112,0.1460484801723644,0.06094906399651712,JNJ
2019-12,0.46559358048605326,-1.1820775225783855,-1.1028101869517364,-0.0437829585016185,-0.5820729919303407,0.020517029134181408,JNJ
2020-01,0.17831916122061572,-0.7149068263854387,-1.556406591637176,-0.1192171882081763,-0.943660665581072,-0.09087253719340571,JNJ
2020-02,-0.16832490133375894,-0.3563621822246457,-0.9206066051758646,-0.1900975502447914,-0.6162207798909034,-0.02494471472799642,JNJ
2020-03,0.9670544349190437,-0.35805250053241516,-1.076275964521389,0.04337494817983346,-1.3882316269149726,0.14424385376031923,JNJ
2020-04,0.15725421260288214,0.05589010604782429,-1.3626113164638338,0.1431827738304576,-1.2664903483209227,-0.001664948862284854,JNJ
2020-05,-0.8287882988903349,0.1470647271897316,-1.428657877942848,-0.2784850860241584,-1.2407793953103021,-0.054637865311308764,JNJ
2020-06,-0.9971514718750795,-0.052241927710118714,-1.055601617673481,-0.20799037696378367,-0.9117764871690481,0.03645833333333326,JNJ
2020-07,-0.03908433535207143,-0.16571300785675708,-1.2580569223580382,-0.23824437515533659,-0.8512063233378416,0.059572053817474435,JNJ
2020-08,-0.22770413205776993,-0.05003600548821912,-1.0237929202477696,-0.3113480090769071,-0.6732795676507833,-0.029526505010326498,JNJ
2020-09,0.09811446376893285,-0.12360052135221643,-0.826580609864432,-0.2942431796346189,-0.9929651296357335,-0.07905730275084732,JNJ
2020-10,-0.7967947736862886,-0.11203206304493639,-1.1226063259508219,-0.2573654389921229,-1.3455687343255958,0.0625641903457721,JNJ
2020-11,-0.833732232093547,-0.15198427106335682,-1.3068844417541734,-0.21132056367938273,-1.000613839637343,0.0877164720096657,JNJ
2020-12,0.6308962866550213,-0.2236822633021945,-0.5583883043390834,-0.16673103712851908,-0.4061886555576778,0.03658175355450233,JNJ
2021-01,0.9981222158800215,-0.20799037273872364,-0.8822658617448459,0.008524039299364038,-0.6260736727135587,-0.022574653521931665,JNJ
2021-02,-0.7587801914088388,-0.1742782359565521,-1.1302649756063095,-0.10209519837132247,-1.2207234316207798,0.03712907469668192,JNJ
2021-03,-0.2131318769507507,-0.31805277166021384,-1.1726794886715173,-0.32962713253530773,-0.8381866680503949,-0.009866102889358741,JNJ
2021-04,-0.9330691917507593,-0.5981834577764672,-1.0075148919575874,-0.09624303888351256,-0.5411056755077267,0.046619217081850683,JNJ
2021-05,0.5402438305099853,-0.8919109754116801,-1.5391537311372452,-0.2726004708767003,-0.898918408160529,-0.026657599455967462,JNJ
2021-06,-0.7558232641235572,-0.8116519748775262,-0.7624906499284387,-0.2645143747701352,-0.6976937503377539,0.04527352756235592,JNJ
2021-07,0.5651949112477063,-0.8379457957768802,-1.3281915666177586,-0.2551605507597815,-0.8370554706654894,0.011362876813047151,JNJ
2021-08,-0.2529945722979877,-0.8238393033647057,-0.983655707307398,-0.2715710666319537,-0.9670190759026362,-0.06721300641068018,JNJ
2021-09,-0.6375527424468175,-0.7699860359898588,-1.2732735732588971,-0.31793605946484027,-1.2342404533657036,0.00857304803740977,JNJ
2021-10,-0.6320393251360579,-0.8683570165245955,-1.0862297414568236,-0.30784886443384,-0.5520837928178334,-0.03638918159466109,JNJ
2021-11,-0.315905047136262,-0.7640222570293412,-1.047760067542282,-0.21259777435912083,-0.78241994789098,0.09703287890938261,JNJ
2021-12,0.8306838323460207,-0.687606921506082,-0.8869462576709658,-0.23961980997858573,-0.6989427085287822,0.0071770334928229484,JNJ
2022-01,0.280998881308725,-0.6753123742469465,-1.14270742153771,-0.4010360393353005,-0.5786398930139377,-0.03873053576141461,JNJ
2022-02,-0.07869301476525159,-0.7225671963307203,-0.6509970733447754,-0.316519579524045,0.3981670188755455,0.0769441965817832,JNJ
2022-03,0.8386624140430866,-0.4669488046876913,-1.2824813188972648,-0.29253587731511826,-0.8942910543331197,0.01822817080943273,JNJ
2022-04,1.0587145387015786,-0.15405403413983165,-0.8638263662627245,-0.09721710023357323,-0.37849067805061914,0.0012518778167251998,JNJ
2022-05,-0.24560808611134363,0.4445917669726098,-1.6055704703647482,-0.2584155860078533,-1.3126803879674138,-0.011252813203300849,JNJ
2022-06,1.0930039442013175,0.25256564719264574,-1.2572840704302206,-0.10699300880476836,-1.136254083901013,-0.016881638846737435,JNJ
2022-07,-1.2438866780805926,0.7994735551719307,-1.5946666924414943,-0.22745722374155464,-1.3804312015087064,-0.06932921731301045,JNJ
2022-08,-0.6231589273165301,0.2861773810970627,-1.451548473182314,-0.018293386200314878,-1.2642512340526948,0.012507774169027819,JNJ
2022-09,1.6660979331249341,0.13718150846918192,-1.1204171284648912,-0.009029033230297204,-0.4486039578405142,0.06497406497406488,JNJ
2022-10,-0.3804022497725747,0.7114778870109452,-1.573227725877394,-0.20402740344971315,-1.4218279725946992,0.029800051268905392,JNJ
2022-11,-0.6121000642742453,0.6557947896369509,-1.256479937467117,-0.16688755564781754,-1.404210741949648,-0.007592258385711648,JNJ
2022-12,0.6188742821902219,0.5909187946722285,-1.2592776471660763,-0.15130773810018303,-0.8984132314654082,-0.07487301686837644,JNJ
2023-01,-1.4436574854578899,0.5288872207081192,-0.9204904037743944,-0.00822884079196407,-1.4128628597528539,-0.055446349894936686,JNJ
2023-02,-0.4621471946607209,0.10908953753186583,-0.7807099550489063,0.06012727034106565,-0.4079791622497502,0.011410118406889103,JNJ
2023-03,-0.1484015366023957,0.01943215423193788,-1.133002268559475,-0.18518572216995494,-1.1968004854403202,0.05612317298141045,JNJ
2023-04,0.7503353052007417,-0.34361008193396547,-0.22421298950527724,0.025065555205687255,0.35332198786099034,-0.045683574067853394,JNJ
2023-05,-0.453461385889247,-0.6395021287749836,-1.2639282635734366,-0.3209091963917929,-0.8653912337257814,0.06744104188665956,JNJ
2023-06,0.1678613133145838,-0.6330203416680595,-1.4928592354449162,-0.23894886258285153,-1.1244405144853349,0.012200751830112821,JNJ
2023-07,-0.5706209055568132,-0.7753860323623654,0.36529960598698374,0.16493957492505087,0.9874406671085675,-0.027951524628616053,JNJ
2023-08,-0.18053483578239313,-0.6382344121972926,-0.425191155654054,1.7053969620321479,-0.22334875890025713,-0.03666465580803002,JNJ
2023-09,0.12386505608239305,-0.48767147952047285,-0.8725342063158126,-0.06522278329479217,-0.6159856807081355,-0.04759254105204569,JNJ
2023-10,-0.4209106070884513,-0.7422058422314366,-1.281178992594694,-0.19656017269661016,-0.9401152355933123,0.05099357101110469,JNJ
2023-11,-0.6155134653202196,-0.6395654173453607,-1.081890692523509,-0.31702511904106856,-0.9748390223340466,0.013415820937021872,JNJ
2023-12,-0.6476265513241404,-0.7064838562928974,-0.8432572646509647,-0.30390715146593394,-0.5449865885187826,0.013786953837712002,JNJ
2024-01,-0.021774224039745754,-0.8290063160991341,-1.2114879181526788,-0.4126493716023763,-0.6608289849870082,0.02334235453315281,JNJ
2024-02,-0.29356807066390567,-0.5449768737386214,-0.8429083777479973,-0.18472259326993326,-0.6395102820412082,-0.019768595041322334,JNJ
2024-03,-0.8607241508517564,-0.5091400687906293,-0.9743866811056607,-0.39373753574122033,-0.8111543879005906,-0.08599757183326584,JNJ
2024-04,-0.6466836743461704,-0.7016073167197179,-0.7963882016337641,-0.25855184462384234,-0.650829793710373,0.022581359309276072,JNJ
2024-05,-0.18209694872341556,-0.9101085370378645,-0.09449474798025681,-0.2171671587019529,0.7514191806491788,-0.0034639532366311787,JNJ
2024-06,-0.38925452557052564,-0.9276060072105258,-0.9318754945375343,-0.4443832986695803,-0.6564330189381324,0.07994786009124488,JNJ
2024-07,0.7986680107334073,-0.9657109056177081,-0.5110638938375319,-0.38085823224282755,-0.15763237722065274,0.05880775162609808,JNJ
2024-08,0.6057285787310507,-0.8320002703022964,-0.8843105634026285,-0.2641113364482929,-0.5161928870668102,-0.02292590246991766,JNJ
2024-09,-0.8012922106674257,-0.6523086840368687,-1.060457606802318,-0.4923283404628166,-0.899695722436886,-0.01361161524500909,JNJ
2024-10,-0.14863088798974453,-0.77858580713606,-1.0906367832824069,-0.4640998745817255,-0.7112996991037249,-0.02247338677881472,JNJ
2024-11,-1.1449740921507228,-0.691619163336173,-1.3074079732137396,-0.361236932579445,-1.0924259376972667,-0.06708792686205967,JNJ
2024-12,-0.3525010285240276,-0.8471101181922531,-0.697262333859505,-0.31512323399285846,-0.3660692746252871,0.052096843925637515,JNJ
2025-01,0.07372593579268259,-0.7900811733404968,-0.39926957137554914,-0.25070164885261936,-0.09516725320376279,0.09328128210396547,JNJ
2025-02,1.147360716034159,-0.8067833414509049,-0.9144764568662749,-0.2861413431006332,-0.6232252980666806,0.0049489444340036215,JNJ
2025-03,0.8843670982957442,-0.5222028903103904,-1.3995564024465261,-0.3476004953685771,-0.9155177894452665,-0.05747413040767979,JNJ
2025-04,-0.35860073903372786,-0.06302511212502743,-1.0343981959452346,-0.23652646292365515,-1.2369718447625544,0.0015211640211640898,JNJ
2025-05,-0.678934477714377,-0.001581180835329427,-0.596573305126552,-0.313044596361271,-1.093700594406668,-0.015848907085782238,JNJ
2025-06,-0.9344657911902631,-0.19168224987901686,-0.8977827535373549,-0.44903120477948666,-0.9119125358756747,0.07844058243306717,JNJ
2025-07,0.9571497765103085,-0.3733582866269198,0.13053717174779778,-0.31688946845364585,1.706024968353829,0.0833748133399701,JNJ
2025-08,0.66408870507698,-0.3227589769799524,-1.1851890870058597,-0.19420238308449211,-0.6760709122056618,0.04657707328279348,JNJ
2025-09,0.1472313895485732,-0.3429915473390362,-0.5317182215557903,-0.27913957717531895,-0.337741626924501,0.018602864511880757,JNJ
2025-10,-0.0361106434206285,-0.0669606743491347,-1.3067033846513538,-0.23997667587051175,-0.8817516695943106,0.10252128003447902,JNJ
2025-11,1.4814663749525532,-0.05515023305873171,-1.0767859301021718,-0.1674431863730745,-0.3022176511664913,0.0001465917419984919,JNJ
2025-12,-0.24179269081324625,0.5941770766527427,-0.5111312360591674,-0.20221851932232643,-0.08125447638430829,0.09805550127027551,JNJ
2026-01,0.5350165702288846,0.6442658786847247,-1.0029575814525855,-0.21061735785632216,-0.656236088158813,0.09904338153503889,JNJ
2026-02,1.195141503624308,0.5744813609993095,-1.3439578332573956,-0.1280526133616805,-0.9052168548117505,-0.016072223796607443,JNJ
2026-03,0.4392153547431695,0.6106999284706771,-1.1662617907934478,-0.24800390146713808,-0.8712863868461961,-0.05427090190915074,JNJ
2026-04,-0.7480629760649347,0.57935686490375,-1.187333641206992,-0.21227808100905068,-0.894365205340778,0.0041331303023712795,JNJ
2016-01,0.0,0.0,-1.0663858981765633,0.05637089147881069,-0.7252801245332834,-0.017182687631706828,PG
2016-02,-0.16535445388896586,0.0,-1.1959986716273183,0.004196072468183007,-1.0330944722554432,0.025235032162295834,PG
2016-03,-0.9968691525297623,0.0,-0.8951921924590234,0.30873875701959097,-0.9797380920031379,-0.0188223938223937,PG
2016-04,-0.5378632130274943,0.0,-0.41731331391515764,-0.010949860959256534,-0.3203102132760368,0.011477291359239139,PG
2016-05,-0.27536216250153,0.0,-1.0844451345776234,-0.152430000884454,-0.8631829357553278,0.044901928999837804,PG
2016-06,0.816057261020462,0.0,-0.9037846628889702,-0.17342666674905463,-0.7633687311659679,0.018771331058020646,PG
2016-07,-0.4884377883557653,0.0,-0.899062836647743,-0.03140572592877609,-0.8267859905024048,0.02010050251256268,PG
2016-08,0.0938684995022472,0.0,-0.7095773692471998,0.4708440388467191,-0.5834652136953404,0.028063890132855818,PG
2016-09,0.6034945394121817,0.0,-0.42196128217388995,2.5399582990366,-0.14199683999603463,-0.025410193117467728,PG
2016-10,-0.34715484813923486,0.0,-0.24502179117624034,1.383694970717013,0.21858444120442944,-0.050059594755661574,PG
2016-11,-1.1593736357915647,0.0,-0.4888031216770737,0.08528709889398181,-0.6078353913371386,0.0197616060225847,PG
2016-12,-0.2545618012625414,0.0,-0.8594071174189657,-0.025686823295715235,-0.7326836545790768,0.05013841894801607,PG
2017-01,0.442302105167132,0.0,-0.32486061051962145,0.17775791962355986,0.9250460531657986,0.039543057996485054,PG
2017-02,-0.051857672142253494,-0.43356850949802456,-0.13442316123664755,0.36196799939208857,0.5404103678112665,-0.013384051845590328,PG
2017-03,-0.5545295909817732,-0.35954815772619114,-1.0719128600571668,0.14352846963208882,-0.8672524648232907,-0.02056261602170495,PG
2017-04,-0.6814393400197767,-0.3633805228309585,-0.49894237152105664,-0.11486826334207757,-0.7719753163953641,0.008747630849978094,PG
2017-05,-0.1311264773176167,-0.42651808391477425,-0.832978544658879,-0.39233738383047184,-0.5939553907472817,-0.010695187165775333,PG
2017-06,-0.323852306631422,-0.462266182474325,-0.9978091147894064,-0.46053482981050897,-0.7306276841017165,0.050255661066471946,PG
2017-07,0.41873450881624696,-0.6470929219850619,-0.9661877327982541,-0.41354153137770794,-0.5231108030019092,0.01585756016135753,PG
2017-08,0.26430931639449035,-0.5219769766860783,-1.3609123585779228,-0.28462437766717696,-0.8791266470580118,-0.013966862933041169,PG
2017-09,-0.7981109171440641,-0.5246022060373761,-0.7538009768802143,-0.25325336953923283,-0.7854808376817995,-0.04388279405638118,PG
2017-10,-1.049981849173111,-0.7817009092471021,-0.42449290638384174,-0.09481835549741592,-0.8388232293961715,0.04241103848946981,PG
2017-11,0.09583932332375139,-0.913603320048395,-1.0809718049025143,-0.558620461396061,-0.8398033166213541,0.02090009753378852,PG
2017-12,0.11761237828378418,-0.6876228067742545,-1.1646900562469231,-0.4807583745104947,-1.0879853615005128,-0.05309130612801971,PG
2018-01,-1.5198827661828864,-0.6628163564312823,-0.6446218658220898,-0.32193846746248905,-0.9805845949625551,-0.09051599884692985,PG
2018-02,-0.9268839346493932,-1.1724760725363548,-1.5035677376705936,-0.2676496938927557,-0.8508448239054215,0.00966719492868462,PG
2018-03,0.7914644523956934,-1.130093987015606,-1.4845739619326226,-0.3896806243326498,-1.151861706607888,-0.0792654214409042,PG
2018-04,-1.6091218968178094,-0.9972230012769838,-1.2542438018051645,-0.30394774044481326,-1.1187631408392538,0.011592226389362636,PG
2018-05,-0.36237473088579686,-1.1822675255423916,-0.7918419989446818,-0.479018723796276,-0.8366230283782753,0.06673407482305338,PG
2018-06,1.075074497689744,-1.236905628293122,-0.6104962908806755,-0.46139515514718654,-0.5082847233841074,0.04565560821485004,PG
2018-07,0.16131759408618238,-0.9549514892467814,-0.7345422143750078,-0.44944341740400473,-0.2798928414372213,0.025532557788185528,PG
2018-08,-0.14540650357102694,-1.2200506519908774,-0.7660570243442766,-0.5079490453728279,-0.4750230121115688,0.0033883323512080565,PG
2018-09,-0.11838422031843784,-1.1503993905365764,-0.5435105724807833,-0.5898239945596815,-0.5289710820641164,0.0748788724122742,PG
2018-10,1.4010675291633519,-0.9360498432517292,-0.06571948492640131,-0.21237374298775463,1.775099203799831,0.06570140691162418,PG
2018-11,0.5512598288039299,-0.23497753104208166,-1.3504304114768948,-0.14863963583447115,-1.0274095044554834,-0.027428864393745256,PG
2018-12,1.0426341584604262,-0.044486302628042075,-0.82190188076621,-0.14240400017391427,-1.2162584337471107,0.057854507116499754,PG
2019-01,-0.2900165365161058,0.17852305079006106,-0.577806254012297,-0.07245786557880804,-0.04020607705388158,0.021552261118724436,PG
2019-02,-0.3384910502768012,0.7851588290311442,-0.9741060479108684,0.04475539709792031,-1.1598147809948856,0.055853658536585415,PG
2019-03,0.7523586190845667,1.0359008112666868,-1.1451216852311605,-0.16961407059787886,-0.7830381164271688,0.03049203049203042,PG
2019-04,-0.20178346113627652,0.8587690814869382,-0.4812881707353007,-0.28656815134101093,-0.2386913352434115,-0.03351266532167674,PG
2019-05,0.7065839808956114,1.2405065967729334,-0.7509538282671051,-0.39251992537576386,-0.46579669581768623,0.06552243998608365,PG
2019-06,-0.3325169571688469,1.6036393810221607,-0.8379322910947105,-0.1590773160468648,-0.8352879699592318,0.08347845015237265,PG
2019-07,1.276626094517184,1.3125811956121567,-0.156355142675512,0.03638182148952578,0.522308932144546,0.018583626318433133,PG
2019-08,0.6783249782348051,1.8090808058857584,-1.0379136783886518,-0.03244314927209087,-0.7191320580567392,0.03451676528599612,PG
2019-09,0.2570815177429888,1.9633610064765934,-0.7699266839888428,-0.04344916209980175,-0.886247382011262,0.0073403241182077306,PG
2019-10,-0.3477256081755588,2.566398235409272,-0.5213920244011522,-0.06339948798099378,-0.2830097577253604,-0.019683921642850377,PG
2019-11,-1.2977101541900062,1.538626420736101,-0.10507451303103099,-0.1841294432712645,-0.8658693113517113,0.023264793899024916,PG
2019-12,-0.2274691116173703,0.7597943748894862,-1.0482601104951472,-0.11077574392665568,-0.8386599509822827,0.0037735849056603765,PG
2020-01,0.007476571746005326,0.23785786238096332,-1.3876088558425523,-0.25906289273513394,-0.8216474867031763,-0.09144736842105261,PG
2020-02,-0.17830485517993816,0.30690286221094065,-0.6070630749583743,-0.33708142145858205,-0.7556718818219924,-0.02855073962966803,PG
2020-03,0.9360141532683318,0.2527986730239473,-0.7651076477467854,-0.14426390396333266,-0.4641722556871955,0.07869236503034815,PG
2020-04,-0.5656237481849589,0.4959615562419887,-1.3354411635325145,-0.009085590004024448,-1.2132127352249975,-0.016485686080947692,PG
2020-05,-1.0893276719656264,0.2561300409494254,-0.8771468105779018,-0.3739376123590245,-0.718885385422539,0.031416240088326886,PG
2020-06,0.15662392280577628,-0.07125731044039083,-1.1211110919583749,-0.38522767587322765,-0.9814364047130835,0.10354223433242504,PG
2020-07,0.6468366862940879,-0.0297378498565557,-1.3684958279048645,-0.33087416317536084,-0.7149352292491332,0.05493827160493825,PG
2020-08,-0.26807698657450857,-0.0654541786774829,-0.9922523468092566,-0.2929272034316322,-0.6548183082549721,0.004848282203460563,PG
2020-09,0.6879780619571041,-0.1582865484145719,-1.156914845323595,-0.40979726250625914,-0.9773704855985595,-0.008152399966724788,PG
2020-10,0.2905800444189187,-0.1440613063184597,-1.4993973403408885,-0.34793233609068924,-1.5372031610192882,0.012916212362660273,PG
2020-11,-1.2737407374455574,-0.07229097368176314,-1.0508332283082438,-0.3654849773974885,-1.1652093847927258,0.001904446468493859,PG
2020-12,-0.7136007698582516,-0.14225314908297676,-1.257183475411758,-0.3441653804228498,-1.1806488919929456,-0.0729752066115702,PG
2021-01,-1.05271433486096,-0.1750170405765699,-1.1029097966250343,-0.3548798490222207,-1.0242021124127585,-0.036462512258179536,PG
2021-02,-0.8971527173580436,-0.2751522783572005,-1.4172692369539424,-0.3169510300322958,-1.631739466308053,0.09631754256106584,PG
2021-03,0.7791406915628747,-0.48391093872022156,-0.9834559806960032,-0.3673720116172574,-0.37664362817108965,-0.008608321377331363,PG
2021-04,-0.9083341881276448,-0.6352843156647272,-1.0490924878332766,-0.2429343825205301,-1.0147911930241666,0.010726142844981634,PG
2021-05,-0.21881353642673265,-0.7979308667395786,-0.9099484209084544,-0.046832908778073744,-0.6666822722549102,0.0005895729807123828,PG
2021-06,-0.3011722249886079,-0.7544342527727973,-0.797433294535986,-0.20492828210510414,-0.49085797324053576,0.06069023569023568,PG
2021-07,0.8523445991412828,-0.9696566503219008,-1.2545817255311091,-0.31216967359440695,-0.730117026745553,0.0011903817157368213,PG
2021-08,-0.4649506593547884,-1.1635534009079247,-1.0424112736333573,-0.36864598859627534,-0.8108091438620066,-0.018230818008877603,PG
2021-09,0.1817646599089471,-1.1230415903084292,-1.3455009375360605,-0.3376342827759125,-0.9926403754171286,0.029145809785241505,PG
2021-10,-0.39971630840943795,-1.119139764738239,-1.2529669191916402,-0.4213367026446082,-1.0558374371986998,0.011139876049266473,PG
2021-11,0.14579588210331237,-1.1212702569409947,-1.0317232291781124,-0.459333078337231,-0.967560436042468,0.1314299014663669,PG
2021-12,1.308014228837171,-0.8116479666181785,-1.0593786586302034,-0.16828240252582222,-0.8798981797596109,-0.013851745182747122,PG
2022-01,0.07577995242333567,-0.3333194943181051,-0.9794030133450212,-0.2699526672586183,-0.37779181236314757,-0.028440303177804105,PG
2022-02,0.07284898978671568,-0.01005585382012472,-0.592335413622774,-0.3438464171820876,0.07400449397975127,-0.019825365015745833,PG
2022-03,-0.48446160507650915,0.4486198150498851,-0.8036951238698025,-0.47707003652836666,-0.3732068316820851,0.056663015699160324,PG
2022-04,1.4427149226020488,0.01771637249609859,-0.9360880643469711,-0.28487332852178404,-0.5360875440685383,-0.07891645359684896,PG
2022-05,-1.2839257386881247,0.7866390798821961,-0.8259902991625532,-0.3040692408861054,-1.1713091255953934,-0.027683997299122187,PG
2022-06,0.8712093899018382,0.3710727333720452,-0.8486534237963032,-0.2679961368747931,-0.7470653476501397,-0.027700617283950568,PG
2022-07,-1.3706046590542362,0.7439402225802725,-0.4778174127854078,-0.27484636930293754,-1.2944143596134727,-0.0069835727323228625,PG
2022-08,0.459291148093319,0.13927725922898093,-0.947916536784666,-0.28417191609925313,-0.3813424697223708,-0.08471189962439063,PG
2022-09,0.2131345310855214,0.2580685730752568,-1.0996577722923508,-0.3416948956559964,-1.1885773432880995,0.07421636252510266,PG
2022-10,-0.3026202789213973,0.2802931371015227,-1.363242379486827,-0.42037280316265263,-1.248041555915557,0.10761602861090802,PG
2022-11,0.368392910680202,0.23072313602349448,-1.1061643975320488,-0.40571666309602183,-0.8197698097624754,0.016144419167828383,PG
2022-12,0.9513766483638011,0.2524951835150643,-1.30617832070628,-0.2906152695644047,-0.9884399760670957,-0.054741099155051764,PG
2023-01,-1.2565407097895744,0.18535955184145794,-0.9645376751480729,-0.23188722473734774,-0.8198423162887786,-0.03384521353808534,PG
2023-02,-0.12626014374390593,-0.18014674435752323,-0.8084619142915952,-0.3518257177160904,-0.40775362928091324,0.08097422109758012,PG
2023-03,0.5072916879446837,-0.24622700524229138,-1.0592992813091007,-0.43042505606544906,-0.7584798830127095,0.05822970007315287,PG
2023-04,0.7871396087095234,0.25161923846957385,-0.9389614339037745,-0.2689466167792035,-0.06422901359737593,-0.08875985068436332,PG
2023-05,-0.8399211859380068,-0.32740366169605806,-0.9697046507808024,-0.3751358080941538,-0.824812702633563,0.06486117432863003,PG
2023-06,0.1234530291556082,-0.26287553288363025,-1.126352255547383,-0.4054891090164353,-0.9883525101677869,0.036546270570634753,PG
2023-07,-0.15899222258122367,-0.44066005374068207,-0.9730888848058047,-0.30805587923875055,-0.4531817398284727,-0.012577319587628977,PG
2023-08,0.13700434101351922,-0.11649239756777258,-1.238556865789934,-0.4224693081007376,-0.9429623264488667,-0.05491751931509703,PG
2023-09,-0.2852488289946259,-0.18347594361214228,-0.8675727568099549,-0.44550997778043444,-0.695980847998033,0.035056709382825124,PG
2023-10,1.0157424611232924,-0.2708345975217067,-1.2266752757146075,-0.2992067719144155,-0.3145824688622541,0.02326739718229698,PG
2023-11,-0.9866084467576438,-0.04207727369957642,-1.1651895886214767,-0.28173081179385134,-1.0206953451967056,-0.04547667060705096,PG
2023-12,-1.5362044133392427,-0.300096136458364,-0.322507060835421,-0.3844709597718182,-0.8381117151448941,0.07918700371530552,PG
2024-01,0.7837810988568237,-0.6731416502980658,-0.5659040833141074,-0.19262081674185205,0.3906009368867541,0.01147563115971395,PG
2024-02,-0.45993833093929454,-0.2423719724048018,-1.02300748011,-0.4000714055526232,-0.6839851582869768,0.02082221035771492,PG
2024-03,-0.2779561925138479,-0.3019286799752757,-1.3288818959218074,-0.5586917021119098,-0.8606357626320557,0.012356171548117079,PG
2024-04,0.8004616643774973,-0.5356492375765702,-0.88351631367365,-0.3136354760983294,-0.6399164053679732,0.008201485308362955,PG
2024-05,-0.3913407649999485,-0.4953212446740499,-1.0759485565324318,-0.4706655457371135,-1.0655486786388182,0.002305918524212025,PG
2024-06,-0.3041680868870414,-0.31870908732586806,-0.8122970965653924,-0.4069743553736354,-0.6567255726702849,-0.01936349693251538,PG
2024-07,-0.5584145180389928,-0.39496487385489215,-0.5315219029339551,-0.3567324964664896,-0.8029416255105534,0.06705767350928649,PG
2024-08,0.7245664956167066,-0.5492221752650325,-0.6789593025933025,-0.257907850015198,-0.22113053204636893,0.009710516672774006,PG
2024-09,-0.2737701190908108,-0.3941233206745938,-0.7747108773883189,-0.190170072508704,-0.7129405164515449,-0.04070646585616655,PG
2024-10,-0.629745136356826,-0.3865202210385197,-1.23263023214274,-0.30631340965733667,-0.8068602043883791,0.08524590163934431,PG
2024-11,0.21687378280983272,-0.6502764138853606,-0.9046408637499109,-0.2786580079209075,-0.7485380230928103,-0.06478038577736467,PG
2024-12,-0.3269981799830049,-0.4141667528507304,-0.7716244643960355,-0.4459000429052536,-0.6403166277616584,-0.003851649375660071,PG
2025-01,-0.752297725797121,-0.18089112459781598,-0.5351342699297371,-0.41462401095946905,-0.41383662981393193,0.04727159338946074,PG
2025-02,0.583219229706256,-0.5439719214879492,-0.3508507120273841,-0.4268430657567663,-0.6577344426980135,-0.019651045078306506,PG
2025-03,0.5005312039918586,-0.3023585683260747,-0.9751184105409727,-0.3382361213222485,-0.5284760276955726,-0.04008989856040812,PG
2025-04,-0.1323046884321291,-0.0863800995894386,-1.265645732954506,-0.2803741114939253,-1.2984665552289156,0.04499145731823062,PG
2025-05,-0.2106786653547642,-0.3409722718627071,-0.981707567402813,-0.38820820615269114,-0.8135036278069901,-0.06218965726050618,PG
2025-06,-1.4849480474365013,-0.30683683552178515,-0.770519140355854,-0.3788018596192898,-0.8299521655219395,-0.04907341641376639,PG
2025-07,-0.7068408746510354,-0.6753488961539079,-0.6949479855626612,-0.3088468905665376,-0.5254837799652571,0.04366130236979693,PG
2025-08,0.03244115270371754,-0.7182126155013008,-1.1080041046117601,-0.5237856047731361,-0.9638875853266335,-0.0216005204944697,PG
2025-09,-0.5146786322397497,-0.9682147745449916,-0.5821939459391215,-0.5531979058704524,-0.4600906993942552,-0.014563106796116498,PG
2025-10,-0.3343971004940423,-0.9881836317185065,-1.0543099016482316,-0.586225222928302,-0.866402633740639,-0.014643363249881802,PG
2025-11,-0.22840560067455803,-0.8758058121311166,-0.7876140499466212,-0.4230218837246573,-0.6701930604987382,-0.03273524174770581,PG
2025-12,-0.7764877755646202,-0.8883324062975956,-0.41104406160818735,-0.28111922414305973,-0.8410427549779509,0.0664825828377229,PG
2026-01,0.2548732011794641,-0.887458354438961,-0.8040948960146367,-0.3729349571142785,-0.640122134483532,0.10170616743012673,PG
2026-02,1.2270581446683746,-0.5451367449171002,-1.1689294852263605,-0.33599234410513773,-0.5969414749898838,-0.13612533895751722,PG
2026-03,-1.4567714965863368,-0.4633199715819763,-0.7740707693980229,-0.33755010837171806,-1.1984851854538057,0.026018415178571397,PG
2026-04,-0.37212322628397493,-0.7651820269906269,-0.8761878743362406,-0.5475405311961528,-0.7407104289535761,-0.008022299272554267,PG
2016-01,0.0,0.0,0.08882136461972118,0.603270066376586,-0.0203143366221762,0.03892698668818073,XOM
2016-02,1.0153411822587535,0.0,-0.5481409368228938,0.5551817172585223,0.47549671215557016,0.04290429042904287,XOM
2016-03,-0.6801794908953515,0.0,-0.5018710281752735,0.5282343431038414,-0.4634269092496357,0.05752047654504855,XOM
2016-04,0.6072981580656602,0.0,-0.509771207992916,0.25146868497850794,-0.3404728642902249,0.015490230593205423,XOM
2016-05,-0.22003647848869853,0.0,-0.9949120842307247,0.4206406462687633,-0.622342820678296,0.05304212168486733,XOM
2016-06,0.9569255079858628,0.0,-0.7157183104945711,0.4405791196559651,-0.44360815933492875,-0.05119341563786006,XOM
2016-07,-1.578621260810711,0.0,-0.5249205902735417,0.4320484857030764,-0.8134380734823619,-0.011970853573906926,XOM
2016-08,-0.5083729117902391,0.0,0.32808138970651674,0.5977075387571973,-0.3629227195278844,0.0017559262510973284,XOM
2016-09,0.03959464734625405,0.0,0.25347268720259575,0.5005554462588315,1.3419492565889066,-0.04539877300613493,XOM
2016-10,-0.6944254521783791,0.0,-0.41074872831718773,0.029868337609027892,-0.3080174423310257,0.05710613294160849,XOM
2016-11,0.0016622610237996846,0.0,-0.6506471865950036,0.0631573808243174,-0.47815192342994,0.033871808233455036,XOM
2016-12,0.017478903949615633,0.0,-0.5207058348672583,0.2006125686822004,-0.36290985124436564,-0.07056451612903225,XOM
2017-01,-1.4859712923019723,0.0,-0.2773077680248628,0.35634664913980857,-0.8890092380042084,-0.021872740419378145,XOM
2017-02,-1.0424125697365483,-0.41860036582452487,-0.45675995893420235,0.2758344180068521,-0.6684750370805634,0.008501201256699398,XOM
2017-03,-0.10383785787133953,-0.5114550133170548,-0.055094439426225,0.47909719254262806,-0.21409422314787,-0.0043980208905992635,XOM
2017-04,-0.31669234548212766,-0.5425967241323298,-0.8333552837267049,0.03277653799764314,-0.9518587272560697,-0.004601509295048767,XOM
2017-05,-0.31540260624306526,-0.786396346436514,-0.5868796543367395,-0.021562842993995766,-0.48523499916221763,0.0027736686390531506,XOM
2017-06,-0.08583969394981998,-0.9510015887681715,-0.48586488623626867,0.23754086416008194,-0.37196882356817473,-0.008482389821132141,XOM
2017-07,-0.5938672264622731,-1.0803419202840736,-0.7107380469048602,-0.08171909650489478,-0.463192491925607,-0.03719546215361724,XOM
2017-08,-0.9485057630665737,-0.9765719273887747,-1.0528221455664604,0.014187448365847583,-1.1166891826093885,0.07398107011782873,XOM
2017-09,0.7312168262659712,-1.071992859166205,-1.0442061272344496,-0.05263813760684209,-0.1902899767995703,0.01672661870503589,XOM
2017-10,-0.22829748989488666,-0.9982972509269598,-1.4376200910382593,-0.5021041652490362,-1.0222276391226364,0.008491066690252902,XOM
2017-11,-0.4855815455586979,-0.8797479449047199,-1.0346682337694375,-0.26532115225779834,-0.8029069798040086,0.0042097877565339115,XOM
2017-12,-0.3011556978075296,-1.1560520759170163,-1.3756519985883304,-0.07483483973726239,-1.0607575867824333,0.04384279475982522,XOM
2018-01,-0.38082162786291396,-1.2928315350449764,-0.7245973688983093,-0.2887122892449407,-0.6128976743294365,-0.12366131191432395,XOM
2018-02,-1.4768840916203718,-0.9611078586998756,-0.24102708081584184,0.12737547493991488,-0.8189306220854071,-0.014894023295779935,XOM
2018-03,0.35555988110870246,-0.9038038841286833,-0.9037244106301107,-0.003624351939166831,-0.7273388006222201,0.042062415196743475,XOM
2018-04,0.5840961419092696,-0.8812372919774064,-0.45041395655944483,-0.11048199536262093,-0.3912824212433089,0.05543154761904767,XOM
2018-05,0.2805013873227789,-0.7397570889204037,0.16861646333690025,0.0951157899196201,0.8019702449727059,0.018329221008107188,XOM
2018-06,0.24838993861774247,-0.6107070152138947,-0.4104217011814713,-0.18679709723355284,-0.3931251599598535,-0.014710972654897958,XOM
2018-07,-0.8190221332921034,-0.5173283994165833,-0.618376018772688,-0.340814002450218,-0.5707875492755632,-0.006323555243281209,XOM
2018-08,-0.600905796361154,-0.6791437688113372,-0.418455399160468,-0.2851776279175921,-0.580359901354454,0.060632844263744046,XOM
2018-09,0.8352055863292349,-0.6096274991478289,-0.536441154688974,-0.15840933805693166,-0.48733546226820035,-0.06283333333333341,XOM
2018-10,0.049765534020674095,-0.53367031463375,-0.9465725194834753,-0.322534995403101,-0.7635633989153656,0.007825004446025297,XOM
2018-11,-0.13641006236405592,-0.5520436172947181,-0.5858122982839141,-0.16163844857416526,-0.953136769881063,-0.14240338803599784,XOM
2018-12,-1.2060230432511894,-0.43966364519583,-0.6145092567258009,0.04181737673500439,-0.38570973161922556,0.07469135802469129,XOM
2019-01,-0.10848887373143903,-0.6395626909640734,-0.7983206888988653,-0.3797082401358339,-0.433830840200219,0.09056098027953285,XOM
2019-02,1.2101980845309128,-0.595234783641115,-0.04332357680889197,-0.05083925849231247,0.9106710706245653,0.022296348314606584,XOM
2019-03,0.09658958428545206,0.07727475828156768,-0.7243749882116499,-0.12106790434095169,-0.7299873682816641,-0.006354113000171635,XOM
2019-04,-0.6096242654785634,-0.011592274967670105,-0.39079171191554796,-0.2936539192210441,-0.33564049406006435,-0.10836501901140683,XOM
2019-05,-0.39754184202008813,-0.35470231831567184,-0.8916493271755833,-0.2569681942654938,-1.030902626438615,0.0827679782903663,XOM
2019-06,0.005009734509309645,-0.541323450724619,-0.5957448210672444,-0.35209574986940895,-0.6436737950789675,-0.029538131041890403,XOM
2019-07,-0.9066587222791885,-0.6247771615595669,-1.0982034921436936,-0.5835260395214009,-0.8214987739575762,-0.06769968640472246,XOM
2019-08,-0.6252303959839568,-0.6574405393167302,-0.38207771614941194,-0.22099529379436883,-0.3221032219299866,0.03106450336367228,XOM
2019-09,0.19206359164063844,-0.6236402767639182,-0.9775349850589623,-0.38100024479327943,-0.9075114990179509,-0.042985991172519666,XOM
2019-10,-1.0704170420082688,-0.8916046657194913,-0.4963655034808118,-0.40187289870989584,-0.6329128863239906,0.020252656907960853,XOM
2019-11,-0.5158427060434456,-1.4031672340832793,0.774133352674252,-0.16882383101632867,0.11437360232992924,0.024371069182389737,XOM
2019-12,-0.2071232717188466,-1.5246369471851964,-0.3709620059868565,-0.08613676634179482,-0.2973437048465073,-0.10974673829623938,XOM
2020-01,-1.1508338516715997,-1.0789134568678098,-0.37167882341261466,-0.14646278933261275,-0.6017079900382714,-0.16012931034482758,XOM
2020-02,-1.3707289572439993,-1.3460025669654272,0.2928989641135851,-0.05092561249487974,0.5683774270598719,-0.2619964074929432,XOM
2020-03,-1.073461509879628,-1.554914783162318,-0.39718032156952654,-0.0685101923886638,-0.299721591388739,0.223922114047288,XOM
2020-04,1.0359170687987376,-1.6626180788410616,0.35967211705694335,0.01272272964729081,0.6721278495176299,-0.002272727272727426,XOM
2020-05,-0.8394726665900742,-1.0782330948676047,0.8544286517609366,-0.32286325269945976,0.9079696684118823,-0.016514806378132074,XOM
2020-06,-0.48601435456035236,-0.9198819695169859,0.9122223012710973,-0.18495910118768302,1.6916128064644362,-0.05906195715112905,XOM
2020-07,-1.0157624095434832,-0.8755331294607746,0.4079415405205001,-0.35804731882436913,0.13106875546896635,-0.03230769230769237,XOM
2020-08,-1.0282267835778913,-0.7831624964153355,0.08923014092332453,-0.2631213961042456,-0.37076989811493,-0.14054054054054044,XOM
2020-09,-1.8068613558625402,-0.5614951515892792,-0.38732628179069656,-0.312787047687723,0.23054305244149087,-0.04957454679985196,XOM
2020-10,-0.3446566967600678,-0.7004648125140768,0.8605479074084113,-0.2772101310155595,1.1736965081244,0.1969637991436355,XOM
2020-11,0.35739323543624285,-0.8645308724857467,1.6502120556122168,-0.12223828988042591,1.2760343001772765,0.08130081300813008,XOM
2020-12,0.5303761720352012,-0.6809658936582089,0.8448206640598597,-0.17871074229085668,0.11551108739190084,0.08751879699248111,XOM
2021-01,1.9516312426998266,-0.6742115845323293,0.5666333172824018,-0.140496376886942,0.21215115721666844,0.23340707964601792,XOM
2021-02,1.7917093900307168,-0.6632089040508788,0.6391565167333966,0.002651246752698865,0.4531501458212974,0.02690582959641241,XOM
2021-03,-0.3845207646886771,-0.4363644402664598,0.3162068424780362,0.1371109512780813,-0.07701108141753003,0.025109170305676942,XOM
2021-04,-0.24526013991935028,-0.1553521262744784,0.20940575660318433,-0.17045727989177978,-0.07594141411148195,0.03471778487752908,XOM
2021-05,0.28855544817274026,-0.4396923756695485,0.7363742444133229,0.045849239359541376,0.17102805826183032,0.08069164265129691,XOM
2021-06,1.0354247851130782,-0.2959429724417907,0.9107079069411413,0.02609260360006194,0.39081324942397977,-0.08742857142857152,XOM
2021-07,-1.9064978776400259,0.06600924612676995,0.5907231490420106,-0.17205622002331988,0.16858043146752943,-0.038614068044249494,XOM
2021-08,-1.2943239190977645,0.052479295413903386,0.6702770018300972,-0.1856348034851585,0.965899371682803,0.0788102475032566,XOM
2021-09,1.804955381095905,0.28439838851037175,1.0423455993691335,-0.13121125791731908,0.7131039111366291,0.09599517005433689,XOM
2021-10,0.35519667966313995,1.348453683814224,0.15959583209253245,-0.12642462794806994,0.12727741178241436,-0.059309585016525945,XOM
2021-11,-0.538555612558801,1.3943625640904214,0.14461126454604434,-0.2487184029028397,-0.373281881308107,0.02244778450126894,XOM
2021-12,-0.20433984236811142,1.1617200957313703,-0.6827467331542437,-0.3159567527513139,-0.5990605894492053,0.24150439098892695,XOM
2022-01,2.567789286771516,1.059684274183678,-0.45357809274123073,0.017756097675851134,-0.0459331886791621,0.04382592649546346,XOM
2022-02,1.1370979479241954,1.8354152406369848,-0.04772172301904733,0.2969749279302349,1.0654790954146265,0.05303476723629941,XOM
2022-03,0.5117503176338339,1.369453155565468,0.524127445651001,0.5109507584228022,0.08929061442806197,0.03231673195299378,XOM
2022-04,1.1994725644788238,1.4063557693322537,-0.3492573240773882,0.25268828124823184,-0.38715932907170925,0.13755251389077094,XOM
2022-05,1.5197193692279907,2.012515724639217,-0.2537452290575076,0.4936630514150887,-0.24984803994337715,-0.10793423874195862,XOM
2022-06,-0.21203978005701135,2.42990083211819,0.8802788463873258,0.6837995841725691,0.8165571822270737,0.13181089743589758,XOM
2022-07,0.4976842191102589,2.0648005811557373,0.006177224934107146,0.3829528637434586,-0.06168913645835108,-0.004247787610619502,XOM
2022-08,0.5067900685264917,3.01335759712185,0.5706974896457546,0.38609423749140215,0.5122460689130588,-0.08662163763479092,XOM
2022-09,0.18459319445759473,3.123297681867783,-0.00604926682013398,0.3018398536338848,0.4484182633021728,0.2692008303061755,XOM
2022-10,1.3383435729377957,2.6616767117479063,-0.35217611942063065,0.4520863305052416,0.11600171246188166,0.012777266687110211,XOM
2022-11,-0.8265897008081031,2.9277416031579553,-0.5159640670878107,0.3849160311341794,-0.9177384271575624,-0.009285425918449719,XOM
2022-12,0.595156463649955,2.8505453166132613,-0.1250911400196114,0.4321325211752549,-0.08299810305395842,0.05175224123879385,XOM
2023-01,-0.26673483195927167,3.06690129336965,-0.01591815575200682,0.30580939086380743,-0.06802772860032952,-0.04533126695079415,XOM
2023-02,-0.3048626276009236,2.917580466619865,0.07544351456853379,0.3288137853007257,0.18748547242583552,-0.0022321428571427937,XOM
2023-03,-0.2769899598312605,2.581007292585884,0.1548149485341799,0.23440942403299583,0.3046902805345872,0.07911328045556232,XOM
2023-04,1.1520082276592483,2.501529333825224,0.24303797502270766,0.3781804490837689,0.9250554589104424,-0.12900490011307952,XOM
2023-05,-1.2009805665719648,1.6867305793995853,0.00874307380505564,0.1810945865786793,-0.40350176709285207,0.04965920155793557,XOM
2023-06,-0.13822456141560627,0.1484703297460676,-0.5398332519718452,0.09238617850532821,-0.6404039624977153,-0.0001030715316429065,XOM
2023-07,-0.778651248222464,0.13136015858260233,0.09802997654652872,0.23208069166245146,-0.39271409150767944,0.0452530666941553,XOM
2023-08,1.3314344403097886,-0.14765268628105607,-0.18964197654026557,0.1858404838841548,-0.47036771646567804,0.05749506903353052,XOM
2023-09,2.2343312211747497,-0.04488822124572816,0.2526210113413379,0.3674502688438349,0.6597571753207012,-0.0997855077869999,XOM
2023-10,-1.328156412758929,0.20274831171856658,0.16737543672235158,0.5948154383598554,0.05973296652519958,-0.02051175800269356,XOM
2023-11,-1.5725610877902922,-0.39278163142264233,-0.212878882262643,0.47193326143624714,-0.18150924123867718,-0.026864093072448303,XOM
2023-12,-1.255375331079909,-0.5566526717728569,-0.43737176146413326,0.3819213659266785,-0.4031452486358369,0.028366481904140928,XOM
2024-01,0.15780693012166008,-0.7822551192584876,-0.2806775998644975,0.18919287658441572,-0.41891204778667823,0.025998731769181882,XOM
2024-02,-0.25632593075383003,-0.7436514756875672,-0.3742006952975705,0.18199348060417578,-0.2258714473015936,0.11217552533992592,XOM
2024-03,1.0336163258487878,-0.7182856140495112,-0.8940994010008012,0.13888045336232852,-0.6551874513325662,0.01741224414189113,XOM
2024-04,0.8748550899328035,-0.5877105873470172,-0.6899310367488084,0.28368827680436226,-0.45655565724408237,-0.00045516613563945096,XOM
2024-05,-0.5173050665093918,-0.5867782010203766,-0.36714227620059214,0.38838719093668145,-0.1659327973435041,-0.01830601092896167,XOM
2024-06,-0.6081255653647724,-0.3082603966761795,-0.247053473154825,0.21471982897363695,-0.10152229584908662,0.030151219964746234,XOM
2024-07,0.1182005160533188,-0.405481390304022,-0.6724911210879058,-0.07551887710102127,-0.6213943116381588,0.0026116714697406174,XOM
2024-08,-0.20376091674280042,-0.24257825516543435,-0.5225336873060253,0.03500851802725161,-0.5059755205943501,-0.006107967304410211,XOM
2024-09,-0.5294537992375652,-0.5267390023181807,-0.0326239046835741,0.12281322837367734,-0.3591397315059336,-0.003795752372345196,XOM
2024-10,0.025666123491518974,-0.8916786479392775,-0.5379269921768814,0.07802071982600213,-0.45163908412781295,0.01850675859566353,XOM
2024-11,-0.6268800282801732,-0.6171073854771054,-0.7874350449892478,0.03248803372515056,-0.5734802224208373,-0.08809120869332854,XOM
2024-12,-0.5846284298344417,-0.4392793968404244,-0.6605036404203469,0.07369402961097005,-0.3830493269059611,-0.006934948232076521,XOM
2025-01,-0.7978195559818437,-0.3463349703134688,-0.6000634237730424,-0.08793511700926535,-0.7450573946257792,0.05153929379364608,XOM
2025-02,0.6355470527471518,-0.5659721871904526,-0.4679914027860392,-0.182477222221988,-0.24204736207336897,0.06818819567860834,XOM
2025-03,1.8710949399655232,-0.3678909685887545,-0.626451486762784,0.004131722986057878,-0.24691745042732285,-0.11182136602451831,XOM
2025-04,-1.0660559138872128,-0.16224903045685504,-0.5661954553207311,-0.09319422178725932,-0.8349652351619364,-0.022577146800749293,XOM
2025-05,-0.9385180520255947,-0.6872658959570295,-0.8168999999775803,-0.07069578601166622,-1.343039649805348,0.05376235626386916,XOM
2025-06,-0.1075528654308465,-0.8159300752476069,0.08941121630163543,0.1313260262113188,-0.3703413372270908,0.035608308605341144,XOM
2025-07,0.39821111987756136,-0.7445499611080337,-0.34771551117140304,-0.17228252781212636,-0.16620731028845123,0.03327479434328495,XOM
2025-08,-0.1327573455499091,-0.6692555352592963,-0.8260081441652146,-0.051512584463729465,-0.8782944380992769,-0.013507469362197044,XOM
2025-09,-0.4361063131755488,-0.7187635278746729,-0.1528991897853773,-0.08465565323373943,-0.3415881153073859,0.014327167210736347,XOM
2025-10,-0.0745651963608342,-0.6928063281202727,-0.9370568946439856,-0.3583917745130117,-0.7845742749866348,0.02252816020025028,XOM
2025-11,0.3140664664702122,-0.6445308117618507,-0.8481684931882348,-0.2194996567002863,-0.5377623292718043,0.0381185521944396,XOM
2025-12,0.37567350427137586,-0.4092001946531861,-0.4567101547411904,-0.10185708412281837,-0.5390659652448936,0.17500421088091644,XOM
2026-01,1.2177748271312592,-0.16350200136953386,-0.35472916144492883,0.024815518142678544,-0.20155163817189975,0.08565080275229353,XOM
2026-02,1.0346155933542431,0.26280890778325716,-0.12422208304034998,0.22144710643349094,-0.09347877135146043,0.11256354393609302,XOM
2026-03,2.470747180510315,0.359872506020433,-0.6236727375417612,0.5085939295427735,-0.08372734738625895,-0.09037502967006894,XOM
2026-04,-0.917113819300653,0.4971964276884476,-0.21162833328980502,0.307969616458806,-0.7251056806105131,-0.04103333550786081,XOM
2016-01,0.0,0.0,1.6889510558351857,1.8197959056392938,1.6059518247704292,0.017429193899782147,NFLX
2016-02,0.562970883558346,0.0,1.2238085192895345,1.3418554806481338,1.0511388317071293,0.09421841541755893,NFLX
2016-03,0.23953386856480283,0.0,1.1150110616777988,1.49240095188977,1.018528878669231,-0.11937377690802353,NFLX
2016-04,-2.046158082809592,0.0,1.191380150251583,1.6333120311859484,0.08065257398155276,0.1399999999999999,NFLX
2016-05,1.4965577077388175,0.0,1.340087781341459,1.3874446500865376,0.21167603225885342,-0.10818713450292394,NFLX
2016-06,-1.8331905933785448,0.0,0.31361469783685963,0.9634843079773786,0.2518393755941223,-0.0021857923497267118,NFLX
2016-07,-0.8149895254561013,0.0,3.2916058317160495,1.775145671695909,1.2219827142879929,0.06681270536692208,NFLX
2016-08,0.9710382361277204,0.0,1.1041550713637283,1.0327428794608693,0.9868984253864674,0.012320328542094305,NFLX
2016-09,0.2660380672326902,0.0,1.1313574262074408,0.6271314943147676,0.1775613440885752,0.2667342799188641,NFLX
2016-10,4.728402704378276,0.0,4.686302018266818,1.7054630185939537,5.870332811821881,-0.06325060048038433,NFLX
2016-11,-1.3022852875909507,0.0,-0.05190263598988986,0.48706501411452,-0.4335282407341666,0.05811965811965836,NFLX
2016-12,0.48497058722538616,0.0,0.5767695854757202,0.5127742723354685,0.884298238320747,0.1365105008077543,NFLX
2017-01,1.8221276050842943,0.0,0.9088034297668155,1.2016229381824794,1.4941300936501845,0.00995024875621886,NFLX
2017-02,-0.5291502073305283,0.2787953488283803,-0.1824839572768297,0.2859938112290085,-0.18085393455831528,0.04011259676284307,NFLX
2017-03,0.547148199274725,0.08355043435835396,0.1384113381203203,0.33676883511800876,-0.25260469708367667,0.02976995940460081,NFLX
2017-04,0.4542931336477399,0.15358976938599017,1.8358113209599887,1.1793048800933563,2.2093528610043855,0.07161629434953998,NFLX
2017-05,0.7367342099291121,0.7850908082798848,0.25321043118972925,0.5994012716888258,0.41899919905099225,-0.08399754751686073,NFLX
2017-06,-1.61920259886898,0.7800461240780822,0.9682070081651973,0.5582354368157574,-0.3107572358729706,0.2161981258366803,NFLX
2017-07,3.2794632058620827,0.814500791013532,3.376348764179067,1.3897025334657163,4.601161279256898,-0.038525041276830096,NFLX
2017-08,-0.9789005179665978,1.992938150985421,0.989065771804893,0.9734469062884464,1.1389240010013644,0.038351459645106,NFLX
2017-09,0.11165306970434208,1.6014718780761865,1.1467143790869017,0.7396421253220925,0.4891340315627048,0.08269018743109147,NFLX
2017-10,0.6659733871012633,1.6406936016631637,0.9621847655507276,1.5850278923013477,0.8787325888614291,-0.044806517311608896,NFLX
2017-11,-1.399153283858705,0.5991423788954279,0.7355149382376623,0.6851939559511707,-0.3952191807448467,0.023454157782515805,NFLX
2017-12,0.18169500532036637,0.9658964100006204,0.2362332225376971,0.7215708101758729,0.8202790127650448,0.40781250000000013,NFLX
2018-01,3.8961432685726733,0.9559283912436922,2.146871410476884,1.7035308952669306,2.6843136537134638,0.07806141324454297,NFLX
2018-02,1.870422668656764,1.8094013297847242,1.2215507985725753,1.3324793101592172,1.2945042140131684,0.013726835964310125,NFLX
2018-03,0.8635136508125195,2.2033629802414123,2.1891497938091344,1.804980827096612,1.8769289154359918,0.0578876100203114,NFLX
2018-04,0.8701648934446427,2.546610620576449,1.7616344697017732,2.0231174292235563,2.509464422989008,0.1251199999999999,NFLX
2018-05,1.3024387826557497,2.7655801718556488,-0.07649902028001046,1.528463224005613,0.8189073877094736,0.11319681456200237,NFLX
2018-06,1.8685905707103008,3.0067556508562814,1.8355857842254375,2.2568291058883676,0.8558911771341812,-0.13796627491057734,NFLX
2018-07,-2.8206605840762933,4.317234657540017,1.2995954665682266,2.529833359540344,-0.22374086109299343,0.08980438648488454,NFLX
2018-08,0.7735936421390494,2.4479673373969573,1.3254888529512256,1.903071300712492,1.2155037449980766,0.017405493608920075,NFLX
2018-09,0.1151162786274479,2.7430433733468926,1.5624358007419046,1.6938801226971754,1.2765961247071824,-0.1932638331996792,NFLX
2018-10,-1.230084670560567,2.434179972327175,1.9340487514805744,2.1175787132601505,0.5982323525389187,-0.05202120609675287,NFLX
2018-11,-0.8474846167168492,1.9516983264372587,1.2478852396681253,1.8556041022143765,0.9665486376642941,-0.06431317721076546,NFLX
2018-12,0.3212554302106106,1.8155900267733802,1.742344424903998,1.5823278955663667,1.4640264049395921,0.26821068360104605,NFLX
2019-01,1.977953007062879,1.7499464267055194,1.3258084378765054,2.2594365491045614,1.5796872507458997,0.05478645066273935,NFLX
2019-02,0.4073484447443825,1.2683560673881782,1.1568592733866745,1.8397295726516254,1.4500164666670472,-0.004188774085451152,NFLX
2019-03,-0.4209764255625833,0.7163440774103563,0.7924490489239188,1.4275257534761752,0.9182176120288315,0.03897924845765566,NFLX
2019-04,-0.1078405549414541,0.28501134087815844,0.7312950251086413,1.7032104561424637,0.4543899762585714,-0.0734143049932523,NFLX
2019-05,0.11800621992523416,0.03749695959061221,0.5400056353558248,1.3193308549347391,0.23515926331008488,0.06990969997087082,NFLX
2019-06,-0.24665026387870842,-0.2764802149514695,0.5251493827561099,1.267847282545802,0.5968776771893721,-0.12060985570378435,NFLX
2019-07,-2.6660068780334,-0.7380631649145607,2.453141277772725,2.0021385006374826,0.3248106787923872,-0.09040247678018576,NFLX
2019-08,-0.9682207549500309,-0.6346489943834299,0.11777713649004669,1.301093899411654,0.1530050703091435,-0.08917631041524843,NFLX
2019-09,-2.0724831086577846,-1.0303237800096279,1.5874549856013969,1.7247122665614514,0.7671064535593728,0.07399103139013441,NFLX
2019-10,0.609385893551806,-1.6802649008411306,1.175807072289357,1.9017133586839843,0.5638607799294233,0.09498956158663896,NFLX
2019-11,0.947336040456956,-1.0574762681740764,0.4998265422541826,1.1766948199371672,-0.147423843703175,0.028280902446774725,NFLX
2019-12,-0.1352163577497074,-0.45053312617247143,1.8155647839540918,1.1991955482146297,0.9992421700259577,0.06644004944375759,NFLX
2020-01,0.6468970475326083,-0.5254972484936938,1.551007725715122,1.1569486129457962,1.8540440632854711,0.0692552883222255,NFLX
2020-02,2.611740326988669,-0.8615797199094715,-0.10065450791770916,0.6821599337330376,0.8448671582140933,0.017615176151761558,NFLX
2020-03,1.333405482389309,-0.28967094620042233,-1.0045534776352139,0.6785609937217214,-1.327029153668869,0.11824234354194418,NFLX
2020-04,-0.12948097904913294,0.38027487941890337,-0.49351356102412425,1.3409791215454243,-0.4339263640925346,-0.00047630388187669404,NFLX
2020-05,-0.8078926569640573,0.25090855899640224,-0.6462022761100409,1.001798752775318,-0.8215931911959651,0.08410769597331424,NFLX
2020-06,0.8630876647467575,0.04879639938834666,-0.5137008156740283,0.6989710916256253,-0.38032086612881705,0.0745054945054946,NFLX
2020-07,0.3499411576987621,0.1738178571636222,1.2529005806048343,1.5038932371941927,1.0935583616158902,0.08324810799754556,NFLX
2020-08,-0.02142126266515291,0.4326485338928241,1.5757183821162926,0.9102158311394636,1.9171350532581752,-0.0558912386706949,NFLX
2020-09,-0.35429842145004115,0.2921496602964435,0.5848729926781067,0.791582565700934,0.6302576741451495,-0.04859999999999998,NFLX
2020-10,-0.32971136001162854,0.49685660710633067,1.9874553601922293,1.2256105199320315,1.4492079960218087,0.03153247845280638,NFLX
2020-11,-1.1087528416575991,0.6084172064097367,-0.03489619289718466,0.6626748170783129,-0.8429950002293182,0.10189525168127167,NFLX
2020-12,0.8530484548762228,0.23520904173115825,0.7040752338844051,0.4797324070370551,0.1534227519222215,-0.015350471610874772,NFLX
2021-01,0.025984020652438333,0.34977572353324965,3.3311840352814213,1.1266600373534565,5.029766763012924,0.012021036814425345,NFLX
2021-02,-0.4140839247119645,0.4143973660023696,-0.5655886289066075,0.41824720941323396,-0.7165830484875256,-0.03173719376391981,NFLX
2021-03,-1.3676491597079468,0.1313453700031864,0.5525735614242385,0.3577404187646793,-0.15545903437187342,-0.015717845505079597,NFLX
2021-04,-1.0481471074438293,-0.45012012839915627,1.0308480205237838,0.8553148401532494,0.16872354683425966,-0.020837390457643656,NFLX
2021-05,-0.8863109015674475,-0.6677724556896802,-0.13549935672890587,0.3044880346195613,0.07078817973681284,0.05051710421638811,NFLX
2021-06,0.531927209842459,-0.7393802546963804,-0.2700349156528114,0.412706829235099,-0.21134502265370472,-0.02006815600151457,NFLX
2021-07,-0.6518511589101174,-0.9560314707052967,-0.47873995694302557,0.4841709610412012,-1.1191571241444978,0.099690880989181,NFLX
2021-08,1.587424908234395,-1.3394347980854289,-0.125850254001687,0.24060279080330055,0.9971202551641497,0.07220660576247373,NFLX
2021-09,1.6944972988076255,-1.0537326605083541,0.4053068216997818,0.6661928205294986,0.4797838800366495,0.13108307389808282,NFLX
2021-10,0.7514355401288122,-0.5381409596114315,0.7505141481606505,0.9057673905274075,1.0264775822121206,-0.07011444299579894,NFLX
2021-11,-0.6435148357503285,-0.20670441695327318,0.14242088680829332,0.3682456998772165,0.09079005958795136,-0.06153606480760232,NFLX
2021-12,-1.3697908351987884,-0.017740915053034923,-0.22153017114238482,0.1356016818207103,-0.7500400132698847,-0.29100265604249664,NFLX
2022-01,-2.628923632303795,-0.676159755757176,4.039394452665838,1.0579198785794022,2.708776742536818,-0.07632872863498008,NFLX
2022-02,-0.6323933776381445,-1.7251787859925325,1.3969236820267057,0.6499668912027445,1.3487475605878663,-0.050443599493029234,NFLX
2022-03,-0.9031027644569796,-1.803233552779743,0.626404456604639,0.1700609156674182,0.3373219118575803,-0.4917245061398826,NFLX
2022-04,-4.036194112066685,-1.4835890347174072,5.341333431253557,1.2020698039968973,0.7397554491974848,0.03676470588235281,NFLX
2022-05,0.21434406236535303,-2.320057654008,1.5758471673683458,0.3860289581206216,1.7482768305545702,-0.11398176291793316,NFLX
2022-06,-0.29367162846206396,-2.1122476586992627,1.7882411987816262,0.25126728123632686,1.4483508996732997,0.2858776443682105,NFLX
2022-07,2.302200904279745,-2.2484247171926004,1.9419792877272368,0.9143522313411698,1.4112324716679951,-0.00578034682080919,NFLX
2022-08,0.48018165275347136,-1.9743767985516125,1.384782338976927,0.40003122965484433,1.776455480342221,0.05277280858676203,NFLX
2022-09,2.2678652412023013,-1.7842995020729826,2.12597732358089,0.8268196036231971,4.775434647073161,0.24001699235344098,NFLX
2022-10,1.0927361987508228,-1.76820139650103,2.490638041520333,1.2842945216579431,3.98436007180281,0.04659129838985954,NFLX
2022-11,-0.400527834442043,-1.5289296882254066,1.3418530814217255,0.7767287025331591,0.827442251498661,-0.03469721767594114,NFLX
2022-12,0.23918916919530114,-1.4701073634406243,1.846365404403781,0.9702565098269639,1.297258911248581,0.20006781959986442,NFLX
2023-01,1.1117892212130946,-1.2484128540663388,1.2102149885101783,1.1174539539289,1.9661706329899702,-0.08985589149477258,NFLX
2023-02,-0.9971986503079844,-0.5530528207192484,0.3208445443957155,0.6319421078605346,-0.09075162463822453,0.07264824588637064,NFLX
2023-03,0.4288132008719604,-0.7043686743324385,1.1614112784038477,0.4686606661127603,2.271652968346924,-0.04515195369030378,NFLX
2023-04,-1.0190986197306435,-0.20037909902111362,0.2537150383381034,0.717218743023326,0.3949426847807527,0.19793876932403753,NFLX
2023-05,1.732202035135293,3.039648835345781,1.2072336507120298,0.6541207241708686,1.5204862822276355,0.11462550607287425,NFLX
2023-06,0.9800662216436213,3.4520889234653587,0.39929050629677976,0.7517714920398648,-0.1749227898132435,-0.0034052213393870323,NFLX
2023-07,-0.8344832718008891,3.4221566829695322,2.013639553806105,1.0255149784485695,0.7385728087671046,-0.01207289293849656,NFLX
2023-08,0.1474227803729792,2.365586268773139,0.9899466224772256,0.5266013211799734,0.35357877563406703,-0.12935208669587273,NFLX
2023-09,-1.9536015799690702,1.8706438393534488,0.6008000060976603,0.5409541057992083,-0.16383788586619977,0.09030720338983067,NFLX
2023-10,1.976135826068915,0.6931797507894136,3.614774369625439,0.8358193866211441,5.162458694644973,0.15132377945105646,NFLX
2023-11,0.7273345262029536,0.562125772273634,-0.5722946550321487,0.23833532020711726,-0.34868369402220273,0.027215189873417645,NFLX
2023-12,-0.43941981010511905,0.959744696515184,0.3514402822942799,0.28035157906069635,0.08315811820908613,0.15855411788868357,NFLX
2024-01,1.7613736451158577,0.6602595648714751,1.8457317261314774,0.8564523376058119,3.718711299831146,0.06878213082786755,NFLX
2024-02,0.34349299253810717,0.8337506147159751,0.15822086439682878,0.3528419556864324,0.23933129754933496,0.0072980593796649895,NFLX
2024-03,-0.47212434897813726,1.1287838319583563,-0.09342615550634137,0.15348885741790355,-0.24884256975619617,-0.09336407047587669,NFLX
2024-04,-0.7550719654967275,1.0464124129127084,1.3207827297027879,0.5269805422833701,0.4544624497228911,0.16527424627678888,NFLX
2024-05,1.8942497718877935,1.0557751850342287,-0.174696250274857,0.32996846273638913,-0.0007367028389135201,0.05190149625935159,NFLX
2024-06,0.4272019086423279,0.9616480725706296,-0.1716048032493437,0.2023295895981031,-0.1048628009593432,-0.06889909616239431,NFLX
2024-07,-1.2353149076999348,0.7723302539895681,-0.6789466728773503,0.4699243340858761,-0.5819416122104589,0.11616804583068108,NFLX
2024-08,1.4319882660029688,0.7347924638474643,-0.38668163048807946,0.371372879492653,-0.21458330020291047,0.011263187909894556,NFLX
2024-09,-0.2486733590891824,1.1221972662887287,-0.10212367049548367,0.19274268243101567,-0.47395235167787414,0.06583956012970527,NFLX
2024-10,1.2621572012623905,1.4107182901803168,1.5163340484329562,0.701418893934747,2.518064999285676,0.1730158730158733,NFLX
2024-11,1.3265111630761215,1.099032677132795,-0.48703556443814,0.5489134692553392,-0.6766966044853968,0.005074424898511287,NFLX
2024-12,0.44503429577425885,1.37836072847976,-0.15245390698567685,0.41107060713853155,-0.13358680105151113,0.09592729720632787,NFLX
2025-01,0.7208388314533951,1.6348183186638694,0.8185352566402301,0.8762191081730913,2.200278325446054,0.003890253890253881,NFLX
2025-02,0.05130488671130634,1.2608312976856024,-0.10311919272009681,0.7191954632330031,-0.6088927158615873,-0.049051601060575156,NFLX
2025-03,0.04179163043072337,1.399697274309913,1.0527001744713373,0.9821538528922221,-0.03236924117098282,0.21361930294906162,NFLX
2025-04,3.170308323593985,1.7873269782824628,-0.42710418255678284,1.0347489904934304,-0.14418259386945792,0.06671379340814698,NFLX
2025-05,0.023311247310921046,3.3464399144924495,-0.3836927901160473,0.8638689794300258,-0.9238582976227055,0.1092611000662691,NFLX
2025-06,0.5517172929499904,2.4012299468054352,-0.4299927621244361,0.575319955323291,-0.3466495530897243,-0.1341946083190202,NFLX
2025-07,-1.8176276810171996,2.679598862983283,0.47912173084424525,0.9725701453578092,-0.5963376740041482,0.04217698809729176,NFLX
2025-08,0.008832978702563414,2.2488405750439364,-0.13818003028814196,0.6153286415078201,-0.4136896729236939,-0.007779524952412409,NFLX
2025-09,-0.38049590513637194,2.0199831357706293,-0.1233743102547364,0.5314146185132188,-0.2521698480866804,-0.06672783384769376,NFLX
2025-10,-0.8035536185383273,1.659870706004245,0.7708625115670403,0.8471369469520279,-0.37076735573588215,-0.038519974975422255,NFLX
2025-11,-0.5768549973355109,0.6933544007944933,0.4110000962086636,0.6083630303902944,-0.036963809938336166,-0.12846253950548425,NFLX
2025-12,-2.3331198168904774,0.13712006633407578,0.35228317296894024,0.7582077869711863,-0.9928559201464763,-0.10953498293515374,NFLX
2026-01,-1.306913175738148,-0.44001827940929683,-0.7238928491569371,0.5842094354931935,-0.4612328406788987,0.1527128997484728,NFLX
2026-02,1.8384342110801035,-0.7031290652319155,2.049826874675492,0.5613815912354496,4.342704158674251,-0.0009351620947629646,NFLX
2026-03,0.6782734576169999,-0.47632203222036135,-0.4775702653979963,0.5512676024554597,-0.04871533284758373,-0.026417056682267348,NFLX
2026-04,-0.6176425417549584,-0.43062818620572946,0.3350633089786552,0.5814023851170875,-0.6036664486480646,-0.07744899049246878,NFLX
2016-01,0.0,0.0,4.252035932316125,-3.6284372946406496,3.9688271731072335,-0.027272727272727337,AMD
2016-02,-0.3776755182528677,0.0,1.086322383257447,-4.26328590135358,0.49152473598367835,0.3317757009345794,AMD
2016-03,4.497320767902756,0.0,4.805107302049662,-3.5639295985324724,4.587297830563669,0.24561403508771917,AMD
2016-04,3.4287466621341585,0.0,6.866699398917596,-2.4726383769286175,7.205983001959315,0.2873239436619719,AMD
2016-05,3.527686882478504,0.0,2.2712949795654067,-2.5807397106169723,1.2521866441395817,0.12472647702406991,AMD
2016-06,2.1974427613488534,0.0,3.856602870309434,-2.1368610663448107,4.388247025973913,0.3346303501945527,AMD
2016-07,4.433244895428631,0.0,4.5399564585431404,-1.3323768115518733,5.277649051946215,0.07871720116618075,AMD
2016-08,1.1945828948425312,0.0,4.2328268140073755,-1.2839298041605454,3.365049864212344,-0.0662162162162162,AMD
2016-09,-1.4173589950215233,0.0,4.708523986899884,-0.7853594736327912,1.9411405039235792,0.04630969609261948,AMD
2016-10,0.8988670997095166,0.0,3.2744612710342347,-0.9017757015156087,1.702225645668291,0.2323651452282156,AMD
2016-11,1.9004223299141765,0.0,3.0596873635589845,-0.7451522910585345,1.5322754718188898,0.2727272727272727,AMD
2016-12,4.622544659464931,0.0,3.696456457039396,0.08912167804404754,3.222714604751069,-0.08553791887125228,AMD
2017-01,-1.7251768605757134,0.0,2.807843292248738,-0.3261648933807021,2.9761232170596417,0.39440694310511115,AMD
2017-02,5.671623393649703,5.599848222478019,5.613148980290466,1.0333833328938975,6.28146257687278,0.006224066390041472,AMD
2017-03,-0.15073180306738038,6.698456349200506,3.799250795929849,1.0122942942529307,2.1647231867408325,-0.08591065292096223,AMD
2017-04,-2.1559891115802534,6.072807647838926,3.0315078259077843,0.31610595909738637,1.0011832488459265,-0.15864661654135348,AMD
2017-05,-2.441894330418269,5.181030040240683,5.805959476178741,0.6394291179986532,3.68285733952206,0.11528150134048265,AMD
2017-06,1.9023234875738846,3.0595788458307527,4.26042623039196,0.9574438441792275,3.547304802183745,0.0905448717948718,AMD
2017-07,1.1132915136893748,2.8504538498873075,3.232857434809554,0.9727970834715098,2.47065409974449,-0.044819985304922816,AMD
2017-08,-1.1228056662220116,1.9755882387147707,3.0519789106947983,0.3583107056845837,1.7784764825798531,-0.019230769230769273,AMD
2017-09,-0.8896450517231004,1.4900177882400354,2.830550285356934,0.3612937263011838,1.7311329905472765,-0.13803921568627453,AMD
2017-10,-2.32646441935468,1.657150785514665,3.9605058716421393,0.3555307244620408,0.9415190694013745,-0.009099181073703333,AMD
2017-11,-0.7870952732031622,0.4541372547425582,2.229996515716285,-0.1482999917622937,2.0663334779037106,-0.0560146923783289,AMD
2017-12,-1.812217506501203,-0.35333161565889254,3.2138185473733305,-0.6971814437205667,3.4585490507440086,0.33657587548638146,AMD
2018-01,3.0590501314274787,-1.5040907028937327,2.640718866664277,-0.0498682496607937,1.379766951117179,-0.11863173216885015,AMD
2018-02,-1.3934252434905017,-0.1547951451608492,1.7537953644308701,-0.4104334417387849,0.09262602562455334,-0.17010734929810067,AMD
2018-03,-2.3991161170743873,-1.2778735166446196,0.2700543566961921,-0.11057153508566345,0.3219863261534817,0.08258706467661692,AMD
2018-04,1.3166517920837109,-1.7100661568638182,3.5859141263909002,-0.4402949423144541,4.596620861595154,0.2619485294117647,AMD
2018-05,3.3089432489899626,-1.3047952137217358,0.6349746488799861,-0.26867046394693217,0.47562795564125354,0.09176984705025482,AMD
2018-06,1.5026491042322077,-0.029446136798182598,3.111285945543548,0.5417690640681354,1.449860494553863,0.2228152101400933,AMD
2018-07,3.0383497756599214,-0.09537971800415809,3.2915103350319646,0.6192957319628978,6.196784538284112,0.37315875613747984,AMD
2018-08,4.825177551897885,0.4493794164071978,2.3397404161101454,1.4038440612921355,1.9617712719653302,0.22725466825586005,AMD
2018-09,3.610823154117936,2.1845135086896645,4.229919426004631,2.2016410555381722,4.8797582676506535,-0.4104888313370022,AMD
2018-10,-3.361606504725884,3.522274244764534,3.6069301035912473,1.343476381402974,1.1983240254535594,0.16968698517298186,AMD
2018-11,1.786784986549029,2.5074568192565727,2.898194319197375,1.150200380341882,3.3646712164422903,-0.1333333333333333,AMD
2018-12,-1.0286320597449121,3.6455123171280457,3.722865146449309,0.933125456276999,2.89278035608767,0.3223185265438786,AMD
2019-01,2.561320426617182,3.508897597925422,4.406274019704484,1.2718444529370625,4.9764793294055085,-0.036050798852929056,AMD
2019-02,-1.631215132025022,3.8077734144007107,1.075685285771298,1.0900854935523574,-0.316102622763136,0.08457288567785803,AMD
2019-03,1.3135829764013167,3.9473445629779897,3.838119181878133,0.9909852928757528,4.5775519874026696,0.082680250783699,AMD
2019-04,0.3758749780827728,5.320256059533432,1.4728956598544467,1.0285712950635628,1.6541712206985801,-0.007962359753890702,AMD
2019-05,1.0834692860353201,4.894191299317871,3.5287368250456916,1.345159470275696,5.071341303098969,0.10798978475009124,AMD
2019-06,0.49864656638388427,3.745805382532519,2.3811172924980553,1.53247802562995,1.954950764040274,0.0026341784655909972,AMD
2019-07,-0.2851453644452559,3.6087951782339642,2.582120670085904,1.219109526920919,0.38283734793114726,0.03284072249589487,AMD
2019-08,0.8937190533616451,2.5118147562043203,4.206181162726676,1.59915719816579,5.289914811342649,-0.07821939586645477,AMD
2019-09,-1.8661268481908222,0.9106931817347085,0.4748351538056919,1.0539227432341143,-0.5936833889671288,0.17040358744394624,AMD
2019-10,1.9938808237189602,-0.5312555129085113,0.47892897729958533,0.9611445167680432,0.5516259656576604,0.15384615384615374,AMD
2019-11,2.0996143593920835,3.758257265971557,1.5216421204623234,1.5989063587916696,0.7663862241053448,0.17139208173690945,AMD
2019-12,2.496784180732714,3.471372669291797,3.2561198017344677,1.2844367369650136,4.167677531098579,0.024858264282599185,AMD
2020-01,0.22261517607582212,4.649950900343453,2.073503835883709,1.2079233751112255,1.778249271271876,-0.03234042553191496,AMD
2020-02,0.8478825432275336,2.5752447779152265,1.6594226877127811,1.1189551441708643,0.7598971102729835,0.0,AMD
2020-03,1.1817759057815276,3.0076383539461773,-0.04057962353580666,0.9820338834908314,-0.34239694214821204,0.1519349164467898,AMD
2020-04,0.24206845281014272,3.0444576457179773,0.6139639825591148,1.2988756357733318,1.0629948525399209,0.02691353311700695,AMD
2020-05,-0.32639630121344876,2.1821896224145325,0.46394987782576946,1.091243134684463,-0.008201830579795911,-0.0221189591078067,AMD
2020-06,-0.5611523563733317,1.3722812087052352,0.19212929988443533,0.9042116054278838,0.9594321008594071,0.4717734271051133,AMD
2020-07,4.411935498184077,1.0085324261657331,3.2070032159606474,1.3520705403229358,3.8068873195242467,0.17293038873821498,AMD
2020-08,0.7599554846659746,1.8015933699189444,2.0318010893466774,1.39788705898308,1.3576439152844104,-0.09722528077515968,AMD
2020-09,-1.063581264475817,1.0769884721208896,1.07911509354544,1.1947907350821785,0.1619064286312224,-0.08171728259543831,AMD
2020-10,-0.8375873703348145,1.3482266593654062,1.0889880505652425,1.4188688562155887,1.2053684693332767,0.2307079293398857,AMD
2020-11,0.6564528325281178,1.3368463170740903,0.4661443051364286,1.201796619186947,-0.1829676574370965,-0.010252536153680158,AMD
2020-12,-0.9040755576110914,1.0099922927624354,0.329149940608919,1.1441554728324597,-0.03711658383852946,-0.06618689346854212,AMD
2021-01,-0.9256414342392737,0.6758173928474457,0.7912542307169679,1.3211190316780408,0.4271309706445224,-0.013194768799626333,AMD
2021-02,-0.6653231389728053,0.8087599305927047,0.9922465056228039,1.0977534806624738,0.3129899298355782,-0.07111584427878359,AMD
2021-03,-2.0278175354211636,0.8470990060199699,1.2993631154842167,0.9222923891299382,0.8428504227288166,0.03974522292993643,AMD
2021-04,0.04256633171133841,0.03842586318257525,2.1869288341763453,1.1784857372214206,1.6920026002359951,-0.018867924528301994,AMD
2021-05,-0.8446611500657477,0.02126168865317536,0.7381333914055689,1.0752942328946333,-0.27118956828403684,0.1729520479520481,AMD
2021-06,2.5748978896518255,-0.04409114233236754,1.2291109869019459,0.9942981010960829,1.3027536813764045,0.13052272969232392,AMD
2021-07,2.153035945905948,0.8214452298667189,1.944548122402358,1.4749119055406836,3.2909496416919852,0.04265938412279868,AMD
2021-08,0.3991055432059687,-0.29167620593989446,2.687504937988507,2.250615257273836,1.8900176618548008,-0.0706286127167629,AMD
2021-09,-0.6946850547725503,-0.5581945929876789,1.218457478159112,1.3200753694686127,0.08930354875764382,0.1684159378036929,AMD
2021-10,1.173026169131736,-0.4329853666953083,0.45118666658170964,1.4340785009686048,0.31386030070491233,0.31722531814023114,AMD
2021-11,3.119133458009569,0.14227143343388718,2.3690182297193516,1.844684697235089,2.57975842334769,-0.0913683147060681,AMD
2021-12,-1.7837754947334077,1.3038791999973536,2.4761769068706765,1.5943853138057773,1.6353235835015245,-0.20604586518415569,AMD
2022-01,-1.7998340360666458,1.0361173589360053,1.9168848609280316,1.7380669428640199,1.693715788490985,0.07956236323851207,AMD
2022-02,1.6633806354711873,0.17580869405131055,2.302907189134265,2.0944075333296444,1.0138173137129964,-0.11350737797956867,AMD
2022-03,-1.7653697694374855,1.118379484327342,2.2360584007382034,2.045887019253631,1.3460315588029041,-0.21785256996524605,AMD
2022-04,-1.2999549277443034,0.8307669847431118,0.8340112725278531,1.740881962071155,0.6333245308583572,0.19106641721234796,AMD
2022-05,2.212816375206993,0.12241524967302002,2.413397131711582,2.1140594241064408,2.639733702524495,-0.24926369526801495,AMD
2022-06,-2.119760102389473,0.8791014256508228,1.6447866865229932,1.9444106364309643,1.3305735064296929,0.23538642604943116,AMD
2022-07,1.7108192614207482,-0.3461889424105455,1.0583039274808577,1.816441730154413,0.28472405482880353,-0.1016195617656398,AMD
2022-08,-1.1837864743222068,-0.2732469531906999,2.1244274125359492,2.0230810087187927,1.6175687144302688,-0.2534464475079534,AMD
2022-09,-2.308629975710023,-0.5101420470381691,1.374982486218454,1.701572562310374,0.706574472085305,-0.05208333333333326,AMD
2022-10,-1.3655420478348377,-0.8938928716753864,2.006989758610595,1.6067579488531198,0.38340396281904326,0.29254079254079235,AMD
2022-11,2.6984726465096163,-1.2801132399223745,1.9041314679041106,1.6016092865321898,2.559486214621983,-0.16565760659538842,AMD
2022-12,-1.5952983698678176,-1.4278802743294767,1.3476217931408765,1.288382800683451,0.6920476179808844,0.16025937934228818,AMD
2023-01,0.7417883553516031,-1.371338841502033,1.8756224768824914,1.2249664291074076,2.316895244716549,0.04564204923486348,AMD
2023-02,1.1097277152831275,-1.3342962731665917,2.3829090955688943,1.4005512388137353,2.5473191591026496,0.24726393484347176,AMD
2023-03,2.0746954838344482,-1.6317005777365845,0.9772803059492897,1.593451853657515,1.7072899500650494,-0.0881542699724518,AMD
2023-04,-1.7704159449304309,-0.3549365834279921,0.5521622734009954,1.3861998772586155,-0.14786713515385752,0.3227033680205884,AMD
2023-05,2.851530483475528,-0.11902589204318031,2.857847697613754,1.887014411011797,2.0797303430598424,-0.03637594112173248,AMD
2023-06,-1.6191816174804903,0.36618829163599165,2.588570343922478,1.7733492036821739,1.3021372633286912,0.004301641646914378,AMD
2023-07,-0.7041773253663068,0.6532194742505059,0.5978296122473991,1.5572109489954613,-0.40720382379416586,-0.0758741258741259,AMD
2023-08,-1.1703293200402247,0.05876168088772649,2.874576630956125,1.7212378359064815,0.6810690303136512,-0.027430949678395766,AMD
2023-09,0.330826412413774,0.06958191476895458,1.80251057229427,1.4848935654912867,1.6562726547398912,-0.04201517214549688,AMD
2023-10,-0.3239618252182961,0.7362795387413085,1.2672262411205582,1.4455350030085707,0.34740582965618944,0.23005076142131986,AMD
2023-11,1.7810388019268732,1.0796070474294868,2.407640311763146,1.5643098423743005,2.9844699282936418,0.21665566193463182,AMD
2023-12,2.4188836039610346,0.9830564885025049,2.2951253539731353,1.8077214688923637,3.1655343095861537,0.1375754697781697,AMD
2024-01,1.5029722878656948,1.9231174405127711,3.005417658415605,2.2613100382569438,2.504316397856217,0.1481304788598008,AMD
2024-02,1.4559487984973976,2.318021542549955,2.991553153730918,1.9472863261508018,2.0479298855064765,-0.06253570872071879,AMD
2024-03,-1.474737676277843,2.3333753796319034,1.3748937417463152,2.1489472145577286,0.8326173907918347,-0.12249986148817116,AMD
2024-04,-1.1837666211741635,1.2539649559185584,1.702011622004195,1.789776656975282,-0.12556091022396457,0.05379467104432378,AMD
2024-05,0.2720928769771257,1.323190714699023,1.8765656652764722,1.7480266798121893,0.5834722238259551,-0.028100659077291756,AMD
2024-06,-0.7525640838696271,0.3447420053676728,0.7344698594035304,1.601123874139445,0.5066859558181798,-0.10930275568707237,AMD
2024-07,-1.7874280001259184,0.46997615688230154,1.833667725504249,1.7733118285784326,0.19312617918535788,0.028239202657807327,AMD
2024-08,0.16539681158892558,0.16059853643681934,1.1814577909087203,1.6027707974999041,0.6605636883229723,0.10446957458266026,AMD
2024-09,1.2578775842279701,0.44897441649804654,1.674780804212069,1.20202775337652,0.8765749692951695,-0.12195270599707475,AMD
2024-10,-2.072407593478771,0.6419977497102041,2.3554281744322476,1.5682807720873428,0.4391211829527719,-0.04782397445686115,AMD
2024-11,-1.4654704903847169,0.17554849250534382,-0.025564736398935365,1.0420211666783965,-0.5499660601742092,-0.11947805802595135,AMD
2024-12,-0.9315145893134096,-0.5860587475316575,0.6818047568250425,1.0935044029767145,0.4683900710405974,-0.04006954218064407,AMD
2025-01,-1.2870187641051543,-1.1557627989708357,0.9862252225310302,1.0022596594603257,-0.18428930162086637,-0.1387667097887021,AMD
2025-02,-1.6978639030245104,-1.6309018519695502,1.143230979958202,0.9192141930879023,0.6576771952334378,0.02884037652713789,AMD
2025-03,1.257147306152328,-2.3285517014460733,0.9219518903862591,0.6145172621286545,1.4154667937230905,-0.05246252676659535,AMD
2025-04,-0.2933631075340081,-2.155442193368586,2.38422471371472,0.6745917525844111,2.7413142736401004,0.13744221879815122,AMD
2025-05,0.7851877789824393,-1.787188546051183,0.8485176546376475,0.9822353920117525,0.3600012918274892,0.28149552966675695,AMD
2025-06,2.597691884476448,-1.6031429434150108,1.920394973328657,1.251953206428172,2.1394230675286043,0.24249471458773786,AMD
2025-07,3.097969958282362,-1.0630545543140173,1.4562318602841566,1.5395952658526624,1.8256149736054463,-0.07759060745278212,AMD
2025-08,-1.8960831753905014,0.15513869323583748,2.5587634512248525,1.7293059910021154,1.3558846568349674,-0.005165098690278591,AMD
2025-09,-0.3551134466444139,-0.3735363010147082,0.302830310274085,1.1383173121136423,-0.18479357035437546,0.5830397428765686,AMD
2025-10,5.040293575996364,-0.7288043921759056,4.898769908962298,1.9683443124404758,5.304430598470746,-0.15067156020615335,AMD
2025-11,-2.21356763719535,1.5495071623427286,3.1131036877647187,1.6320585939723629,2.560813309105417,-0.015492116029972913,AMD
2025-12,-0.4960954254875291,1.1846036526974355,0.9921283914429185,1.005344390536547,1.3647477116595388,0.10538849458348887,AMD
2026-01,0.6000814914957899,1.408669949982251,1.2344097199529236,1.2352170304864531,1.4108394544066396,-0.1542685760148692,AMD
2026-02,-1.8411021674138879,1.5120966637287925,3.554545867309749,1.2491992462953934,2.1053950812535227,0.016083112731631877,AMD
2026-03,0.9470413713850779,1.4894510080056675,2.1084218088829103,1.0656430514397068,2.146568121393626,0.7425650100771763,AMD
2026-04,2.982972536932745,1.5498957672393197,1.4784406686370264,1.5568824944770872,1.8863885957102549,0.4615080820333437,AMD
2016-01,0.0,0.0,-0.3553757365359793,0.5811995747521407,-0.5494764495447557,-0.003170648850639779,DIS
2016-02,0.12949582358759795,0.0,-0.606883570035763,0.5311389354336341,-0.5760310199116898,0.03964557537203217,DIS
2016-03,-0.7385860947939356,0.0,-0.5662232225862716,0.2605419758523824,-0.7034996254838246,0.03977272727272729,DIS
2016-04,0.341077661080306,0.0,-0.2707448344078187,0.42069839576940954,-0.10589325844126354,-0.0390920554854981,DIS
2016-05,-0.9725528103404592,0.0,-0.2281649750103527,0.8375321602014333,-0.7119756295140169,-0.014107611548556331,DIS
2016-06,-0.20511887730037967,0.0,-0.800743039871758,0.3442558965292162,-0.7528348821201823,-0.011980033277870339,DIS
2016-07,-0.9676023782048789,0.0,-0.7978785236768072,0.31894957208169294,-0.7769933740581748,-0.015493432132030915,DIS
2016-08,-0.5745204945900898,0.0,-0.5854127162383627,0.9596623521270572,-0.4329056400785913,-0.016991675219523272,DIS
2016-09,-0.36225212777070115,0.0,-1.1163884988013815,0.3979073675327595,-0.8679495911777041,-0.0017401392111369152,DIS
2016-10,0.06407566265613181,0.0,-0.8713318772011642,0.18546909273738052,-0.6225069487936413,0.06937826844857642,DIS
2016-11,0.13461885228049442,0.0,-0.6485734809541416,0.44423837582486186,-0.3237253571039023,0.05955227124538154,DIS
2016-12,0.5125909628368487,0.0,-0.599921117317202,0.6425360731923727,-0.3954490444722576,0.06174358974358962,DIS
2017-01,0.6276989399989057,0.0,-0.46469934770372445,0.4072296135175728,-0.4933221253989899,-0.005119783616692408,DIS
2017-02,-0.7722097255478495,-0.32415216900993266,-0.8371251426410466,0.3268776598742377,-0.8666827358474579,0.030002912904165457,DIS
2017-03,0.3389554533114954,-0.36051533424248383,-0.9397892796217397,0.07043689262635121,-0.8393559954219888,0.019513574660633637,DIS
2017-04,0.2228623133987992,-0.3108347984739507,-1.020618148464038,0.013606094656801654,-0.6173862302301701,-0.06629680998613041,DIS
2017-05,-1.1670657890945477,-0.401074654600789,-0.28539728459521263,0.5404287373785545,-0.4838141728270824,-0.015646662705486203,DIS
2017-06,-0.41135147114197684,-0.5080339376235086,-0.5307753244899123,0.23563502093672248,-0.589848779145016,0.04235412474849087,DIS
2017-07,0.2825177078491176,-0.5428720793043803,-0.41993370022951687,-0.012850331507041554,0.03732570882880013,-0.07943248721165919,DIS
2017-08,-1.9140624583636314,-0.3295121840175575,0.381207550529606,0.6900297468786664,-0.31940390620694437,-0.026001258125393112,DIS
2017-09,-1.0073771705326322,-0.5320593907464601,0.1501737962887662,0.562266934580948,-0.9646436830491589,-0.007642626480086179,DIS
2017-10,-0.5586723723385227,-0.6836871103869513,-0.8138722834045948,-0.11105719779649431,-0.7027721293759628,0.07159127888057282,DIS
2017-11,0.5960166472561238,-0.7874797591759194,-0.47754663650337553,0.3333725496767639,-0.4216311403821005,0.033910314809191044,DIS
2017-12,0.4440451246295189,-0.8677772248475399,1.1580239627092046,0.681177706695402,1.827169319102731,0.010769532014881511,DIS
2018-01,-0.7694616210661218,-0.9655424373997132,-0.11145795766859774,-0.010487654968805984,0.219299753102382,-0.05065865943432768,DIS
2018-02,-0.265507079079984,-1.2344693203333927,-0.5696325913433984,0.05342657242782514,-0.6911176186722953,-0.02632384450566272,DIS
2018-03,0.15270710447329072,-0.9502825822307809,-1.11321289454687,-0.2510686583357777,-0.9389478375046529,-0.0011526773551295832,DIS
2018-04,-0.19709408744505674,-1.0302528320210902,-1.1190039020844067,-0.11650094083428549,-0.8615604823609232,-0.008602601762484174,DIS
2018-05,-0.6585192049785545,-1.0961203521773524,-0.29783818288778263,0.26344424391629,-0.21701053132183395,0.05375661375661367,DIS
2018-06,0.853438322098792,-0.9812894095084164,-0.3977644151203249,0.25494941066342863,-0.2972259622762031,0.09208676441052432,DIS
2018-07,0.9153491517942468,-0.7153049902744895,-0.758519569318098,0.052539920504142516,-0.5070778761385601,-0.013517241379310319,DIS
2018-08,-0.7037657700270791,-0.7150316148351904,-0.6123335178583517,-0.037906761521880036,-0.505088204675963,0.04390380313199094,DIS
2018-09,0.5565300842548442,-0.5034642496401219,-0.3990006089120168,0.0075637511443903726,-0.2372438729892895,-0.018037324761139395,DIS
2018-10,0.48932668570141385,-0.1522488394727999,-0.4849073559826253,-0.1800838182827325,-0.6950566795150052,0.005728835136855404,DIS
2018-11,-0.1613161114496626,0.363446504808307,-0.8925034975916036,0.11308073709525347,-0.9700565871295662,-0.043218806509945806,DIS
2018-12,0.7338164662499097,0.09338454638759033,-0.5640188487991611,-0.134266170152116,-0.04179797401526565,0.017104517104517214,DIS
2019-01,-0.729365348577794,0.18030766688260633,-0.9315067449728192,-0.13769182718435558,-0.6336789984373569,0.011799684102945296,DIS
2019-02,-0.5573577419700203,0.22688831991360836,-0.6339596405278966,0.3158742599001098,-0.9550888168563312,-0.01597796143250696,DIS
2019-03,-0.6513579417361056,0.18344221835180707,-0.5387745700116715,0.9419969326130189,-0.28626876049152694,0.2335759611795447,DIS
2019-04,2.0461020918828052,-0.03347684414712877,1.5156822800257777,1.2913344166446976,2.6203824254756722,-0.03600877524774937,DIS
2019-05,0.6697645718809403,0.7592359311323161,-0.9855698798359571,0.6363968837908152,-0.6586845463042058,0.05760025111826095,DIS
2019-06,-0.48756866690536943,1.1908056123435442,-0.28367934116214166,0.7089130838080792,0.33441746216645096,0.03049640127624831,DIS
2019-07,0.2531045753590953,0.9204312180088673,-0.7532003042127143,0.4967160347996241,-0.7993319781233776,-0.04025057603686644,DIS
2019-08,-0.21053334497538911,0.7946078045666428,-0.03173892884202045,0.7669139531078192,-0.3561446233077644,-0.050566434091079526,DIS
2019-09,-1.345326785601072,0.8803004855560791,-0.5744773941466805,0.5140273632704164,-1.131596214754992,-0.0030027657052548173,DIS
2019-10,-0.4962535179102081,0.4547815753343112,-1.1268544450888838,0.363746439367437,-0.6436220240744969,0.16667987635729564,DIS
2019-11,2.350869480239279,-0.026497857517376707,1.667137838992442,1.4317861804903826,2.8652504509487637,-0.04014945652173907,DIS
2019-12,-1.3937395740844176,0.776722829706861,-0.6058593748544566,0.5733889236084007,-0.730955141109985,-0.04366904947271566,DIS
2020-01,-0.47660677443269656,-0.012705806725523431,-0.4167352196415443,0.32374553577295456,-0.22003728549188828,-0.14934872705743052,DIS
2020-02,-1.1835614575179707,0.04179291614560401,-0.12458982719813289,0.574773203143995,-0.2896186823014332,-0.17896293718461798,DIS
2020-03,-0.3587181636504687,-0.19823150363409003,-0.12174733407240634,0.5182185227887437,0.09171171588464125,0.11963547737628466,DIS
2020-04,-0.11411800614365042,-0.24949482981230175,-0.5062461992291704,0.42777701038654564,-0.7462672782519327,0.08461101646791591,DIS
2020-05,0.687889689994764,-0.5948039265027222,0.5217416101537133,0.8192410826167021,0.6235930216329764,-0.04938917975567192,DIS
2020-06,-0.926779416754787,-0.5291071536468107,-0.06734488536103125,0.33485771565204175,-0.6343450947579089,0.04865063337617026,DIS
2020-07,0.08557977596298894,-0.554170237564644,-0.6477697792499089,0.17128794211821474,-0.6370909532293362,0.12771358543417377,DIS
2020-08,0.3659940644319225,-0.4864788070561621,0.6334155049508491,0.42475745171954377,1.1740053606332634,-0.05907009236978977,DIS
2020-09,-0.4088468341980281,-0.312512945418752,-0.7401860244836505,-0.009326864827813513,-0.9846325798185414,-0.02285101468404549,DIS
2020-10,0.06516680954986093,-0.31088906670855687,-0.3153968919388054,0.05388302711420004,-0.17549024956939122,0.22076825664837485,DIS
2020-11,0.5683618225343657,-0.31714123367803343,0.696031072687359,0.3658721007585186,1.0935570484004662,0.22406639004149387,DIS
2020-12,2.767217650630548,-0.3183203533060751,2.7723623546003626,0.7447291756959694,4.808666619099875,-0.07180790960451977,DIS
2021-01,-1.030863277986064,-0.06474787220145702,-0.27692463671031664,0.1998890826096407,0.4607599990809758,0.12410980583115228,DIS
2021-02,0.7027193488481073,-0.046974282119527325,0.6182256973776593,0.7594257523917078,0.8077404383179964,-0.023933290015161424,DIS
2021-03,-1.2368196265807134,0.39495591075687914,0.08266375873430837,0.5086871928413256,0.8797826092546429,0.008154887384888454,DIS
2021-04,-0.5786759561504631,0.30557394320691106,-0.8552023087784194,0.09937212334714311,-0.48425711463582666,-0.03961921531942991,DIS
2021-05,-1.2835040322469569,0.35448657852458804,-0.43863731279946144,0.3757855814761579,-0.8044836585615187,-0.016100383888156822,DIS
2021-06,-0.5796637363989384,0.03842507733143054,-0.8833922517155322,0.1166550404667922,-0.6356770668041146,0.0013976240391335715,DIS
2021-07,-0.25203221001807613,0.22625714984939807,0.44805357580717275,0.22327860320487397,0.8308161963450126,0.03000697836706201,DIS
2021-08,0.1354775551669318,0.1566700111065423,-0.30318476429999786,0.3116102664802204,-0.18951722278972186,-0.06690379403794033,DIS
2021-09,-0.6323805954628712,-0.02359127929585159,0.39433873280186305,0.2200939879544319,-0.42468977068027364,-0.000605070490712345,DIS
2021-10,-0.7356855059679798,-0.10205124076151505,-0.009731841959209429,0.16473796749410202,0.3794488208570997,-0.14294363383180952,DIS
2021-11,-1.3509832088172296,-0.3424395683555327,0.17486412078886818,0.5938794960930692,-0.16763779110302363,0.06894602995196375,DIS
2021-12,0.4409202495585456,-1.1025172494217053,-0.3121060146223898,0.14449814723717344,-0.16631541172390582,-0.07698916204070849,DIS
2022-01,-0.540375329824881,-1.6516533080037004,0.005405550115901593,0.053640830741320575,-0.4706963303547451,0.03844776974296549,DIS
2022-02,1.0578950097548154,-1.5538769680418003,-0.2969886127985948,0.14299864151029348,-0.3521557503116489,-0.0761169332597903,DIS
2022-03,-1.254132613067383,-1.5896196188498173,-0.15336970697687768,-0.19515193142053835,-0.15882090261933887,-0.18611940298507457,DIS
2022-04,-0.9829106327113768,-1.396706676525359,-0.23333639386732904,0.1398362517064044,-0.30426176960696233,-0.01072803961122315,DIS
2022-05,-0.40076860302020406,-1.492667297370481,-0.15816239017278913,0.07142490939383839,-0.5041409183507047,-0.1452405227546575,DIS
2022-06,-0.7156146038136636,-1.344922401769456,-0.6624725124796613,-0.1779623581831435,-0.4226394019441912,0.12394274560832796,DIS
2022-07,0.40552798464044215,-1.437451051255791,0.012936668899971648,-0.17013722830770175,-0.28717282321063187,0.05643994211287984,DIS
2022-08,1.560455293378513,-1.3455034001561204,0.752643790750484,0.3350551525712263,0.7986866594856946,-0.15844748858447488,DIS
2022-09,-0.8888555086514416,-1.0157980343366593,-0.06766709713320386,-0.15485972453451363,0.4939983415479942,0.12946283233857825,DIS
2022-10,0.16232680603581628,-1.114990362292404,-0.3523801129567105,-0.38193313213095015,-0.30256131879101444,-0.0813797079169869,DIS
2022-11,-2.012981689904794,-0.8563623011397279,1.6340744293130278,0.47211528576893036,0.07264206540552252,-0.11222675452358544,DIS
2022-12,-0.8468412742834599,-0.8790278166073305,0.6736771321138354,0.1192058128171971,0.43120053705447176,0.24870405278039587,DIS
2023-01,1.5638403006475168,-1.0258962405819447,-0.35870957343436166,-0.11873124840934339,0.12093458251598231,-0.08189451835078776,DIS
2023-02,-0.8734032118456357,-0.8720161818315558,-0.08544225619902562,0.16571588230108714,-0.01605618008572179,0.005240982427294094,DIS
2023-03,-0.2065502153989291,-1.4568710037586492,-0.18855884787666466,-0.5261568734412722,-0.5760927933467048,0.023717031281946577,DIS
2023-04,0.1841496248309141,-1.3463062204791745,0.07848502361810422,-0.33855747876110137,-0.07137380773950172,-0.14190133812662264,DIS
2023-05,-1.3166812549212659,-0.7015131086225785,0.8173268480934001,0.1383507274076445,-0.21467547233422846,0.015012219248225156,DIS
2023-06,-0.7346168184025488,-0.9688347435526725,-0.8010371682443368,-0.10271866176690238,-0.5502948505571525,-0.004356798899334935,DIS
2023-07,-0.8505723361550004,-0.8101824586604576,-0.18854986612514024,0.05195470965073254,-0.28278539917187157,-0.058613542146476294,DIS
2023-08,-0.8138288354114025,-1.102871467514495,0.6515716746564317,0.21070925431443624,1.0962514673957064,-0.03143730886850149,DIS
2023-09,0.2410291500475938,-1.2257481610513639,0.05693672994484299,0.0940969340543945,-0.5556333504902334,0.006693609497347541,DIS
2023-10,0.5227200288560127,-1.0223756661075585,-0.46021770957101604,-0.2828119893689772,-0.2916132874268795,0.1359929745326811,DIS
2023-11,0.5221426810629594,-0.8905346094231813,1.2710433855289973,0.10827004425130923,1.616173733979406,-0.022749861954721173,DIS
2023-12,-1.1932992566164926,-0.5749393134424349,-0.5357671525214611,-0.368418517750259,-0.7821227852927486,0.06384902248841673,DIS
2024-01,0.5948578114444539,-0.5696669123101297,-0.09670891679890026,-0.30847455984803096,-0.19054210134905566,0.1616741024006798,DIS
2024-02,1.6458290293462399,-0.8095657177467258,1.6458094356824335,0.08015153590849504,2.2807086470566205,0.0966532553035846,DIS
2024-03,0.8107608902662538,-0.4290862701962564,-0.41255995238258725,-0.23250760756579888,-0.12431251964125804,-0.09205369799049445,DIS
2024-04,-0.7357915663068417,-0.2704495848009243,-0.5856359582125629,-0.32195881266567034,-0.6288946213722767,-0.06474423730370094,DIS
2024-05,-1.452785488328429,-0.45143121665929364,1.1912636507313885,-0.07855593572963743,-0.3815979617055165,-0.044481539670070736,DIS
2024-06,-0.9941276488690819,-0.31635205675493194,-0.5043286397654096,-0.46287655266852445,-0.6230879487791542,-0.051998766827664133,DIS
2024-07,-1.0043731266388345,-0.3924019055527399,-0.6362519341896277,-0.4096501790624272,-0.5174223820633553,-0.035338753387533894,DIS
2024-08,-0.7504266305302778,-0.5231214155419611,-0.1191845439964018,-0.23558381720187796,-0.27826589429599635,0.06427688504326334,DIS
2024-09,0.6082189449265404,-0.5564788497760617,-1.031061824345883,-0.6472832040400277,-0.8666114032286969,0.00010558547143912911,DIS
2024-10,0.09494088168359462,-0.4449840695383896,-0.4646289684323154,-0.6956092233803697,-0.32614940110975116,0.22117820945945943,DIS
2024-11,1.9354065290036981,-0.5024708973604525,0.03743558898606473,-0.18753526550010094,0.405318954762868,-0.047894873346589484,DIS
2024-12,-0.14038019562042756,-0.1999268764178759,-0.8677704233592984,-0.6004061934221063,-0.5881408581214816,0.015345500771815068,DIS
2025-01,-0.468870964480943,0.017526169495536675,-0.9845925980254961,-0.7861702490959266,-0.9642229483077376,0.006528349132534528,DIS
2025-02,0.08365152961709924,-0.250995362624988,-0.4708147760877991,-0.5668660783089148,-0.4046331321527429,-0.13265215459795643,DIS
2025-03,-1.2626354798029193,-0.6104964031464104,-0.31928958111730077,-0.7091410873387316,-0.7235436594116936,-0.07856996517107151,DIS
2025-04,-0.633211900058291,-1.156764146430496,0.3171024157838764,-0.6798872349303121,0.4778022811536343,0.24291272929405228,DIS
2025-05,1.9213011066459995,-1.033919559084741,1.2122554501979355,-0.2981710406163542,3.1649140821743162,0.10178890876565294,DIS
2025-06,0.4629550542991743,-0.1752603712073317,-0.6346592266823193,-0.458934797962109,-0.2700809052166515,-0.03953563890241929,DIS
2025-07,-0.5823778921137059,0.2562720347353633,-1.0364083353091393,-0.7976982150139715,-0.5926184090965486,-0.006170230749725336,DIS
2025-08,-0.76013460192028,0.36355814140252396,-0.1466979283534617,-0.557051260477517,-0.47131725082727327,-0.03274366388841632,DIS
2025-09,-0.6228631233318567,0.48998713115163617,-0.595126930093698,-0.6577525641835172,-0.5019458401204292,-0.01644245142002998,DIS
2025-10,-0.3512994563539459,-0.00027640375446702205,-0.9272156933148242,-0.8251382022795127,-0.6989997050883688,-0.07232254603969246,DIS
2025-11,-1.0701614022947485,-0.16668511782343517,0.46921881565497053,-0.4273621105968264,-0.5621571129502246,0.09636696540425937,DIS
2025-12,1.3228573116344766,-0.7512560231127683,-0.5322899675910743,-0.5113670919733707,-0.5248016452622108,-0.008525973455216662,DIS
2026-01,-0.4106702680543469,-0.4884623543159631,-0.5991697698159103,-0.7888328119559754,-0.6659786429879627,-0.059929078014184345,DIS
2026-02,-0.7103316088346888,-0.4156462547860314,0.597780217248124,-0.5657137274416573,-0.2269107055812819,-0.09109769898151654,DIS
2026-03,-0.7456544778694926,-0.5517688496929303,-0.8818887976666316,-0.7161015237078601,-0.7565227159185699,0.07646814691844783,DIS
2026-04,-0.13590176850169183,-0.5220451920430852,-0.9161786509721254,-1.0174141075197227,-0.5347537626653279,0.00019277108433723988,DIS
2016-01,0.0,0.0,0.39180299572974886,0.2185786921506383,-0.39533097167956976,-0.037928221859706346,INTC
2016-02,-0.6018952470667734,0.0,-0.5517948607626517,0.04384107748186917,-0.7485075346204934,0.09325985587113172,INTC
2016-03,0.2223534134584463,0.0,-0.38655899490202844,0.13852239244486847,-0.4744166135147893,-0.06397828615742529,INTC
2016-04,-1.2152124314998012,0.0,-0.3056234644039652,0.3394072286109825,-0.35732586350236245,0.052609776304888056,INTC
2016-05,0.2917241381091809,0.0,-0.42226173872154055,0.1559769068478672,-0.09938018724677526,0.038173947264856345,INTC
2016-06,0.6996277083926626,0.0,-0.15688204877363054,0.1579185752114907,-0.20506789839962422,0.0629264594389689,INTC
2016-07,0.19958287145275877,0.0,0.10328132506888732,0.6704532163184171,-0.2517755947500288,0.03708987161198296,INTC
2016-08,0.4128977789570196,0.0,-0.4921192056172534,0.28480414702086276,-0.4843634795085278,0.05192572214580471,INTC
2016-09,1.1149626468291578,0.0,0.15190658323506226,0.4949392770190805,0.34400191456239343,-0.07616868257600518,INTC
2016-10,-1.2290049541777666,0.0,0.4006590770422601,0.42374207210624254,-0.5454134528476069,0.002476999292285731,INTC
2016-11,-0.5901909978647094,0.0,-0.5797797435602443,-0.11552634200297439,-0.23956830630975967,0.04518178609248147,INTC
2016-12,0.2355320761666035,0.0,0.003916035276558642,0.05655822274140342,-0.3088989564812203,0.015197568389057725,INTC
2017-01,-0.11589072232935799,0.0,-0.38065281773464166,0.29258180824081204,0.006965111645167738,-0.009647371922820946,INTC
2017-02,-0.8452336849623034,-0.23431726154049276,-0.21890800636460314,0.4145831614744625,-0.554846371839505,-0.00369499496137049,INTC
2017-03,-0.35499898382156875,-0.2442359401375455,-0.4968899988097692,0.3466629926802906,-0.8020637965111775,0.002360080917060081,INTC
2017-04,-0.16419874430434248,-0.32544688928012794,0.03148355784529839,0.3960534976695996,-0.5846291738489224,0.006054490413723412,INTC
2017-05,-0.16830351560277493,-0.19776637670746194,-0.36214400822848897,0.07633547496781347,-0.19152741829867787,-0.06552992310264127,INTC
2017-06,-1.2928550901759885,-0.3149168431885406,-0.4200634442324122,0.0477536938368867,-0.48447412258277933,0.051162790697674376,INTC
2017-07,0.4343727709784665,-0.653196638835718,-0.3953788898545326,0.11676849320550707,-0.06264811570578785,-0.0037440435670523797,INTC
2017-08,-0.18379183875356506,-0.6537775963632995,-0.28231487402864575,0.32620018490831015,0.3679800732668468,0.08575333105568839,INTC
2017-09,0.9359248237184814,-0.7773507538572443,-0.7597582511066495,0.12596158294364432,-0.1730717721268101,0.19477658904971662,INTC
2017-10,2.1855334504917936,-0.8021117720005185,0.7617872335284469,0.67823980327099,1.6353486968748467,-0.00869107189886753,INTC
2017-11,-0.780099890293162,-0.034151569851690114,-0.0023313431134718704,0.7232800278239166,-0.12995179547301414,0.029489904357066887,INTC
2017-12,0.3331348536234849,0.014908909897413778,0.7222960292619642,0.6935339599592784,1.092452823726139,0.04283870967741921,INTC
2018-01,-0.3926205127389268,0.031233959808148484,2.2566827612858416,1.0032971792662349,2.9195836055959115,0.03093293739173464,INTC
2018-02,1.0883914636974608,-0.09108670841281619,0.39541599704225283,0.35303450472146014,0.5210712333468377,0.056649063850216175,INTC
2018-03,1.6252834935905967,0.33453472731891704,1.0273029049811926,0.6117105506552185,1.7779785866646636,-0.008859609268514368,INTC
2018-04,-0.33641069082403735,0.8721794031385531,0.8248622842931801,0.7037624757249146,-0.14737892155799703,0.07563603025441212,INTC
2018-05,0.5767874383540711,0.8355446782571333,0.08391910601089939,0.5003600215185514,0.3946416197999066,-0.0995099083741744,INTC
2018-06,-1.764131142165699,1.0887724263119551,0.5318543711110921,0.6995420397679631,0.29382762947250335,-0.03241836251774721,INTC
2018-07,-1.1065861712186913,0.8715134892462659,1.0075521606165643,0.359245048737503,-0.23935127703030465,0.012961604304230878,INTC
2018-08,-0.3251541211156676,0.6255302154930095,-0.007167004296483771,0.4072054665908083,-0.17659870708295708,-0.023418638338966624,INTC
2018-09,-0.5649397615083259,0.45836519786455543,0.20434130253392815,0.22101693806476355,0.2761641451410594,-0.008652657601977753,INTC
2018-10,0.5814137987300974,0.050979747014116866,0.3431939272863055,0.3811767383531119,0.38171084217604917,0.05835411471321694,INTC
2018-11,0.46396152740274554,-0.26837428641431493,-0.000422998943719929,0.2901489085086872,-0.27879074625708433,-0.04830348727615452,INTC
2018-12,0.6343709224795685,0.12726491213993005,0.1702842463339077,0.2375328859871082,0.1996082055693955,0.00396137657836082,INTC
2019-01,-0.8710690195536316,0.20788311536594622,0.5048439134344029,0.4400566635092174,0.3833596056794892,0.13119605425400738,INTC
2019-02,2.1221277409809973,0.03635240967553262,0.07679195776784745,0.3496048403967352,0.7383472005140849,0.013952474384129054,INTC
2019-03,-0.06646443040405094,0.13794959733594153,-0.27262161982209887,0.19912594955048224,-0.5367081613138107,-0.0494517308105783,INTC
2019-04,-1.086661085268201,-0.28427818565627627,1.166204345088222,0.43544934839093147,0.0019044829123774066,-0.13187061750735118,INTC
2019-05,-0.7442662535200757,-0.580588465859025,0.699201066957991,0.5771448861014175,-0.00022559981061938948,0.0867639395518498,INTC
2019-06,0.08321799689376982,-0.9018484226513388,-0.07216282899057619,0.10595862831051858,-0.31437960909763724,0.05610165427954916,INTC
2019-07,0.7477537633065207,-0.5439830536413768,0.033578447880351456,0.24985261491457464,-0.08567759004506613,-0.05584562996594766,INTC
2019-08,-0.4461410855556788,-0.09841607208049023,-0.13693292986334743,0.3800480577842419,-0.297599693933003,0.0870401538831449,INTC
2019-09,1.2462769714169444,-0.14667051942480785,0.3424562773475548,0.2400139000385644,0.8456589487800411,0.09688122096881235,INTC
2019-10,0.9380915385360173,0.3912727307781279,0.8516487256765612,0.32082282670180334,1.7836115984971461,0.03266787658802173,INTC
2019-11,-0.27278091953917893,0.4458132048469611,-0.7921052479801511,0.15571284730741822,-0.45946970185482855,0.031048623315758528,INTC
2019-12,-0.08431437473434861,0.11633905258851673,-0.18096768334999813,0.39641662092380014,-0.5230281638738218,0.06799242424242435,INTC
2020-01,0.6627367831819553,-0.1260670800914099,1.7719955909184413,0.4093608750346999,2.2403157875549753,-0.12715020393686827,INTC
2020-02,-0.7981609685719547,0.5530626938025797,0.03463206883540752,0.12040670297053022,-0.10801153669429511,-0.02519301097115001,INTC
2020-03,0.9649171270716331,-0.1340373899823433,0.5909489331309451,0.1761758005596467,1.2673464756715864,0.10817007086285968,INTC
2020-04,-0.240554336433108,0.3021013694740987,-0.03070264027215101,0.253995073921223,-0.12287743901418392,0.05510626293022369,INTC
2020-05,0.16921441250780028,0.4264563505040491,-0.3089665128437236,-0.00895288385432086,-0.2644679315259765,-0.04919786096256684,INTC
2020-06,-0.9242142989722064,0.4763802254351993,-0.6268600054864089,0.1746554657944714,-0.7290358032741173,-0.2022872140982378,INTC
2020-07,-2.4802153275695913,0.2415726680067354,1.6744282174014369,0.4939458409614037,-0.88105804387951,0.0747356051703878,INTC
2020-08,-0.09558833018170447,-0.2957918053609335,-0.4531033450893886,0.32554880460262475,-0.5010238968531301,0.01618193745899843,INTC
2020-09,0.8824610307702025,-0.2163191888704114,-0.48650493944878853,0.20357069820184914,-0.36098452920877355,-0.14482461803313962,INTC
2020-10,-1.8053811997911446,-0.24880516176392076,1.1819146707731731,0.3862111356949513,-0.6167972093954585,0.09989934574735782,INTC
2020-11,-0.5028469353967747,-0.4947168018552002,-1.0142757311726915,0.18569736615622567,-1.142959544928866,0.030427819720887594,INTC
2020-12,-0.2666984722161454,-0.44189006723251834,1.360747739833722,0.46088355554167265,0.6862814301214013,0.11412078152753113,INTC
2021-01,2.4496034584680206,-0.4609961145306387,2.118038116556691,0.667779488953904,1.081555514500516,0.10163411717815873,INTC
2021-02,0.47878145673480954,-0.5071447626831463,0.5530212980060973,0.21472126219224313,-0.09677062205270787,0.05300289435600569,INTC
2021-03,0.05298678389327135,-0.4747571064475039,0.6840678065188059,0.3005239369807636,0.25136639264023414,-0.10101357155127988,INTC
2021-04,-2.725537077493748,-0.7056978518023712,0.935813058424617,0.39694875750304226,-0.03779108294361781,-0.0011465698452129969,INTC
2021-05,-0.46989456597415924,-1.1587223649139655,-0.17087101863089438,0.024074861335970865,-0.22457775809787983,-0.0170269753204515,INTC
2021-06,-0.5951250015458203,-1.3767254671866305,-0.09072582598620643,-0.005533190289524973,-0.011236761905611296,-0.043207473725184964,INTC
2021-07,-1.0828412125134774,-1.518497629846521,0.3807404436834566,0.02583992421286573,-0.36631069196203536,0.012815296989422409,INTC
2021-08,-0.22273166291322474,-1.0156433425293319,-0.6226648171229349,-0.14955558204191846,-0.2142533307416202,-0.014460735087366894,INTC
2021-09,0.24482624712468515,-1.0056398591045497,-0.7555189388773239,-0.24752439803973356,-0.20808485117465028,-0.08029345832484203,INTC
2021-10,-1.6355863985478059,-1.0409962204894034,2.730790672723701,0.20660967265817598,-0.11713886725742868,0.011079104808331408,INTC
2021-11,0.14520554558494578,-0.9620138161424694,-0.7166642066164687,-0.017677153758253718,-0.4215292603407118,0.04667981591058501,INTC
2021-12,0.13193011068473615,-0.888467297614491,-0.22561175843195705,0.0601837973893968,-0.17948893964885976,-0.051926298157453865,INTC
2022-01,-0.2957879403110488,-0.878339018556671,0.26122669158377826,0.16741477010314273,-0.3915710511457031,-0.015459363957597283,INTC
2022-02,0.26401644245737066,-1.3672708106909566,0.04920121567101886,0.05856585966840036,0.23772529381899307,0.03903095558546443,INTC
2022-03,0.32027709766091517,-1.5049326699563883,0.21520771286532275,0.03802177116401118,1.3534728406061094,-0.1204663212435233,INTC
2022-04,-0.32697436796681223,-1.2171053029063625,0.15578151834525342,-0.03807551538243411,-0.16910064632628138,0.027000490918016817,INTC
2022-05,0.08788069980985157,-0.8490322999711749,-0.36831976803965183,0.00902731547454152,-0.6363335069769944,-0.15774378585086046,INTC
2022-06,-0.884388543022142,-0.724850224706233,-0.2929041683674533,0.04973093020904264,-0.6588862179983953,-0.0295119182746878,INTC
2022-07,-1.3918196384364214,-0.8512815579165435,0.9073601054840403,0.24761473331227524,-0.3665270065670897,-0.1119883040935673,INTC
2022-08,-1.3638094092081363,-0.9981540334296889,0.29751256928807546,0.22594350328750626,-0.27109435786846175,-0.19262430029634514,INTC
2022-09,-1.3996333654179305,-1.0439719434975179,-0.12061883079564,-0.027223303812788924,-0.5955964170962191,0.10318107667210441,INTC
2022-10,-0.058857022106342395,-1.3349748201408809,1.1818097417702094,-0.014398100068643765,2.7975678873184235,0.07208872458410354,INTC
2022-11,-0.07925644369666827,-0.9561676300015207,0.5541266399792836,-0.14302906732864487,0.6463779892214313,-0.12103448275862072,INTC
2022-12,-0.970219555517529,-0.9971296465337981,-0.14463332924007904,-0.18466417373125055,-0.11362075575279247,0.06904668497449995,INTC
2023-01,-0.10599105211257773,-1.1107411085933658,0.8788750735792622,-0.06845328916588263,0.02088494953010438,-0.10715596330275234,INTC
2023-02,-1.2662062619556183,-1.590180244387475,0.7517679556938368,0.04670392754593815,0.08571543202855843,0.3107274969173861,INTC
2023-03,2.672886591718273,-2.1039087414209923,0.9456394784043745,0.07198756563850241,1.6524926886263729,-0.04923173408592041,INTC
2023-04,-1.0903787264608409,-1.5937549498027996,0.11246927976686007,0.05465607179332879,0.17460570549395726,0.016160949868073926,INTC
2023-05,0.10137817387968752,-1.5006723236168757,1.358344029804732,0.06313661921514244,0.5579680412734919,0.06361570918532955,INTC
2023-06,0.10201434335112004,-1.18916340347082,2.4970557008017527,0.2067872332033338,1.4265505816740607,0.06988098870918513,INTC
2023-07,0.4046238691923796,-0.8528950426747899,1.4702904173139613,0.020085360615666632,1.215421059988243,-0.01426126640045633,INTC
2023-08,0.10222406565698819,-0.5197101768469085,1.2497220851431703,-0.04707047001084588,0.25904877677259974,0.011863425925925819,INTC
2023-09,1.2115580663230634,-0.2099507219553736,1.490099460487949,0.25578874922429334,1.2724076331743774,0.026594223620245883,INTC
2023-10,0.8686430491922896,0.2834342158398788,1.6353739395155362,0.03828944233193289,2.4097565912399643,0.22869080779944295,INTC
2023-11,1.7628367965877227,0.37452026161937113,1.2663830899167514,0.24888686703036683,1.5401259671055911,0.12423486737701217,INTC
2023-12,1.0244261802623105,0.8822578839967885,1.3489328185962397,0.2662156960981826,0.8376983559375508,-0.14277071990320644,INTC
2024-01,-1.9501499310666828,1.255278181370595,2.302364434638892,0.3743268254038495,-0.020461274848170643,0.002352387673488554,INTC
2024-02,-0.5878452809535183,0.7546926023127631,0.07671993973071554,0.19504870624500686,-0.3263362956784559,0.025815536259094163,INTC
2024-03,-0.20626630333191026,0.8779177148467754,1.6160541716342556,0.2521382165153814,0.39836228509702226,-0.30999771219400596,INTC
2024-04,-3.9425496765125074,0.08772505926968693,1.4969250477256046,0.33103732117690376,-0.5276528941414155,0.01657824933687002,INTC
2024-05,-0.26944914945022247,-0.6915389818131796,0.3319975052909535,0.02435670753495172,-0.39377982584334015,0.0035877364644487653,INTC
2024-06,-0.2852655309731462,-0.8703730759686248,-0.33177053300998754,-0.23108208242170772,-0.26934268552437396,-0.0071498212544686135,INTC
2024-07,-0.3915155210712633,-0.8866571006237441,0.6942845176224098,0.18096147371569665,0.5686828165989278,-0.2785597381342063,INTC
2024-08,-4.253959825077541,-1.1737746321248825,4.508404405063793,0.32717166594737307,1.7466899045188755,0.06442831215970979,INTC
2024-09,0.6106665525773673,-1.987956293319893,1.971733476236445,0.40626027061098924,1.1463923692606985,-0.08269394714407508,INTC
2024-10,-1.3753028731594228,-1.8735973232067589,0.49161738936718574,-0.1109840196721756,0.18742749682191004,0.11756505576208176,INTC
2024-11,0.6254707203584189,-1.9578670151122184,1.9408093321001583,0.09722929795694768,0.9069050313755807,-0.16632016632016633,INTC
2024-12,-1.4492116310228305,-2.1471232272572367,1.0989604091345608,0.01642179552276421,0.1530955232179367,-0.030922693266832946,INTC
2025-01,-1.1519746693320112,-2.301364353959056,1.079945637059735,-0.15451506657048447,2.0181025468421865,0.22130725681935148,INTC
2025-02,2.7171336417472443,-2.282517708063331,4.444181455837078,0.4425511670807622,6.099911159734634,-0.04298356510745893,INTC
2025-03,0.13647175237008327,-2.1998597321936026,2.818221537202807,0.2060066245628855,4.598618183073686,-0.11492734478203437,INTC
2025-04,-1.106487422869225,-2.358108181155796,1.7447328427288284,0.11026034424841813,1.778922219198437,-0.027363184079602032,INTC
2025-05,-0.9900725644066698,-1.6026690814775275,0.7568733475730588,-0.196506705970313,-0.4306143400770691,0.1457800511508951,INTC
2025-06,0.9855262950273005,-1.6879992833616,2.108919112594114,0.03580910387601662,1.749811935890138,-0.11607142857142849,INTC
2025-07,-1.5811297126213313,-1.5583513890171128,2.2573771663504316,0.00237198170887957,2.2755229620313333,0.2297979797979799,INTC
2025-08,2.992964506901897,-1.762585145132822,3.5344997286361672,0.5587932226732424,2.346034074817603,0.3778234086242298,INTC
2025-09,3.3631745887095943,-0.3350402077409537,3.4350851698152036,0.5997000022706848,3.53163874866595,0.19195230998509705,INTC
2025-10,1.5229509455091796,0.7774013603198664,1.1358137998032063,0.7440570049643851,0.6997037339355379,0.014253563390847823,INTC
2025-11,0.19330903660570872,1.781070772172867,2.3695054885527793,0.2601675954867661,3.1177920873287106,-0.09023668639053262,INTC
2025-12,-1.711525045498171,1.4678668598064877,2.0999270082363353,0.3403201584116299,2.6262021662056863,0.2593495934959349,INTC
2026-01,1.9661630288748049,1.5814878780569468,4.841913514453727,0.9858317115120392,3.0344589614266235,-0.018506563374219964,INTC
2026-02,-0.21383373668311617,2.1653330772288095,0.9286592762689376,0.5006778339562349,0.736157651457757,-0.03244902433676822,INTC
2026-03,0.18057818027773778,1.3302878589190357,3.0548764266273425,0.48243448083895735,2.079277879133505,1.1409472014502606,INTC
2026-04,4.848322832269735,1.4729873096769925,3.6139592400606917,1.4024835202633832,4.14960683589405,0.2795300592718035,INTC
2016-01,0.0,0.0,-0.26190098909068327,0.10903029952688703,-0.587009328542208,0.10028653295128942,CSCO
2016-02,2.306507979909874,0.0,0.540106039315118,0.049441750707931484,2.411102001909218,0.08749999999999991,CSCO
2016-03,0.11911836084027386,0.0,-0.5242258439618988,-0.08966608035414575,-0.5475420325523178,-0.025862068965517238,CSCO
2016-04,-0.6434600290778866,0.0,-0.23640064480087514,-0.1292452904336602,-0.22083791196790784,0.056538839724680434,CSCO
2016-05,0.3458934410953508,0.0,0.06157811501553481,0.2186370732287523,0.09518510277257734,-0.012098650535132482,CSCO
2016-06,-0.17035326091597758,0.0,-0.3100475961764381,-0.10803998501777212,-0.7696609107989741,0.07348092322185584,CSCO
2016-07,0.3640414383756502,0.0,-0.5608614334167491,0.03309278481979391,-0.26279836609195845,0.0298376480912681,CSCO
2016-08,0.2767142849897502,0.0,-0.5932967331367621,0.49899400008199896,-0.48717375125286394,0.008947592671495475,CSCO
2016-09,0.19374492429142673,0.0,-0.6165907705804287,-0.09445107341848781,-0.44147336458649844,-0.0244932432432432,CSCO
2016-10,-0.33122426485272005,0.0,-0.6159235805296192,-0.35668372728271014,-0.6497793875706493,-0.02813852813852824,CSCO
2016-11,-0.9218803085324144,0.0,-0.2513247943357067,0.05630005697631011,-0.42524746385787254,0.013363028953229383,CSCO
2016-12,-0.3779245562598271,0.0,-0.6124961287308912,-0.22467337382078534,-0.4094570904003487,0.025494505494505493,CSCO
2017-01,0.048606602306312294,0.0,-1.188938510536756,-0.3845320365130392,-1.1721033412994573,0.11273039005572238,CSCO
2017-02,1.1285563594762353,-0.048596867836759663,-0.20400686560820153,0.13567077329783403,-0.053131786735850284,-0.011171032357472965,CSCO
2017-03,-0.5089559993104744,-0.1303892252244498,-0.9552023112430004,-0.351211126942342,-0.9069124759541498,0.016751071289442976,CSCO
2017-04,0.1605276372829122,-0.19708729780028164,-0.6571331899933568,-0.35158661318813966,-0.558385801985359,-0.074712643678161,CSCO
2017-05,-1.2832408563722342,-0.08736361711041234,0.5963457154892133,0.16082112451966882,0.01857154782113765,-0.00703933747412,CSCO
2017-06,-0.259248575676772,-0.45641976533809353,-0.5859204060598474,-0.24854266836783445,-0.5714346702501947,0.013761467889908285,CSCO
2017-07,-0.2103991239781053,-0.4739335075139651,-0.9805374436420091,-0.4391002659811366,-0.6619475849752575,0.02426984779925956,CSCO
2017-08,0.4566178570736459,-0.600674831639182,0.7468397065788359,0.06763427180029802,-0.048085550877071746,0.04417670682730934,CSCO
2017-09,0.21294836817158203,-0.6129545253300969,-0.2620945428205362,-0.21247264610900643,-0.04840251724418053,0.024230769230769278,CSCO
2017-10,-0.1265634054394473,-0.621929511073388,-0.9539907968172577,-0.6269919294729405,-0.6377048647059085,0.09200150206533975,CSCO
2017-11,0.9458674598810879,-0.562069064504641,0.2966745108372257,0.018080877917564787,1.0716541849001833,0.026822558459422385,CSCO
2017-12,0.26620983397232884,-0.10034793173059889,-1.0613837318330381,-0.26005108715375674,-1.110183771196336,0.09276624246483611,CSCO
2018-01,0.19407201145483846,0.04592457070926628,-0.5780140327761413,-0.07887778294983191,-0.6289028820955739,0.07784247624885077,CSCO
2018-02,1.8667897151301938,0.08788221850457079,0.6101333045184915,0.3292684626677731,0.8582171851912094,-0.04208131930622705,CSCO
2018-03,-0.1269514708763569,0.20650113261107472,-0.10390530626239537,0.13816672513015446,0.1663601806612501,0.0406648857227665,CSCO
2018-04,0.5588332926166285,0.3132900769677576,-0.12349488975341245,-0.00172175440965198,-0.2445962989175023,-0.03565316600114088,CSCO
2018-05,-1.0551987439246069,0.4261056227541035,-0.17277603596215121,0.16869112268489656,-0.5460314977808007,0.007690032534752866,CSCO
2018-06,0.06668806083491798,0.536154302596873,-0.481615759728707,-0.07611399425170833,-0.33988987210408594,-0.009685940710302265,CSCO
2018-07,-0.7374167421028726,0.5877930691685617,-0.08447228292091513,-0.015697207604837646,-0.3689942159514554,0.12951985773562535,CSCO
2018-08,1.3414711182664667,0.610418881810734,-0.40033997672335603,0.04846213924122118,0.05445054471025786,0.01836788244555243,CSCO
2018-09,0.1311479322127963,0.8407337157988173,-0.837428656561843,-0.11135529381896955,-0.4640623642265329,-0.05333676887400152,CSCO
2018-10,0.14295064010053612,0.7147281366811808,-0.23474452013200395,-0.14730208210356918,-0.23361501831754344,0.04627109417528574,CSCO
2018-11,0.3203947356824319,1.2263408041869004,0.13699509628593237,0.08715189168710649,0.7304297979670471,-0.09469302809573366,CSCO
2018-12,-0.2729098536741031,0.9526644238072064,-0.024213753283408367,0.17504152428577963,-0.06810866424441085,0.09971264367816102,CSCO
2019-01,0.1612798335707117,0.7473171680379791,-0.45765289085084787,-0.18913297528561165,-0.16699662977546534,0.09485236477658732,CSCO
2019-02,1.3065050530515652,0.862652759284925,-0.569630383131631,0.2603709676670097,-0.5760948105489643,0.04272076372315037,CSCO
2019-03,0.4957186887994524,0.5465037393508513,-0.7430065690776859,0.07958118433570827,-0.5447274440286609,0.04280155642023353,CSCO
2019-04,-0.06553237812420848,0.623864947934979,-0.7848938636396834,-0.020944736303917716,-0.44879280607312017,-0.07001755926251108,CSCO
2019-05,0.16811065205486286,0.4460229709922266,1.0110032878419035,0.41027177913804475,2.920941326409578,0.051923530800094486,CSCO
2019-06,-0.5986724547237571,0.8150398565284624,0.11759448244174003,0.6037166308188701,-0.4101725998842806,0.01884675790890733,CSCO
2019-07,0.028053620744842373,0.739796162604934,-0.6266043278244402,-0.05419735311859647,-0.5129375680981544,-0.1550319312926668,CSCO
2019-08,-1.9446328803500597,1.102252858002069,1.1761219346332064,0.31441319735698914,-0.07019823901464362,0.055512118842846014,CSCO
2019-09,0.6524959957768878,-0.13495907853816214,-0.6218778024582956,0.01492913770725706,-0.3556225604569093,-0.031358024691358066,CSCO
2019-10,-0.9034381618680473,0.009612778270069441,-0.25676841968045067,-0.056781346481879956,-0.5761368906685556,-0.04639306653071629,CSCO
2019-11,-1.8206145118851218,-0.4469705198429371,1.253743035884203,0.1907271253754824,-0.927423436574357,0.05854049719326393,CSCO
2019-12,0.4212969074058792,-1.1241082844427484,0.4075260086113833,0.02139400642001548,0.5688667056888259,-0.034595959595959735,CSCO
2020-01,-0.3840290378616007,-0.8131240281297489,-0.32512741198552136,-0.34673843414249633,-0.3467149248080173,-0.1313104891446507,CSCO
2020-02,-0.8703899157197513,-0.9279006071492627,0.1730647649573566,-0.04049540426523026,-0.3133800274478306,-0.015657934357121484,CSCO
2020-03,1.0469940599079433,-1.1586986625661044,-0.43288893813679363,-0.19178342179709051,-0.14286855337469367,0.08840624044050172,CSCO
2020-04,-0.4585026654470099,-0.733344828256348,-0.7405717316758256,-0.3909549768816749,-0.7439716070165788,0.12844294547498603,CSCO
2020-05,1.4584278309586494,-0.6412781614294509,-0.2423317276558685,-0.20881803365293472,-0.18141873214527637,-0.024657534246575352,CSCO
2020-06,-0.5951884493529492,-0.4427740642250012,-0.2653588173575038,-0.1631425845821475,-0.48648720234394427,0.017620020429009342,CSCO
2020-07,-0.2317027526024163,-0.43530894304945666,-0.6904496882201414,-0.33522779781776335,-0.8136758874075496,-0.10363864491844421,CSCO
2020-08,-1.64971351735299,-0.4133529157022004,0.9224478510815365,-0.10417825577553122,-0.6478872189924966,-0.06690929451287797,CSCO
2020-09,-0.5433657754874103,-0.3382627978974521,-0.6842528323530466,-0.2409930768024816,-0.9334465411237359,-0.08040804080408037,CSCO
2020-10,-0.817509258683382,-0.43057179908059834,-0.9729634930997361,-0.27352829972966375,-0.850660362405577,0.1983686786296901,CSCO
2020-11,0.36984407327436913,-0.5206621639624909,-0.4635590200003749,-0.25141338384051176,-0.004426447665465302,0.040294037571467545,CSCO
2020-12,-0.11211523314950694,-0.31881342675830016,-1.2251181203953625,-0.5139820685079954,-1.003232470333213,0.004187385501177587,CSCO
2021-01,0.39172026806029697,-0.35009691925155206,-1.59725075681119,-0.5133641400594281,-1.2113708424478828,0.006515506906437318,CSCO
2021-02,-0.46893860710219,-0.3465295521263903,-0.4808468573129013,-0.3694498093371147,-0.19237895313445255,0.1525116519937857,CSCO
2021-03,1.7212139587726454,-0.4032170332254391,-0.3609650062486084,-0.31794498613736943,0.007958903381240836,-0.008312738710402057,CSCO
2021-04,-0.9025213833857135,-0.4904142706792559,-0.9138049237316369,-0.47535201108630887,-0.6039394986811064,0.03896692342546437,CSCO
2021-05,0.3784151212857229,-0.6314217085603755,-0.5375388681094851,-0.164787454440732,-0.1651882783249138,0.0019624945486262924,CSCO
2021-06,-0.27826341788381814,-0.8729002937607891,-0.6556690431451541,-0.4972045825955275,-0.3291783765241339,0.05201305767138198,CSCO
2021-07,0.6907245607230348,-0.9204203555231014,-1.0866989885067395,-0.552459718857624,-1.1076305480861417,0.06599089780719902,CSCO
2021-08,0.8852455018248971,-0.822319242139434,-0.2727352923238433,-0.2967743391592405,0.7739742282094447,-0.0778187463613429,CSCO
2021-09,-0.8149532953816462,0.20908402841138435,-0.9923978324860621,-0.355633721264719,-0.23250004813090228,0.03514309764309753,CSCO
2021-10,-0.3319904471763496,0.08838239224712967,-0.836857526128758,-0.6102365687684275,-0.7386443971172824,-0.02012604187843048,CSCO
2021-11,-0.1579236544566612,0.1614285762170918,0.025899544675376265,-0.14829870678141543,-0.34317060673911104,0.1553941908713692,CSCO
2021-12,1.6405687034103127,-0.004072073480455012,-0.5064433851826327,-0.23667137000525504,-0.09190137113558258,-0.11635841264140778,CSCO
2022-01,-0.9245781199128297,0.6160896417498938,-0.8349263097049184,-0.3862254119886152,-1.0004403570024483,0.0018288965657387024,CSCO
2022-02,0.5186168738505105,-0.00848131050679807,-0.334559127220002,-0.41626101016254574,-0.6101822435934252,-0.00020283975659229903,CSCO
2022-03,-0.21616407372931778,0.3835204571313629,-0.806984576964314,-0.4117294442194403,-0.7890497322198862,-0.11543923716778248,CSCO
2022-04,-0.2767490523574249,-0.14828090367260297,-0.4956266189997467,-0.4832768523944898,-0.5244517665647058,-0.08027522935779818,CSCO
2022-05,-1.3015242197043848,-0.09411255713406047,1.073308150834524,-0.16406502748837684,-0.6195175916472079,-0.053366583541147095,CSCO
2022-06,0.5245357883166374,-0.47332667157657327,-1.2663677386819616,-0.37401431495782567,-0.8828082126358758,0.07323498419388841,CSCO
2022-07,-0.18838993315755106,-0.2989337905284527,-1.0649117724681545,-0.44460919058703535,-0.5942991607360851,-0.014236622484045336,CSCO
2022-08,0.3333631172981197,-0.448364160281054,-0.10180231223780033,-0.29299886728506447,1.5457658871355064,-0.1055776892430278,CSCO
2022-09,-0.09870799509857818,-0.46641840707745297,-0.6841116828443864,-0.49652180836814286,-0.8139745301264861,0.146436525612472,CSCO
2022-10,0.3051751949971287,-0.3612123179911232,-0.7573735849242003,-0.4932363448453213,-0.8031361511609953,0.09422049538610988,CSCO
2022-11,0.1996071847751182,-0.18462439725201374,-0.4141933792033423,-0.37687387404227074,-0.34202634384014224,-0.04172214824678211,CSCO
2022-12,0.14078424155784502,-0.11021328171696329,-0.8548896234325389,-0.40268376090669783,-0.5977391330236473,0.029643353404353867,CSCO
2023-01,-0.47222662186733105,-0.35751353128755714,-0.8619112001386715,-0.6046630275899562,-0.508935590362063,-0.004948268106162779,CSCO
2023-02,0.32307315156460953,-0.2107132690824619,0.03431512097812019,-0.2539294704221034,0.4752880662877708,0.07956600361663635,CSCO
2023-03,0.49401819450153245,-0.2862039207316959,-0.8839517611155635,-0.4722527893507129,-0.7023786586142082,-0.08940536013400324,CSCO
2023-04,-1.7922744352404243,0.07753907298962541,-0.209644185003019,-0.30725429143206145,-0.8726261138421059,0.051276155438031656,CSCO
2023-05,0.4164150431070461,-0.33740549251468827,-0.7087398297302342,-0.28831126507154303,-0.5687656360472265,0.04177602799650049,CSCO
2023-06,-0.27392075655599507,0.29150869914103494,-1.0778259631295497,-0.4751618132376384,-0.9127609670337361,0.013226957799705952,CSCO
2023-07,-0.5532700404457643,0.021215906741573694,-0.5342653471310052,-0.3282944490916915,-0.6794624864011888,0.10215499378367188,CSCO
2023-08,2.50668812256106,-0.023365120087831304,-0.6334202100491044,-0.14302414169046615,0.28687741917820453,-0.06260575296108284,CSCO
2023-09,-0.45757045595859847,0.27405048234513824,-0.42359627984923864,-0.28894040895807943,-0.6372765235109804,-0.023465703971119134,CSCO
2023-10,-0.0015251397529400304,0.19568314791076108,-1.4053779209332409,-0.47553466029364583,-0.7287044359282131,-0.07188334360238247,CSCO
2023-11,-2.260132972834172,0.04817758888194978,1.754966136251099,-0.13572797515990503,-0.9213963171668754,0.04425757911042272,CSCO
2023-12,-0.18228194083167581,-0.43324978946155307,-1.2266450733968208,-0.4684447627848547,-0.706169922324783,0.0008476372112735664,CSCO
2024-01,-0.18115231935588813,-0.46793100715838204,-0.5801400686271367,-0.5320124719165064,-0.6998668629790334,-0.03599407156468337,CSCO
2024-02,-1.1254587571700347,-0.4041685065374272,-0.7229399309400059,-0.350822057560446,-0.6812006396787881,0.031847133757961776,CSCO
2024-03,-0.11966980135625634,-0.626274550140371,-0.9279262686738899,-0.47506405857322714,-0.7734107503567674,-0.050872711792251835,CSCO
2024-04,-0.1298677837239916,-0.8706835955464047,-0.5166766554759176,-0.5835358087540109,0.24403022500452828,-0.010316214397847023,CSCO
2024-05,-0.660794736220014,-0.6123185548401985,-0.5352389213002032,-0.404359487002648,-0.8977963322232688,0.021753908905506547,CSCO
2024-06,-0.01737484265500975,-0.957574011274302,-0.5015052883032184,-0.4767850278703781,-0.5871882005038155,0.028387669106231916,CSCO
2024-07,0.09410172080557333,-0.8651106982154573,-0.9159120858678016,-0.5635234418986577,-0.5610694305451894,0.04313133491481569,CSCO
2024-08,0.3799139913230672,-0.8688731986321895,0.11248671291091522,-0.3575150948114569,0.9244309486138242,0.05313210667769286,CSCO
2024-09,0.4280791824158584,-1.1254143656480546,-0.8813797495133172,-0.5709940262252061,-0.45000060278769394,0.036906164114644646,CSCO
2024-10,0.7483965138068657,-0.919510915684818,-0.6267766989676105,-0.5686192831100922,0.20638233221993085,0.08121923513820528,CSCO
2024-11,0.16596639845668268,-0.7582377230028494,-0.980287859686645,-0.3488012761520113,-0.6159990394655069,-0.00017510068289261493,CSCO
2024-12,0.3870167563671703,-0.2362030362473745,-0.8214928407229726,-0.383028372486561,-0.4351540780571228,0.030647985989492144,CSCO
2025-01,-0.2429450436012059,-0.07781266267188808,-0.5554905866761872,-0.4630259861090779,-1.17325272800362,0.05777400169923541,CSCO
2025-02,0.7119930684223386,-0.089124809244456,-0.898766789631699,-0.34936951954827183,-0.5202643651249667,-0.03742971887550195,CSCO
2025-03,0.2231289248945965,0.5272313522728743,-0.969376279971848,-0.3430653450086127,-0.9020468212188584,-0.05824432576769023,CSCO
2025-04,-0.36862661591418333,0.7262098945453247,-0.49275843966477995,-0.40256251920620656,-0.02243357836656808,0.09197235513024982,CSCO
2025-05,0.29539287918288326,0.5319930854298716,-0.4799985388329332,-0.30646775026392964,0.22197500763382444,0.10061668289516379,CSCO
2025-06,0.4490301709171818,0.8061242431762112,-0.5060722657837605,-0.2884334581514305,-0.4368088413741482,-0.012828074314361393,CSCO
2025-07,-0.23385821433936507,1.060066775079081,-1.1560128833969692,-0.4841743963837178,-0.7324555352623539,0.014936519790888614,CSCO
2025-08,-0.4244295234258388,0.9042583347054235,0.3438060122418274,-0.13750811871300694,-0.3902125980311459,-0.0097130242825606,CSCO
2025-09,-0.3992675060809172,0.8083323458012937,-0.49321206184395183,-0.4426514951716018,-0.4657390379783405,0.07489968791796686,CSCO
2025-10,0.47020891653870533,0.40724263759248747,-0.7143992751798672,-0.492005512166195,-0.6644516797618208,0.05239872805198398,CSCO
2025-11,0.7499901840185852,0.3751336597096971,0.10569984665323884,-0.0989328115418987,0.5187386452798902,0.0011823436678926047,CSCO
2025-12,-0.22495021565228066,0.47374365201701135,-0.6632915673393225,-0.28948206260448456,-0.7825040093553184,0.0221755675108255,CSCO
2026-01,-0.1382585447095661,0.28486916086351655,-0.7588649615743789,-0.5670571451107658,-0.4018460499314885,0.014505776636713597,CSCO
2026-02,0.18185823693644657,0.17214409466783598,1.36731319146379,-0.1021624424220227,-0.4500112341994702,-0.02353536631658859,CSCO
2026-03,0.3213506906857909,0.0770668108277201,-0.16019139282735864,-0.2180226179680954,-0.5318407678994574,0.18569392250874683,CSCO
2026-04,0.3755275502977769,0.10530044640612386,-0.727630866997292,-0.38258938957804844,-0.4895734999104961,0.29661202185792357,CSCO
2016-01,0.0,0.0,-0.5520437096645462,-0.1020100196286677,-0.6453153073527202,0.01305316778096155,ORCL
2016-02,0.4708877445134877,0.0,-0.7934435656214603,-0.26520955335786345,-0.6495601152506748,0.11219358893777498,ORCL
2016-03,0.5617065106756626,0.0,-0.021084119616073593,0.19965555905617752,0.2050581917507301,-0.022040124328906452,ORCL
2016-04,-0.5861299425978023,0.0,-0.4060687463588201,-0.36574597536521875,-0.21459543890895785,0.008668015024559272,ORCL
2016-05,-0.3140931588449772,0.0,-0.5489484631803296,-0.4057942175143854,-0.5079671918206168,0.01804640504153543,ORCL
2016-06,0.3513151194369114,0.0,0.1345042601680663,0.44175047046652216,0.3074850798290057,0.006471581316826125,ORCL
2016-07,-0.6800912212119974,0.0,-0.7072351619511777,-0.23075276549605273,-0.6201256044847575,0.004473022085546452,ORCL
2016-08,-0.1995870014730461,0.0,-0.8016564391521198,-0.2528267061051705,-0.6948603858887025,-0.047035903145004165,ORCL
2016-09,-1.0062372328335094,0.0,0.07314854452490387,-0.09506863213682058,-0.640396774438564,-0.018399532710280497,ORCL
2016-10,-0.2253554863097559,0.0,-0.8313338346311533,-0.5922513588147327,-0.6574955266024576,0.046117227015769036,ORCL
2016-11,-0.11739179217749904,0.0,-0.8505873191301422,-0.5027845362777975,-0.5110980036185613,-0.04323094425483498,ORCL
2016-12,-1.4690403427096452,0.0,0.3688940039471712,-0.12451062968737742,-0.38607644221515314,0.04726516052318663,ORCL
2017-01,0.39640075420896376,0.0,-0.8610740164879475,-0.47950455406634096,-0.590719227364266,0.06159523133692879,ORCL
2017-02,0.30381446545765084,-0.4088232278881546,-0.47611816089224235,-0.43685529307491733,-0.5186867880542222,0.04759358288770055,ORCL
2017-03,0.7012071259057528,-0.35366827390772454,0.6533638260454295,0.13277781096527141,1.8937897383486746,0.007656967840734996,ORCL
2017-04,-0.04467681566052588,-0.3949517288416016,-1.0026162747866256,-0.306357185934029,-0.8505096008147232,0.009625126646403359,ORCL
2017-05,-0.11901322307375874,-0.3920836446647483,-0.4916007662450686,-0.5168463869624795,-0.3942220045917523,0.10461615654791778,ORCL
2017-06,1.713852646693811,-0.408609052722197,1.0748293826361643,0.21792257566248235,2.628187932517794,-0.004088121735180583,ORCL
2017-07,-0.5181132063360688,-0.19396912075797734,-0.6706759173120953,-0.2336180557765646,-0.7005208988230753,0.007981755986317118,ORCL
2017-08,0.08426502014946197,-0.15356537406090906,-0.41728403051533847,-0.3107484692339792,-0.5550190898413162,-0.039366515837104155,ORCL
2017-09,-1.2397858094545047,-0.10146456833749458,1.56612708022644,0.5383966731129926,-0.4046412135703945,0.05675930287329245,ORCL
2017-10,0.3144272939677499,-0.18849822371532837,-0.9100301468956208,-0.0068280419688028565,-0.6510541157171348,-0.036104301314909715,ORCL
2017-11,-1.249988950351789,-0.057882089557820655,-0.7489238758398301,-0.27521743973001417,-0.8602991003854823,-0.03630057803468212,ORCL
2017-12,-1.3175806875498948,-0.32609965925294404,0.5142209111273954,0.24327837591082502,-0.20256087208091186,0.09548944337811882,ORCL
2018-01,0.22607202284140668,-0.23478067370327096,-0.45376547898325836,-0.1567336694429136,-0.47481670190632563,-0.017958826106000747,ORCL
2018-02,0.2771009640824404,-0.25008816274902906,-0.46077478144932793,-0.459456042419139,-0.46484259156173147,-0.09701159678858162,ORCL
2018-03,-1.1018363010095422,-0.24069921380613543,1.0846452098825614,0.027944659913107718,0.11275082100695653,0.002469745616201502,ORCL
2018-04,-0.13161230169171675,-0.5946951802431356,-1.1944755385554968,-0.45261951246374293,-0.8074285205076958,0.02291204730229124,ORCL
2018-05,-0.19637666514950217,-0.6125323362384687,-0.5124926062968553,-0.5414818173740008,-0.5555320030378126,-0.05684007707129113,ORCL
2018-06,-1.0353924332098448,-0.6353584456377706,1.3545401837755608,0.14464555976283172,-0.29721476117927037,0.08631256384065389,ORCL
2018-07,0.8215774302400929,-1.0649612121973429,-0.687655946913095,0.19099934893612053,-0.5545148419895046,0.018805829807240437,ORCL
2018-08,-0.24158960773962027,-1.0264492641639689,-0.7250503533796931,-0.15354407851849644,-0.6815403685877133,0.061375173050299825,ORCL
2018-09,0.8475714383627415,-0.9812409927169993,-0.5267574068774897,0.2524384188147851,-0.20599473976294191,-0.048913043478260865,ORCL
2018-10,0.18635847690673976,-0.5208834368011231,-0.6717202832652039,-0.21309691294524408,-0.35465986547202305,-0.0016000000000000458,ORCL
2018-11,-0.24839511163363415,-0.6428402294956866,-0.34714689274946103,-0.1492732571969185,-0.14973816681088067,-0.0739468864468864,ORCL
2018-12,0.1328405625795517,-0.37210988635033654,-0.259924857007124,0.20341440150337373,-0.5514684966920238,0.11668726823238562,ORCL
2019-01,0.34429291236898335,-0.10685419238272752,-0.8194158816115436,-0.348874586873768,-0.2233393227862998,0.0378569847243746,ORCL
2019-02,0.027418484071632755,-0.03289996043718712,-0.92536024848347,-0.21740671503549466,-1.0807169421560587,0.030290102389078477,ORCL
2019-03,0.2528016393983963,-0.11343115768059846,-0.32561310034174196,0.024710427999628366,-0.04446972819660035,0.03498964803312643,ORCL
2019-04,-0.1520004504401156,0.2309988263190215,-0.9568447397461878,-0.6902037967236245,-0.5171048785464658,-0.08561712342468497,ORCL
2019-05,-0.06199409106492045,0.20244802303778958,-0.666402277284056,-0.47647445246762593,-0.731788448643235,0.12601181360752567,ORCL
2019-06,0.8513705968113666,0.2145773705354607,0.7819105108888079,0.38314673378649927,2.1112049983669166,-0.007771517388770133,ORCL
2019-07,-0.48616540528312946,0.7644257206409508,-0.7621639472324653,-0.22870516629999668,-0.5829850198258066,-0.0753867241041708,ORCL
2019-08,-0.7413650109945016,0.4524646249127576,-0.5396603656232442,-0.597709279349099,-0.4163538931636306,0.057179161372299836,ORCL
2019-09,0.6838921211081154,0.22138473572834666,0.4331072254297026,0.13746095509327674,-0.1747726809881689,-0.005408653846153855,ORCL
2019-10,-0.5308023367566337,0.22415962436582146,-0.4335452909690437,-0.3722082220227065,-0.3134043356591111,0.030211480362537735,ORCL
2019-11,-0.320871575227484,-0.09234333159142176,-1.4643561640937166,-0.8358443839030677,-1.184215936394885,-0.05630498533724326,ORCL
2019-12,-1.6908607406682674,-0.07298135359598834,0.32532241588759053,-0.24953288007453614,-1.0244662533754423,-0.005386368344727721,ORCL
2020-01,-0.08598747970029062,-0.5883535040273096,-0.7261181541936681,-0.8145643828468765,-0.49241202213135365,-0.05707144344928128,ORCL
2020-02,0.41851405120128365,-0.6862165185263872,-0.5312242240773202,-0.8504207500791562,-0.3947133215217131,-0.022752374641042628,ORCL
2020-03,0.9859258669331838,-0.5263744803951782,0.05649650319613678,-0.595147027550086,1.4755385312367943,0.10103978300180838,ORCL
2020-04,-0.31918455595503975,-0.12052528982234267,-1.3880728420689203,-0.7009926855807613,-1.349446413631194,0.01519195237117632,ORCL
2020-05,-0.5324544246328755,-0.15149995657320894,-1.0994584622873071,-0.7865005932846154,-1.0488400198676515,0.027906976744185963,ORCL
2020-06,0.10957327157743411,-0.20280845523272265,-0.24831436975595078,-0.44976717318726545,-0.038819014832304544,0.007475900059020324,ORCL
2020-07,-0.335424589052844,-0.2510449725326995,-1.1617745618900088,-0.40600181344683367,-1.0004463933783818,0.03182972075766455,ORCL
2020-08,-0.4694153574037685,-0.24685415176253836,-0.5379958527468477,-0.5027999385907564,-0.4988156320041217,0.043527630582891774,ORCL
2020-09,1.351706959208699,-0.20223467592465127,-0.23782960503032632,-0.04173651659555488,0.26641320066866303,-0.056401886108088495,ORCL
2020-10,-0.449358579802472,-0.18076930106049563,-1.0671137224634915,-0.6385530465568737,-0.80923262753203,0.028637324620411242,ORCL
2020-11,-1.1344113349599778,-0.17615358458445726,-1.3614914943541592,-0.8813982298506898,-1.00870720751331,0.12070254110612844,ORCL
2020-12,1.1477198032477975,-0.25691832418473487,-0.739921366567323,-0.37110623423181177,-0.5730516859651141,-0.06218739579859944,ORCL
2021-01,-0.8507733839238185,-0.07480876156888842,-1.3732783953854362,-0.9721935921571667,-1.1279809926486053,0.06755555555555559,ORCL
2021-02,0.13923763345790038,-0.10943631388448913,-0.24231169433724695,-0.6747469332692467,1.138592986711929,0.08759367194005008,ORCL
2021-03,0.6328882572486423,-0.10904610308535007,0.5689906447260943,-0.31382963333801217,1.0307569212440493,0.08482621344357666,ORCL
2021-04,0.929110181359058,-0.3239978814147883,-0.05031054159470606,-0.25836322253498156,0.09121611975615616,0.03881439661256181,ORCL
2021-05,0.37518952405142014,-0.19140865240235083,-0.6369739100890448,-0.4528920534332626,-0.5443031302492103,-0.011413043478260776,ORCL
2021-06,-0.5014499623608805,-0.044339463528133574,0.6725131784366668,-0.27290697433261196,-0.24600739812901565,0.12369433754810344,ORCL
2021-07,2.0258511632167058,-0.18598391227081423,0.45128737482972786,-0.1174334270640801,0.4532268935119114,0.02287181996086085,ORCL
2021-08,-0.013191993635181492,0.4625960469287958,-0.775058908899865,-0.5696383746152459,-0.1566342727595218,-0.02247997130216428,ORCL
2021-09,0.11068973753289897,0.6900382802873565,0.2376171709431959,-0.04937702956765451,-0.4910480229700936,0.104954128440367,ORCL
2021-10,0.45636794021060295,0.2619987012132739,-0.4271542340263887,-0.5111579167741058,-0.19380214414439292,-0.054245544116018896,ORCL
2021-11,-0.48936312894199124,0.4755767317985631,-0.8540800330035093,-0.7151466881122459,-0.7415748708086134,-0.03886222638417425,ORCL
2021-12,-1.0551440582371698,0.931715405866688,2.7663235687622327,-0.25434992467248807,4.676262647499445,-0.06600901230057243,ORCL
2022-01,-0.43322053004139705,0.28295827408029733,-0.7618245899932568,-0.8384140944416897,-0.9087444931034794,-0.0638935976007301,ORCL
2022-02,-0.4492639227414671,0.28055175433146246,-0.13570646931506533,-1.0442425440789533,-0.3753828659538505,0.08900961136648555,ORCL
2022-03,1.0036320577899072,0.05798511019618807,-0.38280364166831604,-0.7107280166533698,0.1297518337165658,-0.10936300844205693,ORCL
2022-04,-0.21604179127597628,0.15924143770181487,-0.48114912054612946,-1.0818669396827159,-0.5988955644566015,-0.020106276030446568,ORCL
2022-05,-0.5222328801533235,-0.11209999050793945,-0.518781883272519,-1.0290549231934123,-0.725100619528095,-0.028579803605452203,ORCL
2022-06,0.8591174457490331,-0.29427059786913795,0.8776210330211747,-0.66262108753092,2.8621826043587584,0.11904043452021718,ORCL
2022-07,0.3481093506358324,0.035143247117756835,-1.0177550064435852,-0.9490281363637197,-0.7853552572243807,-0.04745854118915993,ORCL
2022-08,-0.2434384965029926,-0.20770426146554793,-0.9630916931623685,-1.0429240956718062,-0.5697407048525759,-0.17636234961075736,ORCL
2022-09,-1.1565959402756096,-0.2432912347687335,-0.5171737559562012,-0.5057576194774902,-1.0594595798782578,0.28492868190410725,ORCL
2022-10,1.47070712083121,-0.5287828149797444,-0.1582089152528224,-0.6802711379652813,-0.027540951823996566,0.06352815300254111,ORCL
2022-11,-0.18712092839531447,-0.2151876278841525,-0.9065329631024983,-0.8986984591742029,-0.9954140574383937,-0.015467806841046094,ORCL
2022-12,0.5085539355281069,-0.12216756705970559,-0.17848855132350286,-0.6315225874009702,-0.5711967527439225,0.08621790777877125,ORCL
2023-01,0.0536074467075767,0.19766152847749857,-0.7349068884386734,-0.8566269053090526,-0.7975661323985683,-0.011994355597366058,ORCL
2023-02,0.2135099550352995,0.7285750292314176,-0.524813482399503,-0.7521503744216868,-0.2615510230864767,0.0631992382766009,ORCL
2023-03,0.33974930111941015,1.1251169327847004,-0.31961791372348447,-0.6745163673845151,-0.484441829547197,0.0236202843389679,ORCL
2023-04,0.1824593053154937,1.112299340648942,-0.9170007653844192,-0.5922883965621134,-0.7572884053515687,0.11843832020997369,ORCL
2023-05,1.018961939155591,1.112972540269981,0.038479212400657235,-0.4379307909840312,0.6212941385270789,0.12418108927349181,ORCL
2023-06,1.1445502676393273,1.6070817632449483,1.2172560003367796,0.27249898508278275,1.7172187453423107,-0.012177089675567632,ORCL
2023-07,-0.9827960947454819,1.3125229263303941,-0.544160989497521,-0.37062508543817463,-1.0053417643184481,0.026943735141322644,ORCL
2023-08,0.9532730945055551,1.0557094969674365,0.48430697279661494,-0.25370178896015744,0.23370456725811425,-0.12020920860841977,ORCL
2023-09,-1.7486760145258613,1.1210766366278475,3.614653557407398,0.36522104808122674,0.17487380812390538,-0.020173472371113887,ORCL
2023-10,0.055702174524257964,1.060055872926706,0.021325181989242107,-0.4339565474198393,-0.3668486885851451,0.12383131092102628,ORCL
2023-11,0.35936752282868234,0.4139266445642197,-0.6161764677890991,-0.5081093936287827,-0.28686218460750323,-0.09275157093548092,ORCL
2023-12,-2.24949449089313,0.6280317076320268,2.9942403519593648,-0.03842473994265344,-0.2478788063716299,0.06350599941469115,ORCL
2024-01,0.5906326760900747,-0.03036782144841074,-0.5043135390814412,-0.5411879046470631,-0.5835401042531853,-0.00018345257750862487,ORCL
2024-02,-0.6233975045369479,0.10734902450290537,-0.0304851149082948,-0.5261225282215372,-0.06353587852963338,0.12477064220183487,ORCL
2024-03,1.2144462075543658,-0.06775372450188466,1.8500653807791112,-0.06680941518992646,3.605908987799193,-0.09151712887438823,ORCL
2024-04,-0.7278966609521444,0.09215863492703373,-0.532360343455963,-0.6793912267722261,-0.43297653459342705,0.030256778595798117,ORCL
2024-05,-0.07041071121310122,-0.11276091557444948,0.17311776313693894,-0.5762144080878513,0.3727264765366975,0.20488017429193883,ORCL
2024-06,2.6831291541376427,-0.5003873062473438,2.046889265583187,0.07752237142451356,3.705023785553461,-0.00961955735570652,ORCL
2024-07,-0.42526428671210087,-0.14937971095566666,-0.3395257980539026,-0.427827894338365,-0.4225564741280779,0.01321843277587087,ORCL
2024-08,-0.05097335870634183,-0.034489779388101605,-0.2648600776791494,-0.627450655527902,-0.41819339321920806,0.20599682860025936,ORCL
2024-09,2.898923716073212,-0.23574857339232175,1.5149304505848114,0.3196305939534258,3.2234143848338057,-0.012849629452546085,ORCL
2024-10,-0.13510055977098442,0.7367585865197152,-0.2144872844880357,-0.35262018646758514,-0.35856078261549446,0.10128958043228198,ORCL
2024-11,0.4197070004402291,0.6208911214549515,0.09451539155853349,-0.15727562778215146,0.17125070135059509,-0.09846069268829027,ORCL
2024-12,-0.6992315376733743,0.6842275395212818,0.4418279679490526,-0.00659052361901104,-0.015108959173316224,0.023050185986950522,ORCL
2025-01,-0.35511897729998687,0.9978119497560125,2.6718033179861123,0.3586872439872637,1.1563780404762223,-0.023544137807713028,ORCL
2025-02,-0.2850781435028014,0.7250612596920517,0.7102035276117382,-0.24145023498443768,0.022125971349510994,-0.15803931143938466,ORCL
2025-03,-1.6587536181942528,0.983941605237779,0.8747569021716219,-0.08243452961943598,0.4542653504190545,0.010077575581816767,ORCL
2025-04,0.5207412078019945,0.11252720007194252,0.298274648712522,-0.4208796757207594,0.5351348224692646,0.1763565891472867,ORCL
2025-05,1.2043678377819715,0.47969430649199524,0.2509855440509886,-0.26790446807769996,0.08130325087743771,0.32076392702422374,ORCL
2025-06,3.064161587599697,0.911013099231195,2.8388625819369007,0.6219726413577699,3.905452389720691,0.16317102466968492,ORCL
2025-07,2.062837505116894,1.267544494624811,0.4779110402659011,0.4526727900714996,1.0713273520111437,-0.1089045992533163,ORCL
2025-08,-2.3941354954359175,2.227881778460205,1.5719140276201813,0.34696429897628367,-0.033480114163057385,0.2437154573007667,ORCL
2025-09,2.0611720969158136,1.6176055407188752,5.772891411139081,1.5584359067912186,5.997755606087583,-0.06465022935779818,ORCL
2025-10,-0.7848681629930727,1.5833634737681352,1.3462003128683018,0.9901553509458298,0.14738103922614557,-0.23099616858237548,ORCL
2025-11,-3.3858052078964915,0.9813943409449082,1.170988655001774,0.7955881425777154,0.23618772654040654,-0.034826366399282604,ORCL
2025-12,-0.8104917818543131,-0.17132562697429968,2.844246685743287,1.0578647324253052,1.6081405960756459,-0.153365682428247,ORCL
2026-01,-1.695818618547261,-0.10839191251045352,0.6933888580745643,0.522483230507169,0.2950270940752075,-0.11657825742332784,ORCL
2026-02,-1.3893390829158572,-0.4738312201605022,2.149126298013445,0.5693087183842549,2.498101403217285,0.011802056732693744,ORCL
2026-03,0.8794310817819065,-0.6626176321362514,1.6728527803044053,0.5936718642198218,3.2495473880331778,0.1008867667121418,ORCL
2026-04,-0.021566136462276914,-0.36434526280648943,1.5876327842182199,0.7950228611272218,1.6017777291165523,0.26215998512919025,ORCL
2016-01,0.0,0.0,-0.7655839076736072,-0.2589356639304703,-0.8808992031004402,0.06069958847736623,IBM
2016-02,1.4734941876302674,0.0,-0.1670264585264548,-0.3471039091775499,0.41145784910871014,0.15579534432589703,IBM
2016-03,1.3431895221338939,0.0,-0.43124939438018817,-0.10488959059034601,-0.5212692619398186,-0.03639987412147272,IBM
2016-04,-0.8015296345646209,0.0,0.026855221849293467,-0.12050534707844152,-0.2158155426560948,0.06368386675375559,IBM
2016-05,0.4444006660061663,0.0,-0.42266419950194556,-0.34940933985381806,-0.31887614882606163,-0.012792958755501016,IBM
2016-06,-0.18236845338640345,0.0,-0.09413797403094937,-0.6181402416463099,-0.48573749498344765,0.058262492224756324,IBM
2016-07,0.1269094149889243,0.0,-0.7241768370129557,-0.4397157546018788,-0.6882115487222562,-0.002253134796238232,IBM
2016-08,-0.3258919260961004,0.0,-0.6031007630263778,-0.3543672831906562,-0.44871947053479727,-0.00019636720667648433,IBM
2016-09,-0.002251923337348505,0.0,-0.4883517847638175,-0.6090799142248435,-0.5112853571463173,-0.03250515565157619,IBM
2016-10,-0.47041882880110614,0.0,-0.4331099347643811,-0.44536882550691415,-0.6482777360235858,0.06516443361753965,IBM
2016-11,0.08896607123555947,0.0,-0.5263781215057539,-0.6568280008263158,-0.1675966906672996,0.02315608919382517,IBM
2016-12,-0.18911712641417877,0.0,-0.5176933727184279,-0.625356927315187,-0.07085879464803226,0.05141100866163728,IBM
2017-01,0.4626321898423903,0.0,-0.024780663264005895,-0.17461787675457535,0.5413370983056177,0.0386216671095756,IBM
2017-02,-0.06671847797997706,0.14345869238846132,-0.3802668768261328,-0.6109379438776378,-0.10886043734678978,-0.03155650319829428,IBM
2017-03,-0.9287621190103525,-0.042613153621797836,-0.7036837107045872,-0.5004645341661839,-0.6752283379647486,-0.0795244385733157,IBM
2017-04,-2.0118869877172876,-0.25901299018537666,0.3471982491664525,0.15237533058908526,-0.844795515495746,-0.04783773440489858,IBM
2017-05,-0.9122503511939344,-0.39826970527737593,-0.2909222185856587,-0.18597666595437307,-0.33765554429939576,0.007938102893890742,IBM
2017-06,0.005422734561412446,-0.7357632078762045,-0.9722535362645967,-0.6329576506201564,-0.6205439407875459,-0.05961519290200379,IBM
2017-07,-1.4753599615280257,-0.7033815497092833,-0.21166274680026625,-0.2646130985246105,-0.7025792021720058,-0.0008480865048234865,IBM
2017-08,-0.11758900541278491,-1.0012315586175584,-0.9194185667664572,-0.5554773370887051,-0.9199811227181196,0.014323607427055629,IBM
2017-09,-0.3061675627642606,-1.0226168768278323,-1.0129747409664123,-0.6374643303281902,-0.4644115728169834,0.06182008368200842,IBM
2017-10,0.3830365123514736,-1.1073865740861581,1.3214776186144797,-0.03533388434273304,2.199273849344692,0.00945719633533626,IBM
2017-11,-0.46902115626879803,-0.9009452436120067,-0.9732240467800823,-0.45064887163330913,-0.743240439503625,-0.0036108129208549666,IBM
2017-12,-0.49737841285933343,-1.2038450035067818,-0.7758670458369399,-0.48008603368393155,-1.1442916510233008,0.0670910871694419,IBM
2018-01,-0.10763369736637014,-1.334613683658579,0.19168411852814538,-0.048719964794369915,-0.2176302832622802,-0.038641578705828405,IBM
2018-02,-0.0661004156531312,-1.3405532810475997,-1.0569614874430326,-0.6408820014314989,-0.5117137780141501,-0.015466870345617667,IBM
2018-03,0.3453931766158524,-1.1176917449334405,-0.6034529611887361,-0.6943095131736347,-0.37399239635486103,-0.055178432893716045,IBM
2018-04,-1.173706420499053,-1.0024522826094175,0.537789285433409,-0.31821272279346335,-0.431281803758284,-0.014369290772862642,IBM
2018-05,-0.7430840782913707,-0.9287226108464884,-1.0718166530123114,-0.7445677017479555,-0.9391770969466311,-0.011350619598042289,IBM
2018-06,-0.2584986068703531,-0.8861480895929433,-0.8961504309259181,-0.8107925999190606,-0.5326047882856619,0.0373920370760481,IBM
2018-07,0.027119053094374464,-0.8874466196401316,-0.48993073995610925,-0.5709656775643898,0.13150254616821716,0.021626561072190187,IBM
2018-08,-0.20125696906940727,-0.7366143999539695,-0.3397984374685644,-0.7385187050558227,0.19603673722376974,0.03220035778175312,IBM
2018-09,0.3615718984693367,-0.6928835884259259,-0.6618993998961428,-0.4803670260318848,-0.41728053472542354,-0.23666474099749657,IBM
2018-10,-1.6559563860026427,-0.5117395436731063,-0.03908795101552823,-0.2549426862762435,-0.5380120466992617,0.09031281533804236,IBM
2018-11,0.8436851322623747,-1.539217227195866,-0.35861589583774844,-0.5135637370314777,-0.08117607315852142,-0.08526145303100419,IBM
2018-12,-0.08844830061928668,-1.078725655141325,-0.5467962719247075,-0.8911392524502046,-1.004878469148634,0.18262299228531687,IBM
2019-01,1.055183443300754,-0.9658598702173842,0.07792966009416404,-0.6692708384506888,1.159866941304366,0.03956796064592005,IBM
2019-02,0.06581609312506849,-0.6718845460491042,-0.9751769274590242,-0.9899431098918618,-1.159715996781336,0.021396975619792258,IBM
2019-03,0.07901425538984871,-0.6445391802339543,-0.8265616534435246,-1.060632722172846,-0.41053467252330716,-0.0058414744687280695,IBM
2019-04,-0.6039499969884284,-0.6384746681488176,-0.25377125831657393,-0.8575303352728142,-0.5341131199331837,-0.08398338567521013,IBM
2019-05,-0.03789528924842069,-0.5811479434812256,-0.42511316426084533,-1.045289924077011,-0.6451431587308141,0.08593231585932304,IBM
2019-06,0.06694160188034051,-0.4137666491852204,-0.7275124742446559,-1.2548422757766415,-0.13197453866664208,0.07495671656991543,IBM
2019-07,1.112000945297867,-0.3551481062447242,-0.353480312775512,-0.8156002584777818,0.9595473532754664,-0.07494078635717671,IBM
2019-08,-0.7346278502583776,-0.1234401830081987,-0.04248365231892458,-0.7412080645053147,-0.6404024303287141,0.07292093404342492,IBM
2019-09,0.9803636621672762,-0.29196453897917174,-0.4423570350076961,-1.186919931047301,0.3638375599510857,-0.08037418862161128,IBM
2019-10,-1.6073156777779125,-0.16996589353811026,-0.11089866603337231,-0.7698857876314144,-0.8337206285066548,0.017334440523147254,IBM
2019-11,-0.5729747509188157,0.3323064836085803,-0.791131392292307,-1.0963843324050369,-0.783026049309904,-0.00306091215182136,IBM
2019-12,-0.7116330521665888,-0.2704755387963126,-0.7825835951733588,-1.018974192102621,-0.9255514929940749,0.07225463105106944,IBM
2020-01,0.7062264283306442,-0.4162460643867693,0.1176687930133328,-0.601938327150322,0.9172792061809008,-0.08494798129235459,IBM
2020-02,-0.06546550259573726,-0.46864629316284473,-0.06778912907818477,-0.49516792375007324,0.6662145481389671,-0.14770001043079184,IBM
2020-03,-0.08961019070926757,-0.4512565150295687,-0.6999710960328199,-0.8886964332275366,-0.6262427346640499,0.13180761228735793,IBM
2020-04,0.020111867707073024,-0.4603361839674232,-0.3260790895401775,-0.7487933959941302,-0.11682933871653756,0.008109861591695466,IBM
2020-05,-0.6569531904179368,-0.24646729420339747,-0.5166872441329111,-0.960551997643251,-0.525279700318639,-0.03303657620937461,IBM
2020-06,-0.7075309390317404,-0.2935323119379024,0.12530212812901953,-0.8170903930067379,-0.44867360079103563,0.017970049916805175,IBM
2020-07,-0.22812376300432405,-0.36850225916781815,-0.6545938947492463,-0.6378741826651093,-0.7572114250828894,0.01623624278086533,IBM
2020-08,-0.6052769902755285,-0.4241453588165889,-0.7668331477525302,-0.8720740700441564,-0.6182928981593635,-0.013403388376581615,IBM
2020-09,0.3747835099637514,-0.32075627588584177,-0.534661819869128,-0.9708438120632243,0.06092067050620505,-0.08227366590587992,IBM
2020-10,-0.8461198861021683,-0.3814900213943503,0.8756200724250691,-0.3708427944806214,1.6352357400487882,0.12233538607295125,IBM
2020-11,-0.30400603651787456,-0.39767675458113966,-0.7312616385759686,-0.8940250359295907,-0.7895754697822516,0.018993352326685642,IBM
2020-12,-0.44585293987202657,-0.3330908456865629,-0.46194867785788396,-0.8485978179512664,-0.27727871732697684,-0.05374339857098476,IBM
2021-01,-0.6927071312412209,-0.326866172986874,0.8060945858205566,-0.3917221073042277,-0.39814232335393646,0.011928211862552107,IBM
2021-02,-0.41500879177072053,-0.5320975962236384,-0.8105488071624035,-0.81976755872163,-0.8895872413233229,0.12047150427165576,IBM
2021-03,1.1840728428944844,-0.7599411822334244,-0.7559187294580553,-0.9608107217225045,-0.4415752762320512,0.06466557282115626,IBM
2021-04,0.5326394795150773,-0.6261701839032501,0.20706880409409206,-0.6082017847117104,0.5136847697355128,0.024385821774997707,IBM
2021-05,0.07005778881540983,-0.7297030801622078,-0.7176030966066433,-0.8042904421383462,-0.41732362461781847,0.019823008849557455,IBM
2021-06,0.01976021760620847,-0.7057317682928147,-0.5309633626896403,-1.021728747257959,-0.1653377204881009,-0.03844151336341539,IBM
2021-07,-0.9940710276566728,-0.6217961312083006,-0.35957830080957637,-0.6956949017692037,-1.0749286088671928,0.00712932045844239,IBM
2021-08,-0.34120577620348164,-0.8409932889981646,-0.6835438447408472,-1.033360307839132,-0.5394736368002258,-0.01003584229390675,IBM
2021-09,0.3188407366264872,-0.635302750401342,-1.0232697175245102,-1.1444392043632432,-0.6337464424995898,-0.09956553222302678,IBM
2021-10,-1.8532210749945166,-0.5987980365027082,1.7279215473981113,-0.49024553517991476,-0.10492799736683761,-0.007840772014475306,IBM
2021-11,-0.03858359611507262,-0.8603068745532999,-0.8729094396149016,-0.8448802006185062,-0.48919139187605964,0.14143870314083062,IBM
2021-12,1.4469072177218438,-0.8965648747947649,-1.184945160616267,-0.9194389130002993,-0.6782882387508483,-0.0007101011894194986,IBM
2022-01,0.20402867983216577,-0.4785607896480603,-0.40220188208919716,-0.8006344335720136,0.5352818827512601,-0.07168235921122756,IBM
2022-02,-0.5639673114007405,-0.189031387913269,-0.8804012744479676,-1.0300565127771915,-1.0673321273998704,0.06123815902784413,IBM
2022-03,0.6239147682984375,-0.20433054006049015,-1.4150922236726389,-1.2746151025881118,-1.165725764180302,0.01686051753674156,IBM
2022-04,1.045050391408597,-0.274951382332723,-0.28410504922245244,-0.8617033688031353,1.246955070644828,0.06295442454335864,IBM
2022-05,0.5535459232779466,0.030809166211543396,-0.6664453615790826,-0.8576132969751016,-0.415774723657006,0.01693360026693358,IBM
2022-06,1.473475185742659,0.16103244638757153,-1.42146571396713,-0.7959195864981041,-0.9459804651529533,-0.0736608973833155,IBM
2022-07,-1.9089173965251192,0.6138540474005271,-0.6017408884561193,-0.40908426832261174,-1.1539201305473519,-0.0054901266271142335,IBM
2022-08,0.48522047900450155,0.21078653160194297,-1.1417055141879886,-0.9976380729664444,-1.2364016915669338,-0.07506010150476361,IBM
2022-09,0.357382180604381,0.30759737252787567,-1.17586341707925,-1.023297046150708,-1.2706001335844268,0.16393916056988833,IBM
2022-10,0.45247508818480153,0.33953905210545904,-0.514169093383804,-0.7330587604383026,-0.15531688605715455,0.08957075510710455,IBM
2022-11,0.14101976051274073,1.042726561452937,-1.1065981661366542,-0.8026809102704909,-1.0231732335173807,-0.05381812661302565,IBM
2022-12,-0.028655707183447173,1.0747707999965739,-0.31902561383888517,-0.8332450262258823,-0.5959987428708985,-0.04372242278379468,IBM
2023-01,-1.1541272574756078,0.674400876715311,-0.5829013039662474,-0.7083755866611354,-1.070548377529345,-0.028523489932886004,IBM
2023-02,-0.043509957919637715,0.49957865828341663,-0.8396825533271797,-0.8796092038217134,-0.6064057993206492,0.013903281519861865,IBM
2023-03,-0.12490162648157263,0.8028849213402688,-0.6952181349387094,-0.694717412238312,-0.24924781865682158,-0.03568690912188055,IBM
2023-04,-0.8537295749241738,0.6117024067064043,-1.387932467626082,-0.8185681191638154,-1.1055763098822629,0.03108991344285461,IBM
2023-05,0.23531371174912577,-0.30789569969342917,-0.7764141746204407,-0.8749577369264483,-0.5961574933365102,0.040603049511735545,IBM
2023-06,-0.29411170073903364,-0.3184843079086223,-0.7138611128563216,-0.7845628677279577,-0.8450612371677606,0.07746131050378646,IBM
2023-07,0.5327902849545277,-0.6737751621008528,-1.2785772365500183,-0.8540343791580299,-0.757735383749913,0.030101612040644987,IBM
2023-08,1.018495955028122,-0.10289976803178086,-1.0796094524252586,-0.74589153927075,-0.7773485964865803,-0.04450048208855595,IBM
2023-09,-0.051764665313013866,-0.04760748050128932,-0.5374001605352602,-0.7196754972530341,0.005684259722212349,0.030971047116354677,IBM
2023-10,0.9447233145500619,-0.144982449170266,-0.63694499433958,-0.7478879910234979,0.6164053019709228,0.10864327661496764,IBM
2023-11,0.15608656009368954,-0.14083523915357485,-1.29725622786659,-0.8014016076285859,-0.993251437844593,0.03144312393887949,IBM
2023-12,-0.3756281702180983,-0.14166997509819598,-1.317258670456292,-0.7829400442785458,-1.1180580379670413,0.12299183565973149,IBM
2024-01,1.3233405580234086,-0.2141096509659401,1.172968812079524,-0.3823166910227613,3.099394386911392,0.016651031894934443,IBM
2024-02,-0.3873797366035311,0.4540259003416138,-0.24957088377401185,-0.5841081545480225,-0.33057765386534627,0.032064590542099314,IBM
2024-03,-0.1165477434204075,0.3490246422865985,-0.09560852314651408,-0.5308124799782944,-0.06278793681203401,-0.12969378632096562,IBM
2024-04,-1.2896157168058153,0.4680915843472181,0.3478223688855257,-0.646923978222263,-0.6953343712242815,0.013868378812198934,IBM
2024-05,-0.30888090317500916,0.29557994009539285,-0.7057255213179349,-0.8859396323153412,-0.5870224352061434,0.036539801152555285,IBM
2024-06,0.2006679434250855,0.1720506044948967,-0.6920950931651821,-0.9028035499149547,-0.4668198409988025,0.11100928641251206,IBM
2024-07,1.2231201604433117,0.25563169616874476,-0.6624447011732881,-0.8050201652989847,0.029402602892559502,0.06114929887269738,IBM
2024-08,0.6394579401741267,0.5913256997983912,-0.6127895655786368,-0.8953483946258359,-0.20836760175944588,0.09374514173187554,IBM
2024-09,1.0845321193445843,0.531492463896053,-0.7484989037296832,-0.5989962526968562,-0.5419699419515375,-0.06495783189614335,IBM
2024-10,-1.0603685751660343,0.7575448386154979,0.1417907349340061,-0.36987053502451683,-0.3941625812016912,0.10874081580947559,IBM
2024-11,0.513909712074104,0.23290257087516422,-0.6588897376631551,-0.726428336915115,-0.42864717772388644,-0.03331657602486171,IBM
2024-12,0.02073854287048951,0.3547232283998671,-0.1838524563808024,-0.6505423721671697,-0.30959626697261455,0.16315242057488644,IBM
2025-01,1.7133506808195897,0.426341376647269,1.1689072005914436,-0.5330424601085856,3.551792813397062,-0.006178108360769041,IBM
2025-02,-0.07214695580005558,0.4570361216192986,-0.40936006163123656,-0.38518087643917026,-0.47901681588112904,-0.014968712936076267,IBM
2025-03,0.5735900621812658,0.6714810297099496,-0.07087376708125506,-0.5540287753639677,0.6685534614599429,-0.027485987128918477,IBM
2025-04,0.03176441764839552,1.0134541459594273,-0.5684054514035128,-0.49081637547410134,-0.5560152572553066,0.07842718695299489,IBM
2025-05,0.14948625543309377,1.3812975348861039,-0.4378536975256204,-0.5822515228391392,-0.4860410742226285,0.13788598574821864,IBM
2025-06,0.8917526095035186,1.4745076299629096,-0.4489835625839582,-0.5973714968614312,-0.16577003308732932,-0.14121699196326065,IBM
2025-07,-1.9092660959250434,1.9100612176714034,0.4415526174760759,-0.3378177027217791,-0.8663136096046843,-0.031680440771349794,IBM
2025-08,-1.1658771647671908,0.6145534415869387,-0.3577116328149174,-0.36412764860749114,-0.6507633342572958,0.158856999414275,IBM
2025-09,1.2373139846439907,0.17503553920337908,0.010627269051472316,-0.3665498729057597,0.24354818148388643,0.08946171341925702,IBM
2025-10,0.6011761345422126,0.37810488473799386,0.2732336298833398,-0.14156641942035778,0.9101048747315459,0.009344865294760973,IBM
2025-11,0.12167270438095645,0.8345056825197537,-0.04180672470319179,-0.42139179947245253,-0.5146713179273638,-0.04008667388949072,IBM
2025-12,-0.8960302163268249,0.6400677059093888,-0.890055872160202,-0.6054583283612796,-0.8483915626960333,0.03543334017374655,IBM
2026-01,-0.02062364479316536,0.40692224674943345,0.3922936882209898,-0.6009232137142256,0.36369334918637186,-0.2123604413027681,IBM
2026-02,-2.537401939541445,-0.0018076462849564647,2.146118892347508,-0.2888862745712395,-0.21295398709403032,0.009100440343887684,IBM
2026-03,0.8367647241147426,-0.48827684825823336,0.0419792505009773,-0.5480580568541152,-0.4277636898290609,-0.047086692710497924,IBM
2026-04,-0.7144242566626418,-0.49752757123535407,0.18876972869307365,-0.36783558180178755,-0.6491408886981576,0.15233983165423726,IBM
2016-01,0.0,0.0,0.42267433806042215,0.22957925703398566,-0.4938960272731767,-0.007146834973083327,BA
2016-02,0.045826373351344526,0.0,0.3796005595077917,0.370977481690393,-0.1790993856859453,0.07413293446760783,BA
2016-03,-0.12046223708810726,0.0,-0.21808886050849327,0.2046371185936444,-0.551157358418964,0.061879895561357756,BA
2016-04,0.6726904891878505,0.0,-0.32349199325637357,0.1578772248453939,-0.11211585337131957,-0.05655274157855916,BA
2016-05,-1.2132802036823076,0.0,-0.15128445608464355,0.052113270733840485,-0.4491109461407542,0.029536964642515873,BA
2016-06,0.5501623765317474,0.0,0.21029343222416688,0.1139165034056633,0.2642608103993315,0.029195848451607498,BA
2016-07,-0.32600403267868505,0.0,-0.08118953919687323,-0.08271541374646782,-0.2948632393807866,-0.023530376322046465,BA
2016-08,-0.7254396075338642,0.0,-0.4445471832160661,-0.36208853039209143,-0.46600068619334967,0.017716204869857366,BA
2016-09,0.38169635582173855,0.0,-0.34661060303396035,-0.37845343925840047,-0.25595840463927516,0.081181420674862,BA
2016-10,1.5047092819461807,0.0,0.18073365777326278,-0.05278431233849991,0.6805082934191224,0.06516596718809597,BA
2016-11,0.08898268597335343,0.0,-0.5558121759619463,-0.34584529253889373,-0.41613194350846017,0.03402822551758722,BA
2016-12,0.020494584919085203,0.0,-0.8350906366675758,-0.370457659706001,-0.884450367565889,0.04967437993626156,BA
2017-01,0.43488891276064323,0.0,0.2680723949228318,-0.06545476057702249,1.902973126273273,0.11240182166193646,BA
2017-02,1.1232569896063604,0.06731542767908678,-0.45391676034048895,-0.019460897503606276,-0.3972209239371174,-0.01868992524029911,BA
2017-03,-0.6637955549050167,0.15198974901710172,-0.3659545757782612,-0.12695500754989356,-0.23824303379053724,0.04504504504504525,BA
2017-04,0.7989687369318542,0.14265689910712967,-0.27952358389621307,-0.2480075663604226,-0.2237023108420002,0.022911363110391214,BA
2017-05,0.06439456177026616,0.1979884207761555,-0.22901534074978713,-0.10825224385058171,-0.15689143397526517,0.05395927601809958,BA
2017-06,0.8186781300225828,0.6374037805091757,-0.577438457570175,-0.2268363633046478,-0.4933752229533723,0.2260384243855318,BA
2017-07,3.4491028727501196,0.6597869392617387,1.6101384434457293,0.41556422443355495,3.0329784596244154,-0.005646502670051734,BA
2017-08,-0.22728287823623594,1.6641639943220146,-0.28917284289549383,0.6744390075619234,-0.20939490399550356,0.060703437953955275,BA
2017-09,0.5003319091268725,1.945266713902962,-0.579532632552552,0.5683482145092312,-0.4989013716364178,0.014857237715803384,BA
2017-10,-0.25364076663031515,2.0927346778970195,-0.2935072559253577,0.30837003155203657,-0.35869163176692415,0.07871922793816966,BA
2017-11,0.7181965346377951,1.4114272653784323,-0.67156714342053,0.02334645107993344,-0.07010294606805069,0.06543083513400805,BA
2017-12,1.2349104728454825,1.9568135483209406,-0.04535968725483087,0.5809583660124724,-0.05179125423271469,0.2016011385874399,BA
2018-01,1.4729779850067548,2.468713965152935,1.0110740748585179,1.1950547356240901,0.6053926672378549,0.0271830860797726,BA
2018-02,1.0261679207789356,2.823745466762463,0.4145750594837951,0.9924952735862164,0.15307951267674047,-0.09478509037447025,BA
2018-03,-1.0623209840150363,2.2249910426681483,0.305455524225444,1.067713815967492,-0.7149028624930861,0.01732428903538108,BA
2018-04,0.1369101865258802,2.2210163644662826,0.6579359253118355,0.8805293619728253,0.19222919516449313,0.06104241665362342,BA
2018-05,0.362781258533063,2.090097688202889,0.5542133353968406,0.8323607854927495,0.5898074691518054,-0.04729311107833001,BA
2018-06,-0.8723441281258305,2.226754560235622,0.1892078863525684,0.6836784394036439,0.1824478435856348,0.06196581196581197,BA
2018-07,0.42619164307700863,1.5588231990077386,-0.23535842628939524,0.34401288129601965,-0.46727096317960914,-0.03315545446592605,BA
2018-08,-0.9845656329538408,1.0537190738241335,0.21703146154749278,0.39146566655532505,0.5976001682933252,0.08490167692122075,BA
2018-09,1.2394803485416794,0.6055297618993755,-0.19220895340587035,0.4662027293161943,-0.11899479887202558,-0.045814684051041055,BA
2018-10,0.21676115075110083,0.7151147634454706,0.12667468550902894,0.5632897339663516,0.019639323651587756,-0.018296768930454843,BA
2018-11,-0.44678106487403396,1.3368773558347724,0.15647106980827197,0.5754018357606429,0.4247298016255592,-0.06998070930405098,BA
2018-12,0.21041055385215174,0.7635482936467056,0.5704318275117252,0.5447991166398465,0.5893549968112898,0.19574305134505532,BA
2019-01,1.1966382598634155,0.5263079576512438,0.2213193051681912,0.7172345672009739,0.4216376095604483,0.14664674014571277,BA
2019-02,2.468871017146604,0.5539260611669685,0.03920849110908126,1.1051607073741392,0.6307440881421391,-0.1330586975748267,BA
2019-03,-2.93932204928046,0.760280150930134,1.0744348685840501,2.2197389894009376,-0.23319732706987575,-0.009798920776396769,BA
2019-04,-0.6477539865593478,0.2058589209623688,0.44824020817911714,1.5258319835992291,-0.1140543662229656,-0.09031016158768035,BA
2019-05,-0.13121976491842008,-0.07367004411554101,0.4555746933514172,1.0103819526728592,-0.007150299759043819,0.06556790748964336,BA
2019-06,-0.33162707505646516,-0.2231776167097552,0.29625136439201966,0.8300413646686087,0.7761406001695177,-0.06273599418230624,BA
2019-07,-1.5479840019739268,-0.0635988765188021,0.9801435431932536,1.1688497891511849,0.912318212955713,0.07382870784840323,BA
2019-08,1.5129594012154115,-0.5459323331312355,-0.21153994566907464,0.9477640889930457,0.3307516560175461,0.04499221876389514,BA
2019-09,0.45437021583116305,0.20315472746740712,0.354352344401098,1.0178932288917064,0.5245457020273091,-0.10661383400260616,BA
2019-10,-1.9841198772132524,0.019005675014583924,0.6196709402724013,1.202102380284171,-0.3781751908181242,0.08355658748586059,BA
2019-11,0.7235043901434935,-0.9175238473574564,0.7025476666479716,1.0748045054657613,1.1072085557039104,-0.11038158292354605,BA
2019-12,-2.6853996346417137,-0.554982910087833,1.414795343569801,1.331128277151982,0.3911600770887165,-0.02297501775623012,BA
2020-01,-0.26545416348471634,-1.237360850774238,0.31378334026486543,1.183045165277772,-0.05685076687073531,-0.130471885963526,BA
2020-02,-0.8558304752433812,-1.512442137945719,0.3542408883161358,0.5678370963850115,0.196489367403133,-0.45788957144414966,BA
2020-03,-2.7596891839247593,-1.7152007830678417,2.8404842146671236,1.1985543006999262,2.3734753036955523,-0.05444548746144551,BA
2020-04,-2.033819531035834,-2.0043208390845213,3.3220642590409826,1.5582727672577683,3.6551309841380886,0.034250460927527815,BA
2020-05,-0.19741765839366585,-1.6505104984984302,1.8282285500051128,1.35661734797509,2.6526185868815175,0.25677065478231076,BA
2020-06,3.178076270130107,-1.3598269336766977,4.527023086161439,2.4256133029831712,4.506516227511689,-0.138025095471904,BA
2020-07,-1.823146531556695,-1.054215152301155,0.6716700365746505,1.6761077471914354,-0.06922833354454859,0.08746835443037981,BA
2020-08,0.015348569718563592,-0.9534359894243234,1.115542044661985,1.45092048700325,0.5461957387312909,-0.03817949016412525,BA
2020-09,-0.05036881050254864,-0.6662125395904263,1.1393408224891888,1.010173695876221,1.4623004095512133,-0.12628585259590952,BA
2020-10,-1.5210766467396,-0.7707421562299348,1.0331210459127358,1.096737454843419,-0.18512824322866436,0.45931158667497773,BA
2020-11,2.6824679426748532,-0.9747785761187898,1.747822813657969,1.5184792634293527,1.5124981355449583,0.01589862844668022,BA
2020-12,-0.4943408659074316,-0.7054370374897974,0.9871519458638606,1.310583125849526,1.1756730627925438,-0.09282444174530502,BA
2021-01,-1.4242793806125824,-0.6513365956019924,0.25853387510629666,0.768508065430774,0.045923811721504275,0.09176579638498383,BA
2021-02,0.38045784177286807,-0.8968772911782009,2.00794247927034,0.8750334190012946,2.7591503676260674,0.20145276166218573,BA
2021-03,2.541693392500184,-1.1086281471567996,1.3295448105529812,1.4278467906673256,1.1001843523453971,-0.0801271984924623,BA
2021-04,-2.3147944259732602,0.01215038662353781,0.16992998239356477,0.9479398224048768,-0.40635639047117256,0.05424437710725116,BA
2021-05,0.7014987247872296,0.23434821376992332,0.8525741195191469,0.9452282647427992,0.8008491320078674,-0.03019998380697919,BA
2021-06,-0.8149321030295261,0.447034494890279,0.6987179507663461,0.949749916570499,0.2488955660050012,-0.05460010018367012,BA
2021-07,-1.2950388557915578,-0.5403550739964376,1.756825440300196,0.9091442771739741,1.3773485314370209,-0.030819498410455615,BA
2021-08,-1.1319147496593307,-0.08400186801596293,0.9149984048754293,0.6049681304727804,0.3224436280527855,0.0020045558086561055,BA
2021-09,0.5202385920223894,-0.35775317573221405,0.9866501775783029,0.5080602833004131,1.2101325517482562,-0.05869782668000367,BA
2021-10,-1.3917123697060299,-0.20135890964680997,-0.8635906872220641,0.36388470340001944,-0.3263692659667425,-0.04434139979713092,BA
2021-11,-0.39315350766965246,-0.2481207058766668,1.286298989411798,0.47740083027259395,0.7540118098124845,0.01753853929744764,BA
2021-12,-0.27246585402305007,-1.234370086879309,1.3402145526490237,0.27938873170618755,1.4350609905297562,-0.0053645936817007245,BA
2022-01,0.1586056917210816,-1.3296124196625254,0.595012749087549,0.22554432492468304,0.30389304814164997,0.025469436675988888,BA
2022-02,0.8667659373327573,-0.9068949653878733,0.15353274492699645,0.0976941876798944,-0.030785916661002367,-0.06740040907762734,BA
2022-03,-1.134952136084101,-0.8537596741144734,0.8167772917401688,0.2061795461181638,0.38126790589277687,-0.22276762402088768,BA
2022-04,-1.349060957693767,-1.3677777251507575,0.28364662577220834,0.07006046823270884,-0.10271600347427427,-0.1171728030099436,BA
2022-05,-1.7794112030648441,-1.3660118939125814,1.4724140831035755,-0.03943731576826836,1.1010939466884984,0.040487062404870544,BA
2022-06,1.7914090368046727,-1.6382613178238068,1.9890278559697487,0.1520202234410988,2.395874821747474,0.1652282036278525,BA
2022-07,0.8890865677513524,-1.3048204300729669,0.5539194504683311,0.2082179923903874,1.094271710284852,0.005900445671960242,BA
2022-08,0.6829845077032088,-0.9692616592406179,0.9069738574810685,-0.00012089948798167357,1.7436828072404906,-0.24443057722308892,BA
2022-09,-2.1738863682661393,-0.6344558285249502,1.1927345390338848,-0.1630471799207482,1.2211826583010899,0.1769904195573173,BA
2022-10,0.562312781737243,-1.1418191437521716,0.6193303963883944,-0.1165348562926349,0.43261543287143095,0.25521016069047797,BA
2022-11,2.2281010913343122,-0.6674672489672974,0.00931537473754057,0.06644840957235151,0.08384261400563095,0.06490384615384626,BA
2022-12,1.6343966207061775,-0.2012893980307579,0.6880542047335931,0.09985909899820593,0.7208835462220116,0.11816893275237539,BA
2023-01,0.35057730608672566,0.17499489890428266,-0.10533208878071697,0.23964500392013083,0.02484341842830876,-0.053755868544600904,BA
2023-02,-0.43586104072817256,0.5220812560545899,0.24732488436090416,-0.02376775129768638,0.08321695470258196,0.053981642272388886,BA
2023-03,0.2528666272574667,0.14898588468103663,0.2942143759798725,-0.09076542623582858,-0.47256831962808354,-0.026596996657722527,BA
2023-04,-0.6949146712324261,0.9137340250157122,0.1386538744210002,0.07919089891393594,-0.8011633236995029,-0.005222942257471774,BA
2023-05,-0.09046790299166577,1.462303590173697,-0.4488469697613704,-0.2989724485585868,-0.2617481443708133,0.02654350996596988,BA
2023-06,-0.5361241348073916,1.8511201830128647,0.39052668928337697,-0.004388838010707555,-0.2577193795309251,0.1311327903011934,BA
2023-07,1.4402558755556152,0.80086341069599,1.1598253453182719,0.07041849041742965,2.164004871628205,-0.06204731002721375,BA
2023-08,-0.8847499544709421,0.9562968226178932,0.6679206597566802,-0.05972746394024873,0.08347547460786071,-0.14440030353077715,BA
2023-09,-2.290887532412946,0.46494164471705396,-0.7277334509019164,-0.2548533947477849,-1.0432227764745623,-0.025354757929883176,BA
2023-10,-0.03436167670392567,0.644827617968747,-0.2241964625391835,-0.07140106964661631,-0.27564653273742556,0.23985654640830756,BA
2023-11,1.9122822118612346,0.3379055367588829,0.19888065869380903,-0.017397266184395452,0.49471315120946596,0.1253291887924708,BA
2023-12,1.0409374494956365,0.3081103229352312,-0.3101057447925444,0.054729003474052546,-0.18361721222418836,-0.19036292488298945,BA
2024-01,-2.5363597905638042,0.08888457386173335,2.7859224757766756,0.7656982652177873,0.9728058627523734,-0.03468536770280517,BA
2024-02,-1.1071108615233372,-0.5706643445556412,-0.38061609702505733,-0.05902129402252306,-0.2524842422921739,-0.052670331827999184,BA
2024-03,-1.3330990590224057,-0.6645836884004638,0.4774516168568211,0.11329283000171292,0.15515948277715197,-0.13031763303798127,BA
2024-04,-1.2987947967022107,-1.056878813165257,-0.05981083464000918,-0.08025060985736615,0.276745093094322,0.058210200190657924,BA
2024-05,0.33634393852332206,-1.1658709601787398,1.202685035680323,-0.21259279838440484,0.6157442838264986,0.02477337987725914,BA
2024-06,0.027152322305246133,-1.2543277267552533,0.30034478284619676,-0.3111035512529988,0.24737338222365549,0.04719520905444763,BA
2024-07,0.35110539730156604,-1.102061220180085,0.029691742559333975,-0.29586738661701806,0.003964558644175091,-0.08845750262329477,BA
2024-08,-1.515587997647333,-1.423809235470665,0.6024241650660573,-0.30392070119594355,0.2770257120062777,-0.12489927477840457,BA
2024-09,-2.4495492210367726,-1.5504471379014413,0.8377219333647732,-0.01457859624203497,-0.08121689713203468,-0.017955801104972302,BA
2024-10,-0.2257691510780982,-1.5408738641924213,0.5140292224057885,0.5032620894131435,-0.17760230070262517,0.041055522068180306,BA
2024-11,-0.3418058686846434,-1.4641158583087595,0.4896675706677048,0.23171613212469588,-0.27892288088887246,0.1387030365414308,BA
2024-12,1.9218921797269362,-1.8124552438805746,-0.09393241567446557,0.1566146045287057,0.46056323719388675,-0.0027118644067796183,BA
2025-01,-0.7354699383471627,-1.5431582373123627,-0.17658350988397942,-0.13911889218570528,-0.4115092327487508,-0.010707002039429092,BA
2025-02,-0.1276773643440906,-1.2278574725142282,-0.011308037658298185,-0.4558235702134092,0.014524722037078499,-0.023363683215942177,BA
2025-03,0.44260257036081607,-1.1892325187977053,1.0996087315913077,-0.28843813332120827,1.3644286503967107,0.07440633245382577,BA
2025-04,1.3581290054417714,-0.8721533737427944,1.0155921477634478,-0.20729200209060844,1.1370818974549113,0.131412355380921,BA
2025-05,0.7202349484699481,-0.08720772375569974,-0.539414300655918,-0.019805166281735506,-0.5467312892168219,0.010659849508007024,BA
2025-06,-0.6195679942186717,0.05313593874922145,0.9524885078711289,0.002568206452467317,1.0038618247375362,0.058750536915954665,BA
2025-07,0.7002050335196047,-0.13052848853807267,0.09118278908762976,-0.05807081877189724,0.33889758054484576,0.057879552830869097,BA
2025-08,0.25858391579286794,-0.03390183663255106,0.04069588217860388,-0.21638077237107814,0.07965395054929143,-0.08032214078745525,BA
2025-09,-1.084784246329904,0.602354859697343,-0.0871232876462757,-0.10901781824724754,-0.052391716972387196,-0.06861882036788214,BA
2025-10,-0.8205606787037736,0.741673279261358,0.2836593080792961,-0.15196412517845725,-0.6418334878420611,-0.05979504526912749,BA
2025-11,-0.8873381384518475,0.3088741530765378,-0.31795743041095764,-0.2812650584030632,-0.500145808396068,0.1487830687830689,BA
2025-12,2.175201292004209,0.14492809132851456,1.316607656499157,-0.1707659813279087,3.384006447381634,0.07645541635961672,BA
2026-01,0.3433611623972595,0.007944968046366204,-0.2373002263737217,-0.14262301781152836,0.27475226955267723,-0.02648468252609959,BA
2026-02,-0.3094609388727742,0.17277542354943087,-0.9002491439044409,-0.636270857356923,-0.6684726111459722,-0.12525820770887353,BA
2026-03,-1.2851479786835773,0.14115664302074982,0.8838658509885612,-0.40003549500862556,0.964299173690263,0.15073104557101935,BA
2026-04,0.21182040114827025,-0.14701575445540688,-0.11580243886038225,-0.44605959100482784,-0.0720658332888718,-0.0010915600576343332,BA
2016-01,0.0,0.0,0.041269542157689604,-0.5544679273616698,0.023768929388103103,0.08774429967426722,CAT
2016-02,2.042586289448768,0.0,0.23153381586658647,-0.7266471800159591,0.0748165133287423,0.1304510574583566,CAT
2016-03,0.8889387827266828,0.0,0.45611844283295105,-0.3763169476959943,-0.025457061290567733,0.02549668874172184,CAT
2016-04,0.12693365812024762,0.0,-0.13870400353679085,-0.4073252747758704,0.049901836347949716,-0.06716176945431052,CAT
2016-05,-1.3595449960741457,0.0,0.506576141792896,-0.5514578931772888,-0.2391247206776149,0.04551748009691936,CAT
2016-06,0.8267095400657699,0.0,0.39398333247756795,-0.9371422515652602,-0.4186556354374891,0.10213540804502563,CAT
2016-07,0.8105326677617491,0.0,0.6234489353615895,-0.5953261499035886,0.9896660148527073,-0.009762691498948484,CAT
2016-08,-0.4669076665789037,0.0,-0.2525769221247314,-1.0322095132893503,-0.356557733100426,0.08327013499165781,CAT
2016-09,1.7868166565156343,0.0,0.5741551605192114,-0.7588601867155825,1.407715603277166,-0.0515261831419771,CAT
2016-10,-0.800879709105151,0.0,-0.44668834807429547,-0.5830700131278735,-0.23025676807574122,0.14511366991437846,CAT
2016-11,0.9551378899518926,0.0,0.43687492820189944,-0.5243989633334615,0.8856431875896518,-0.029521722315328014,CAT
2016-12,-1.2047304236455292,0.0,-0.05913842165836557,-0.8332534120899397,-0.3643005238685346,0.039984059511158465,CAT
2017-01,0.2800825107725704,0.0,0.1432892649364396,-0.711064111556702,-0.3026578768771387,0.010473879167198774,CAT
2017-02,-0.5207047473429643,0.38112297117669347,0.3480886874028614,-0.7429163690919183,-0.012520688885140631,-0.04032360005056246,CAT
2017-03,-1.1093064360547085,0.032021425757568285,1.0891198962074342,-0.2830473760036177,0.08953269226418678,0.11156480505795563,CAT
2017-04,2.2999579262859045,-0.1525242487122126,2.41230170665031,-0.20693796643926404,3.4655366611191685,0.03104633250385125,CAT
2017-05,0.17669248152147146,0.08215814701786563,-0.16053552251302203,-0.5015340770326139,-0.03713952221088363,0.01919319618434656,CAT
2017-06,0.20431521651048856,0.5576839501050032,-0.02852880961918962,-0.5826527117470243,-0.1206353253305796,0.06799729364005391,CAT
2017-07,0.724587489281323,0.39253195086396464,0.3924816213441562,-0.5088794331841616,1.3216920822099834,0.031042128603104402,CAT
2017-08,0.6114351308659699,0.3986425807257862,-0.6085848849407757,-0.8575193937488116,-0.032798367980625714,0.061546338965693614,CAT
2017-09,0.5149891257035738,0.6569609865899672,-0.701934892215792,-0.9105411153813329,-0.2197565137162904,0.09531159560100333,CAT
2017-10,0.8370823487753626,0.4561533690024894,-0.07045609953945055,-0.41624274620431023,0.7072194176395056,0.039457459926017124,CAT
2017-11,0.045212152262398005,0.885974038789013,-0.2992305394829707,-0.8502598705986282,-0.3276339071359859,0.11633621420098295,CAT
2017-12,2.5121514551325497,0.6822725772057827,0.01447687488852086,-0.5223413952955583,0.905214938331545,0.037874762808349116,CAT
2018-01,-0.450951264450184,1.7165940933999455,-0.28225514782378025,0.12960089120046703,-0.39243101056612617,-0.05009507093754584,CAT
2018-02,-0.256155115468514,1.2343576587721126,0.7377107043227957,-0.11217342372184749,0.06919063332936043,-0.04688582646855022,CAT
2018-03,-0.21222031282458295,1.030376012171621,0.7946118703912645,-0.1769921249334467,-0.12579353005593283,-0.01550888529886918,CAT
2018-04,-0.45660826904183444,1.3490004133537696,0.44545747789546086,-0.1662048004942901,-0.12860023524268013,0.052264522481129116,CAT
2018-05,0.23405895231638524,0.7587811304554102,-0.006966769508075956,-0.3827206465206287,-0.2550544523315633,-0.10690058479532161,CAT
2018-06,-1.890353154979079,0.7779682454983852,0.05916246906266475,-0.5463842282843117,-0.30448250032522256,0.06643967173039989,CAT
2018-07,0.4988461217430804,0.1860704837185224,0.4721040635485501,-0.3559557301386615,0.5888028275576646,-0.03446582071223914,CAT
2018-08,-1.0033020964358133,0.22575019095798396,0.8143577656959952,-0.3613721544764732,0.1529261598795,0.09827030693573002,CAT
2018-09,1.4621774925082165,-0.22843898552231992,-0.291570529512781,-0.4951329894768215,-0.05477227886994376,-0.1993360611441366,CAT
2018-10,-1.2896684503125524,-0.019196473955955022,0.48684863540953244,-0.14856284929912195,-0.35991327538999685,0.11831067399479323,CAT
2018-11,1.1763472120602416,-0.9274916412980047,0.589344921891446,-0.3717060274051459,0.4693342438538665,-0.06345921710639768,CAT
2018-12,0.33795707399942054,-0.4877458820813274,0.29784428902270965,-0.63925429928459,0.5699130764862549,0.05468606149880317,CAT
2019-01,-0.3241773502441023,-0.7467696783122637,0.9317168410207974,-0.4246315468584548,0.16086574354778954,0.031337290502793325,CAT
2019-02,-0.11889606466970737,-0.7718374691990447,0.9827056025422009,-0.5886583511255167,0.6310928093192911,-0.013457469318662763,CAT
2019-03,-0.6021030798362438,-0.728203856040789,-0.17807616365540507,-0.8024060753424286,-0.1998971557755009,0.03526080988332181,CAT
2019-04,-0.14899902731657946,-0.719137610358747,0.07322116092585644,-0.6085733405257675,0.08411969143501732,-0.14063147426866662,CAT
2019-05,-0.8734951648931212,-0.6638866561136515,0.32195731617933143,-0.44245734972877754,0.3449807379200523,0.13751205400192856,CAT
2019-06,1.076451311912174,-0.9382741097618349,-1.04324952166021,-0.7485192313239944,-0.6470133340348607,-0.026449643947100587,CAT
2019-07,-0.8469944950510123,-0.3726283335482338,0.5684172489646443,-0.5471490546126732,0.2285420476677086,-0.09622082897944961,CAT
2019-08,-1.056123549118161,-0.71137896713145,-0.22287544856916677,-0.8415377067788419,-0.3761794322874109,0.061470276519896005,CAT
2019-09,0.7647085289707262,-0.6813028283070671,0.5034812787532092,-0.749079717332236,0.5694733119432155,0.0994826177725332,CAT
2019-10,0.9754478833267761,-0.9840890301331616,0.5341434664699093,-0.4929702440956215,0.4862229741610363,0.05027656237100642,CAT
2019-11,0.07195713058798196,0.08269412521739443,0.5276230444610992,-0.8167263487716395,1.3018678216674404,0.020358434208457732,CAT
2019-12,-0.28092084270183176,-0.4667496501270235,-0.09859478975905422,-1.0754660431436773,-0.35206461287466423,-0.104306293814036,CAT
2020-01,-1.0953219981636322,-0.581217347238792,-0.1883867053928966,-1.0449128179682814,-0.4533585815887193,-0.05418422636965681,CAT
2020-02,0.46864057845434426,-0.867509143256283,-0.20963796609822374,-0.9448387231669446,-0.08066859291211449,-0.0659270710193689,CAT
2020-03,0.6142826386387875,-0.6538620677066777,-0.5951021324875795,-0.9960277536122982,-0.8501856327248576,0.01216900311526481,CAT
2020-04,-1.2992191727529494,-0.24723997878789822,-0.022057823145038076,-0.7434191034263862,-1.086653967245538,0.032220832932576604,CAT
2020-05,-0.23309726039853554,-0.43706453106482535,0.5510911489452288,-0.9996684641187232,0.41901466111616825,0.05301900857249353,CAT
2020-06,0.4462642905519507,-0.2866824826144578,0.2679742415057492,-1.0154632240780905,0.42587045951869745,0.05831342359083247,CAT
2020-07,0.18438009671480904,-0.3009874964009068,-0.1859217242299101,-0.9185874517206274,0.05959960277828246,0.0709030100334449,CAT
2020-08,-0.1289806647344038,-0.19537064459641668,-0.1730393681130346,-0.883525579596556,0.23648329574113838,0.04809494066208608,CAT
2020-09,1.430080970387279,-0.11905282506772803,-0.11030601204865474,-0.7860448746477399,-0.4448729375539867,0.05937127532777109,CAT
2020-10,1.32610144361882,-0.07972040730220589,0.06216195201420336,-0.6833601214228486,-0.710746177921327,0.10533717741368398,CAT
2020-11,-0.4546537907601512,-0.013241169663507009,0.2670475195066668,-0.8425680362193148,-0.26616643173352944,0.048539983459507496,CAT
2020-12,0.01708169356000377,-0.07535091252071786,-0.08259780298531397,-0.9402928648568113,0.40211576182790487,0.009889576507705389,CAT
2021-01,0.4984616537081546,-0.047935561268192185,-0.2861714120754433,-0.8550047771513487,0.513442279232667,0.18071492940823086,CAT
2021-02,1.2667079434745678,0.25749219963090825,0.23002442957878624,-0.6907559335748051,0.8756376265114075,0.07403449854983979,CAT
2021-03,0.40557377704190567,0.7193196166993833,0.09637673227506076,-0.718367789145045,0.05160580016596441,-0.011749099867348956,CAT
2021-04,-0.9700994204729381,0.5156351915493008,-0.7387860821212482,-0.78756243201119,-0.6774594246865672,0.056855225311601254,CAT
2021-05,0.7567122612591145,0.9435172188476629,-0.5103372539773678,-0.6878726647975156,-0.3511151865315205,-0.09729656173455514,CAT
2021-06,-1.9345172250477394,1.3101041494766328,0.4542677445916239,-0.26555676392461597,-0.10460747599126773,-0.04487211697904614,CAT
2021-07,-1.1138466506936269,0.7519784295300139,-0.061225393130391124,-0.663851687543094,-0.3437866915323387,0.019938973063972965,CAT
2021-08,-0.0743013622074407,0.4382538790578138,0.6244628244963419,-0.4862757453326414,0.5770107360802769,-0.08964770206839634,CAT
2021-09,-1.0128143869070663,0.453019984974349,0.658413760573811,-0.6261865197398524,0.24415454809254114,0.06861578559691761,CAT
2021-10,0.04600818707118263,-0.2506450425550984,0.23507045560950707,-0.7040671768427146,0.3890356513557936,-0.0522799575821844,CAT
2021-11,-0.4702692698553883,-0.5057631000742021,-0.07581293489035207,-0.7402996988452135,0.19496265404964552,0.06926261609041062,CAT
2021-12,0.4453135422261914,-0.5814144129221502,-0.4384701550466436,-1.0251443922006145,-0.4789633500892919,-0.020353704478861534,CAT
2022-01,0.01232761679363332,-0.5050819590956889,-0.007471060486312589,-0.7163289817203125,0.4142614384744868,-0.06932649682209047,CAT
2022-02,-0.529273041276366,-0.5720334440551198,-0.5797206810417934,-0.9103903338151899,-1.0334260382956177,0.1878335724533715,CAT
2022-03,2.354845749574762,-1.1827868270933086,-0.3536876319374705,-0.7152612517922537,1.260583793162707,-0.050584597545656584,CAT
2022-04,0.37121002186480734,-0.5832002986449095,-0.14412977947004635,-0.7473602010456549,0.1508993665948404,0.02524044577884088,CAT
2022-05,0.0650850908067072,-0.2590766642734223,-0.39564268648041684,-0.9399782517082746,-0.13202685663615218,-0.17183699806422792,CAT
2022-06,-1.0746242377403785,-0.33909140637919605,0.18232425496627405,-0.7531447955374198,-0.3624866205575874,0.11675157326940377,CAT
2022-07,0.3213009159841599,-0.25055110126106217,0.254630879474719,-0.9007750899913842,0.3181834184685126,-0.06831964793645695,CAT
2022-08,-0.6056307029292195,0.06553774074252536,0.3850471063203919,-0.8259280361493923,-0.40222503724495695,-0.11169354838709666,CAT
2022-09,-0.19011047734967296,-0.07058481076601662,-0.11669602638464571,-1.0012269946347696,0.3068549831019406,0.32805914013358417,CAT
2022-10,1.8336874324125443,0.0867839741861937,0.2556556753178903,-0.7360434113247233,1.3196701287955508,0.09213867187499991,CAT
2022-11,0.17337589658134334,0.6224539655879552,-0.741002539481607,-0.5495119247920047,-0.6704489085305118,0.013323199356194415,CAT
2022-12,0.9118571216419927,0.8276940857574432,-0.36047155617199894,-0.6137394071308806,0.001500314261626297,0.058195455548202046,CAT
2023-01,-0.2068481632531681,0.9221309567303697,-0.233057315363982,-0.42036468480893363,-0.2755850439235615,-0.05049199466310883,CAT
2023-02,-0.38510940643875363,1.5156162925427796,-0.4660428116373006,-0.4533131191676036,-0.496408655591151,-0.04470205945637373,CAT
2023-03,-0.6773003999014052,1.8310870816067415,0.5549192094075129,-0.6303548908111954,0.010667280787389499,-0.038703746265226435,CAT
2023-04,-0.9064384103792295,0.5667849881958268,0.515187576452565,-0.49154201674726716,-0.23622642452335385,-0.05962798259455837,CAT
2023-05,-0.5785639656457154,-0.030822964341690143,-0.47020830728719015,-0.7026769160311963,-0.43908618250335274,0.19582019729482347,CAT
2023-06,2.377702665716979,-0.30998275452857665,1.4481919757289992,-0.5221710655623144,3.266338773809986,0.08308882935748607,CAT
2023-07,0.6279391375568366,0.4375817641082623,-0.6548192875084676,-0.721133406435733,-0.6120886786377495,0.060186093989242684,CAT
2023-08,1.6398615220165444,0.5444534598426961,1.360555485421763,-0.292097370462045,3.2137520332760188,-0.028921641238335072,CAT
2023-09,0.29741452527057755,0.873780538545924,-0.03538893862660373,-0.7206185214462725,0.10233715712570816,-0.1677153643747855,CAT
2023-10,-2.508949177079641,0.9152062707351374,0.5729050563952404,-0.464916658854444,-0.5461982105749352,0.10914089347079026,CAT
2023-11,0.16274680535560793,-0.2148230227520791,0.012593623236178944,-0.4750773190128222,-0.2481410358462879,0.17924567273929015,CAT
2023-12,1.854436637197402,-0.23171778853102848,0.41839005725182454,-0.49329446717671455,1.4461632349925027,0.02038814544944989,CAT
2024-01,0.05953496533011579,-0.1311967054586094,-0.09604403498653614,-0.6867050475961101,0.052550962875597046,0.11205712716286742,CAT
2024-02,0.950204059873288,-0.04984130841710848,0.014576603881088846,-0.5193008512449325,-0.34620465828150193,0.09724623363793539,CAT
2024-03,0.8192743644348747,0.19276195317660036,-0.4779505851091772,-0.7504898163357935,-0.4210484030004913,-0.08361937988858259,CAT
2024-04,-0.611691723160406,0.7393026286053068,0.6664530162633404,-0.4472063575933471,-0.02879417401556015,0.011789990789069726,CAT
2024-05,-0.33912385534798223,0.7666081082778735,-0.2631214106342257,-0.44682686330062826,-0.573561626290866,-0.015991988832918747,CAT
2024-06,-0.5740014275419224,1.11384887526821,-0.6209514092826118,-0.24378056123591876,-0.5602662461288102,0.043543960280013616,CAT
2024-07,0.30121134622339435,0.3437129970199266,-0.18397120281997298,-0.4915203212566743,0.017773117174003466,0.02857649457726308,CAT
2024-08,0.1702554114227212,0.384122502579871,-0.1464946026917319,-0.5131341023447269,-0.18787147893284514,0.09834511291156711,CAT
2024-09,1.1588842229651937,0.0796953794205354,0.5652198413116257,-0.47097375434768407,0.6410853247417823,-0.034685709801459796,CAT
2024-10,-0.5228365740830423,0.26679221353372007,-0.5104784042993206,-0.5428847805390921,-0.5162413264840532,0.07950573124136251,CAT
2024-11,0.1443033177315915,0.7395995935732946,0.6722719889578745,-0.655655091279785,1.2056959738458128,-0.1067600471923087,CAT
2024-12,-0.7909556600771201,0.77944552140061,-0.5086904804041441,-0.8809135144830483,-0.4273998693914832,0.027709082733812895,CAT
2025-01,-0.28633501686180957,0.023051394555715716,0.22404053591094353,-0.700275151237167,-0.3305846443205515,-0.07402242275088866,CAT
2025-02,-0.904010709463611,-0.06281689097838433,-0.5792316951694378,-0.711657607452579,-0.6395943921336916,-0.0411363435017571,CAT
2025-03,0.16529412063358254,-0.5558322292723611,-0.4060142715107316,-0.8421574834525435,0.012438909025296228,-0.057745611333538616,CAT
2025-04,-0.3621346922089531,-0.7503823218125425,-0.009852588669910135,-0.7028576457333351,0.09453159144952042,0.12534727896715148,CAT
2025-05,0.654902808570528,-0.6302141547779558,-0.08163640594070232,-0.6696522987001703,0.39114070054623873,0.11542259657275644,CAT
2025-06,0.6249097744259265,-0.3495282846133719,-0.5028091151674978,-0.7221559549619972,-0.22520169406299415,0.13246016039995845,CAT
2025-07,1.6620768710213947,-0.018786631128654682,-0.6418270444794644,-0.5480763907205567,-0.3229263486896588,-0.04334230070589318,CAT
2025-08,-1.3513602687240913,0.37274069598148274,0.40399651973519535,-0.2297759191441722,0.5172441739839915,0.13868192087679665,CAT
2025-09,1.041441910925001,0.010117762233610475,-0.3417919269311068,-0.47805205183521293,-0.053165481027366616,0.2132936507936507,CAT
2025-10,1.714889631093363,0.13012807228949605,1.148769959337375,-0.19241902598033242,1.9520900653152609,-0.0025921608879454494,CAT
2025-11,-0.05253331861353529,0.916501257562651,0.009618982063335198,-0.38389094923940875,0.19416535940018748,-0.005023372636572931,CAT
2025-12,-0.3258620460828478,0.7725770854767904,0.5671126848300752,-0.3297533669721225,0.039808808563657226,0.15018231540565163,CAT
2026-01,0.9975326141889235,0.9730278778529035,0.13919501787403316,-0.46032217910641265,0.0936062438660992,0.13002392891435877,CAT
2026-02,1.5664800374052337,1.0501084037852844,0.45936266519442853,-0.027149127101539498,1.341302456074398,-0.04627606484853386,CAT
2026-03,-0.03779088884612748,1.8439401478420958,0.9151543935201255,-0.22001215649110828,1.5122535377384287,0.2587999038339155,CAT
2026-04,0.7178326703780449,1.962482324379065,0.5076384654464431,-0.19209746739377176,0.9449701191599172,-0.002741234229477363,CAT
2016-01,0.0,0.0,-0.5282895219538593,1.080382085252114,-0.514657723128159,0.009365583516572906,GE
2016-02,0.39329123906830343,0.0,-0.5939340556100127,0.7525770202539501,-0.5056238822278097,0.09093109569146374,GE
2016-03,0.18061457744207063,0.0,-0.6270368957733707,0.8778992662983889,-0.4799928392817433,-0.032689889801050365,GE
2016-04,-0.7458789796880022,0.0,-0.5707512099397789,0.7613490761578908,-0.4328401313698271,-0.016897316308586152,GE
2016-05,-0.6665578637797112,0.0,-0.5965250988057808,0.7798207562273063,-0.41996676827976137,0.04923005132991132,GE
2016-06,0.890956594350807,0.0,-0.19412835144087642,1.1922929627257284,-0.025064464539443127,-0.010822029501148966,GE
2016-07,-0.9495584826997677,0.0,-0.6341804165909313,1.3105053878601647,-0.7906965930892829,0.0032221805919820934,GE
2016-08,-0.22307551703055348,0.0,-1.222405598670523,0.7866099514705855,-0.8611437271414737,-0.044442784583208716,GE
2016-09,-0.9506548516320317,0.0,-0.5362445851137984,0.9205617319096551,-0.9066370712780302,-0.017587743297115654,GE
2016-10,-0.2112519030921122,0.0,-0.7340601395172643,0.8484445893764485,-0.27030530706335354,0.05704964990451922,GE
2016-11,0.0010503225334732745,0.0,-0.5456719276936811,0.6570473371355903,-0.276003961863513,0.03500188182160335,GE
2016-12,0.03926640290017379,0.0,-0.6346726797475982,0.7407881022281488,-0.44914604527163915,-0.06007272727272717,GE
2017-01,-1.3183611399012722,0.0,-0.49010139745674147,0.7495824877446391,-1.0375957058655654,0.011683689260290953,GE
2017-02,-0.5011921244709651,-0.5243935419650828,-0.6821148107957572,0.4390703167868023,-0.6610527715265018,-0.0003824091778203975,GE
2017-03,-0.28678158551745797,-0.5058070122507943,-0.34839870348548474,0.6347999881185956,-0.21280628629209855,-0.027237949502677772,GE
2017-04,-0.8320653102326685,-0.622151467533701,-0.5443281221172114,0.6564039321776,-0.8665658187712711,-0.055450684285040075,GE
2017-05,-1.017342133763808,-0.7527173846959802,-0.22245633979858023,0.6764499803798317,-0.0901421617038025,-0.005162794570738649,GE
2017-06,-0.22608756439897681,-0.9601660550136892,0.08023558127513554,0.796061968388504,0.3949345965009372,-0.051812170419352155,GE
2017-07,-1.3408414682012777,-1.098574628655902,0.19620881706322393,0.7239910948041297,-0.49424402966569886,-0.04140183615819204,GE
2017-08,-1.044665295549257,-1.2125015267987185,-0.6209886643783189,0.4251133351512872,-0.6750689328169369,-0.005341191638272402,GE
2017-09,-0.6481190076241967,-1.3680035890162716,0.7172332739002755,0.8503946907441935,0.05542824274557903,-0.16618831589667626,GE
2017-10,-2.7080829554340538,-1.3957256578602608,1.043963350715306,1.4885933227581,-0.44058147381846224,-0.09271596713302255,GE
2017-11,-2.220367231433081,-1.769181570323781,1.8126675115363926,1.2684435692478335,-0.20195339994164152,-0.039285277199853086,GE
2017-12,-1.3924682566717899,-2.4545901758545914,-0.6422508313064966,0.6346621800227873,-0.8267385654065625,-0.07350318471337569,GE
2018-01,-1.7597403337852917,-2.785391786616637,1.437518790448962,1.130865218068028,0.4147427171642587,-0.12017049360648979,GE
2018-02,-1.4189588394629362,-2.6662462797870434,-0.07720960427693982,0.3620647915591839,-0.0171449789090644,-0.044538209095171144,GE
2018-03,-0.17055555762651273,-2.2766759350541923,0.5370709548448537,0.28943565174794866,0.43668974226409685,0.04367026496565263,GE
2018-04,0.6131609073782724,-2.435606867937919,0.5976882465891018,0.19442924244474427,0.07410337517901511,0.0007835762419683423,GE
2018-05,-0.5208767983203231,-2.346655770481298,1.7673778004519676,0.14938642064214208,0.15555569418767523,-0.024898214844973343,GE
2018-06,-0.4898718457197388,-2.3022244016766886,1.4192492106617396,0.27426532321484515,2.6557022599367026,0.001605909747872003,GE
2018-07,-0.5540396244945692,-2.2101112180030587,0.30929893620573723,0.0695589647994992,0.29694846130058383,-0.05082571749238407,GE
2018-08,-1.2372264740306145,-2.670221004110001,0.2777825596075817,-0.19178366642007647,-0.06523881581958581,-0.11908783783783794,GE
2018-09,-2.1586152144784827,-2.423548055067907,0.6507639104874089,-0.0021780164612617394,-0.17052188641235058,-0.10546500479386389,GE
2018-10,-0.3685580444085345,-2.333751684887702,1.106955040484232,0.4861896308281944,1.1144760643170228,-0.2574490889603429,GE
2018-11,-3.2883165246026587,-2.754293836368723,1.6191902651403869,0.5200084778433032,1.7984350975321832,0.010969976905311762,GE
2018-12,1.7936338433399581,-2.860894562797143,1.7653468348971544,-0.0692563652910809,0.8922975078194134,0.342090234151913,GE
2019-01,2.7744904481918287,-2.4044053936589282,1.5786105049076007,0.21441254581208144,2.2130614740099426,0.06382978723404253,GE
2019-02,0.6102984090488992,-1.7063679682879862,3.5586048413167743,0.4435180947084898,3.6991634170570933,-0.03720000000000001,GE
2019-03,-1.0660740097348909,-1.308430351797911,2.208757063584503,0.08530852720793922,0.48781379350129145,0.017864561695056125,GE
2019-04,-0.34155377473924686,-1.3017844783507675,1.073057348235863,-0.25554743490851717,0.5256300601957336,-0.07183673469387764,GE
2019-05,0.14127651162807744,-1.4608302911029867,0.5215091349482575,-0.39886307869574483,1.4802650432497337,0.11367634124890058,GE
2019-06,0.6099428662278499,-1.3184094105094808,0.30093582744466424,-0.6640531629426227,0.564035834036781,-0.0049358341559723184,GE
2019-07,-0.43138491128845013,-1.2377915605735808,0.7702018127854742,-0.5878009917597519,0.803596864887386,-0.21051587301587305,GE
2019-08,-2.7828759673788226,-1.3017668344270161,2.744129355129259,0.12434005845442982,2.6075739462198237,0.08494596632319684,GE
2019-09,1.206836240939139,-1.577072324739662,1.1867094532479756,-0.7373937151885842,1.8626571696270244,0.1162844567987027,GE
2019-10,1.2167241434046936,-1.1011249327218424,2.3708119458738075,-0.541599607510845,3.0512914324011353,0.12927993359618184,GE
2019-11,1.6186635960958689,-0.6307332162426734,1.2374096737983002,-0.2850814730044594,1.5900531012561903,-0.009004042631385545,GE
2019-12,-0.8209349438851383,2.052529361715203,0.9961196644685416,-0.45914259690751086,1.430854738770906,0.11570554422399404,GE
2020-01,1.1495800430459484,0.8182443951921747,2.921888048149988,-0.17989965255719487,3.1935243070470554,-0.1261425959780622,GE
2020-02,-0.7806673453304138,0.13556715219448423,0.3132532572134398,-0.4689321201943447,0.6158166298046024,-0.2694941042221377,GE
2020-03,-1.1380008917618596,-0.21234910091601533,0.350633889490789,-0.67076026154591,0.16019221738858924,-0.14345222598281693,GE
2020-04,-3.015353450177596,-0.5519095488058114,1.0719026662622522,-0.4218722239301588,0.4166562055563328,-0.033738601823708136,GE
2020-05,-1.392623235811079,-0.918565564329965,2.246442817343936,-0.37792912355124175,3.1373830816953063,0.040893362692670854,GE
2020-06,0.2836889921884175,-0.8872767856585616,1.4867443478124684,-0.48273926215940577,1.368046534351612,-0.11121184647929894,GE
2020-07,-1.548985803442367,-0.8163788738376592,0.6628837157645316,-0.59220061616899,-0.2696426340175556,0.04454267256035349,GE
2020-08,-0.35865094723798474,-0.8044283551476702,0.6332377345818534,-0.6154257342342346,0.1764486268234274,-0.015625,GE
2020-09,0.3366611554073096,-0.4531727696617923,1.627926721209465,-0.4329489740243894,3.293613506353753,0.19080687830687837,GE
2020-10,3.341755640580197,-0.5392169238048511,1.3653052688830918,-0.25496022993818884,1.7457002439602407,0.37211885587336857,GE
2020-11,1.9097165695851654,-0.5646413149078469,0.04571729072149091,-0.14465483322148673,0.15763087720998073,0.06193078324225865,GE
2020-12,0.22688784577149526,-0.3897019143338117,0.5312621840759814,-0.2677883802161392,0.20719026008177116,-0.011244520678482917,GE
2021-01,0.10284480827317703,-0.34213762065533687,0.4692375955151662,-0.3351416049387548,0.48256501899259985,0.1740555127216652,GE
2021-02,1.2003564399225282,-0.5461741441229527,0.705790589912236,-0.47407609404242923,0.6726320695858017,0.047939582991298746,GE
2021-03,-0.03189774098670523,-0.4112688915144734,1.5810922202756796,-0.09931200590812143,0.8238002368620488,-0.0007833307222309127,GE
2021-04,-0.7544512041960654,-0.0547697517279172,-0.35086305112448984,-0.4418422396569417,-0.6019836424736613,0.07165255566008133,GE
2021-05,1.0696423418057577,0.8041842755150385,1.3527037858004947,-0.38488605859261915,3.168216150416383,-0.04198975859546439,GE
2021-06,-1.0116583274188111,1.539452250802925,0.3505622167873953,-0.581931818986365,0.19081843321684136,-0.037721441661576094,GE
2021-07,-0.9806590617084929,1.372011782822122,1.4917801574749228,-0.5050468880489536,2.032389486151353,0.017457546421203007,GE
2021-08,-0.12600485053441754,2.2915820298601215,0.5652083254320808,-0.11849087649697225,-0.037420096537624105,-0.02183746685384491,GE
2021-09,0.1214368089230306,2.421046606711357,1.4800911484479435,-0.21470073876258178,1.5243485423912102,0.01801945463243504,GE
2021-10,-0.5253634347387071,2.0674335092671132,0.04501935306166482,-0.6316633009437181,-0.3507302444490076,-0.0942982456140351,GE
2021-11,-0.8784381583424954,0.5635036174327285,0.20687842105656742,-0.5123585735659061,-0.08996444154723317,-0.004669664475959956,GE
2021-12,-0.5806509794930002,-0.47228506840124423,0.035255695125175214,-0.953091717318809,-0.19393898787035607,0.00017376194613394347,GE
2022-01,0.212654261410533,-0.7412467389874481,0.12661706164523986,-1.0007271401873832,-0.42009976662713333,0.01094510076441968,GE
2022-02,0.6528692191642116,-0.6269298750643271,0.29117680347511327,-0.888916910975669,0.17336090073872362,-0.041244200034370126,GE
2022-03,-0.777319964738907,-0.9067667168304694,-0.08935996242785631,-1.0480147098485033,-0.41669771742671874,-0.18497938698691518,GE
2022-04,-0.9715207966862317,-0.9485690620247346,0.32326680217487813,-0.8675032155735376,-0.9413927701296482,0.04992302617110189,GE
2022-05,0.3847669212818607,-1.0857108999596456,-0.35445196433277165,-1.0832798628339368,-0.47678171430814603,-0.18579807289484718,GE
2022-06,-1.2630762903460306,-1.0718048120623125,-0.004719084211230093,-1.0338139902206105,0.07492658317995328,0.16104965268844884,GE
2022-07,0.8401450210508352,-1.2146167966292098,-0.09970555902307618,-0.8910654699300051,0.012987129771736536,-0.0062042986926656996,GE
2022-08,0.47282096639361976,-0.9213517169522804,0.214904239445016,-0.9381787485214399,-0.3303780313575115,-0.15607580824972134,GE
2022-09,-0.8534103709208234,-0.7384130419679632,-0.41828048915682586,-1.0537897882961111,-0.8556553405086537,0.2568031704095113,GE
2022-10,1.2340064840938139,-0.9401543438926839,-0.09573685546696967,-1.1020114715076619,0.5716911226129487,0.10489804498633593,GE
2022-11,0.3341459097304922,-0.4831989886471162,-0.7090917492238104,-1.0264018977607616,-0.8254376086745784,-0.0243531202435312,GE
2022-12,0.3840888445794579,-0.18674371839286538,0.3217366892517051,-0.9684545294650151,0.27505392324746114,0.23088923556942276,GE
2023-01,1.3982598923076102,0.003081932206446676,0.33961427082439316,-0.5883297319989398,0.7779699346491715,0.05243979721166059,GE
2023-02,1.2154293544507322,0.6723972233215924,-0.46567360634397165,-0.9049667366110783,-0.3596110761281376,0.12961011591148575,GE
2023-03,0.9657210425366444,0.9764710456452239,0.09518054882964606,-0.5430744398642973,0.6402508333993129,0.03531449893390182,GE
2023-04,0.38677541638566676,2.3184503842620177,-0.5029452053329845,-0.6054507967946268,-0.6845108483187476,0.025743338911056846,GE
2023-05,0.18734679615660155,2.929089416640964,-0.2933048771469128,-0.8119635608017802,-0.1903319036994628,0.08206801355251603,GE
2023-06,0.41964118166517633,2.231768225736141,-0.38873215278662016,-0.811539543586747,-0.13169995592137726,0.04070509103560238,GE
2023-07,-0.08867579971210665,2.61443426957459,0.2890292954475255,-0.8139992850856073,1.075024524243553,0.002005794517495163,GE
2023-08,0.4382043078226434,2.4792105241687374,-0.2465019043042379,-0.8566616643502505,-0.5522278029916916,-0.033474199288256234,GE
2023-09,0.19537493514704493,2.0400713242216333,-0.21371141022968265,-0.9040229902211571,0.018371776121041444,-0.017374295247957527,GE
2023-10,0.10435895460745645,2.2872686095330703,0.7166019854092762,-0.7367952180218046,1.2776375494807475,0.12119437939110056,GE
2023-11,0.3240740826594217,1.4294349304146625,-0.4020150958082244,-0.8036070516061714,-0.5040103963476437,0.0485639686684074,GE
2023-12,-0.11730655388316236,1.6456747780853744,-0.4527816055116342,-1.020828032484487,-0.29071619467569676,0.03754980079681269,GE
2024-01,0.27092108568720286,1.2803592596139783,-0.7232928776015303,-0.8130575070079092,-0.6162302543108071,0.18469808966113077,GE
2024-02,1.968622999724975,0.9650644809541132,-0.7151282081174983,-0.5349918162616764,-0.09119030538033736,0.11887205250790056,GE
2024-03,1.1297593175256044,1.0995530787754908,0.3738403824621111,-0.2077131110505217,0.46529670156096203,0.1580243337195828,GE
2024-04,2.9437761396533024,1.2503453764494332,1.5867734074801982,-0.02947731543304521,2.134114406475562,0.02051282051282044,GE
2024-05,-0.2121965832444801,2.064330250785252,0.09169860833613136,-0.4102358285092592,-0.2188701986981237,-0.037382032111778374,GE
2024-06,-0.8894334997475948,2.1984563055762623,0.2282670614536734,-0.4311693645801258,0.5395674243212537,0.07251082251082241,GE
2024-07,0.697041428752452,1.582078445989746,0.5513427376589153,-0.4238665903698244,0.4277132778175744,0.025939336380364386,GE
2024-08,0.13226785335189817,2.2542166090454745,-0.31558927643990636,-0.6345642677092791,-0.4052244332519121,0.08157833834760475,GE
2024-09,0.8878727511396868,2.090333825166996,0.6585519305243741,-0.5564400342918462,0.6132899018035723,-0.08911950358403764,GE
2024-10,-1.4893993412048978,2.151897747681675,0.9033478546765905,-0.5702291361180476,-0.2701152968757322,0.06042988019732198,GE
2024-11,-0.09686432818289185,1.4886010974017643,-0.36612155298878934,-0.7995378623879091,-0.5241824044972967,-0.08290413689981724,GE
2024-12,-0.5273011271056955,1.4181522901351435,0.30594623962920764,-0.6047690406952654,0.014451649610316725,0.22053140096618362,GE
2025-01,2.560494056528862,1.1348537206417335,0.09848525079793399,-0.3915418495829121,0.9220996772591364,0.016772214526024065,GE
2025-02,0.20925527983339462,1.8409887738409818,-0.3812103505627073,-0.778686744174776,-0.20582317374659637,-0.03119069631648097,GE
2025-03,0.3204769665401252,1.530243521917479,-0.2613601669826639,-0.7033877099476862,-0.2391530566225922,0.006931190356604722,GE
2025-04,0.4797837150354416,1.4055300074421269,0.33756348032568695,-0.37440758256335854,0.2236843260873122,0.22012170790103758,GE
2025-05,1.6757994679990944,0.49013691772801704,-0.7981476218060684,-0.30421954308592014,-0.2725996622091823,0.04668656228281742,GE
2025-06,-0.19160629617456051,1.1437094928692593,0.10896424756724149,0.009936475754825418,0.06925292966646618,0.05472014998242414,GE
2025-07,0.6476106028013482,1.4845854184864067,-0.11762448830173199,-0.0926234665634401,-0.20196198299016108,0.01521996741223508,GE
2025-08,-0.41992125931431296,1.4374075124469088,-0.1496191089491648,-0.43263109732432514,-0.36519110286325895,0.09443735181470014,GE
2025-09,0.6118884161568424,1.4995413891703426,-0.11650218239336,-0.42877047420148595,-0.23928510911983472,0.027029729369417277,GE
2025-10,0.03967847305807152,1.3707016795244038,-0.45806358182005597,-0.6014855456185735,-0.4583079535475682,-0.03400941100113564,GE
2025-11,-0.5110289365230559,1.641297862765783,-0.5232451501926476,-0.49658623789014805,-0.5719555475302383,0.03329190042664676,GE
2025-12,0.2971867928520312,1.3610819383487893,0.39507189048516905,-0.37906665473804535,0.2509115114858051,-0.003998959620261311,GE
2026-01,-0.3705025239743393,1.6249923608187742,0.6087844760621873,-0.26550601678598595,-0.039654816597064775,0.11558674718459261,GE
2026-02,1.3934333242590753,0.5304458697926097,-0.5824309220839091,-0.4127409606053618,0.3181640792427266,-0.1696804775280899,GE
2026-03,-1.9867044470064403,0.8327211976254539,0.6567366700531729,-0.3235164720165099,0.19715938689558726,0.02170772104168872,GE
2026-04,-0.39230724744623413,0.39202237760776576,0.6357030952105646,-0.10241379679064472,0.21125872224096215,0.10654295864519026,GE
2016-01,0.0,0.0,-0.5267698598468403,-0.8917833478470814,0.20930407066320855,0.04638487208008879,MMM
2016-02,1.1722747742613475,0.0,-1.1009824422868926,-0.8786208754018793,-0.4208677041532461,0.06229403635590525,MMM
2016-03,-0.3326531836755672,0.0,-0.9406761684525232,-0.9093964941371525,-0.9850707648503672,0.004403082157510285,MMM
2016-04,-0.18947550125525403,0.0,-0.6433945067166328,-1.0443192069157352,-0.3983304474616232,0.012354289130218188,MMM
2016-05,-0.26327114922466366,0.0,-1.067288795105984,-1.0961101063952892,-0.6598385413239338,0.040350359216612564,MMM
2016-06,0.7372911087790298,0.0,-0.6492488009418077,-1.093805376976088,-0.5663231222294168,0.018541292214549365,MMM
2016-07,-0.49202222990695305,0.0,-0.857517631706205,-1.0521336152996554,-0.7447377929607123,0.011238042165877093,MMM
2016-08,-0.07255229705906079,0.0,-0.8388531043225756,-1.3881141445626128,-0.4455886752526043,-0.016807494489346042,MMM
2016-09,-0.35830429302627315,0.0,-0.756261624093442,-1.225665175561417,-0.8107877833548195,-0.06202709014479213,MMM
2016-10,-0.9833166975324268,0.0,-0.5236687454746147,-1.148594743322762,-0.6403662330761061,0.04561298675430736,MMM
2016-11,-0.12285474247659436,0.0,-0.7792878610682655,-1.2735362750369814,-0.4710896853674311,0.03971806838746539,MMM
2016-12,0.1301931451335916,0.0,-0.6810137651997489,-1.317638387828113,-0.22247298599028584,-0.02106998900696222,MMM
2017-01,-0.695278175279763,0.0,-1.1673807884100473,-1.3341324869409596,-1.5092388855114276,0.07299270072992692,MMM
2017-02,0.4876404421382585,-0.29668525054138045,-0.6913218739259732,-1.1428817801944686,-0.48831623018103404,0.0267748124890983,MMM
2017-03,0.2724778958475192,-0.29868533346226767,-0.768780714036979,-1.1960382467046546,-0.31854897597630705,0.023528412469209226,MMM
2017-04,0.31345536644818295,-0.28004424329597644,-1.0112346918513706,-1.1382595831034295,-0.5374971727358482,0.05037344398340249,MMM
2017-05,0.4434905859738489,-0.26408491061511297,-0.4876790192221011,-1.0809128662734506,-0.3578406640648248,0.018171762660978308,MMM
2017-06,0.18626512635433012,-0.13298747045865808,-0.9227269880430876,-1.096661325963245,-0.6907549068831615,-0.033754946845658496,MMM
2017-07,-1.02954792596198,-0.24465054037638553,0.04512508604354249,-1.0277475036969541,-0.853367487685106,0.0216029553485384,MMM
2017-08,0.3956515400119592,-0.34845828610711,-0.8777376964253438,-1.1043192501417125,-0.6904648787741647,0.027277729738228285,MMM
2017-09,-0.0809081626309528,-0.28829850793902384,-0.7209540027443893,-1.1301626443371253,-0.32098424493897526,0.09664830119375578,MMM
2017-10,0.8552041227454876,-0.24746596259646528,0.36793756606599454,-0.8277061674659459,1.0656772082980572,0.06161468145977245,MMM
2017-11,0.4250081931445532,0.1973277419504613,-0.7820485478812463,-1.05952639587834,-0.36962442184826005,-0.03194426186407251,MMM
2017-12,-1.2082785735712924,0.4318035593306925,-1.1311886966513114,-0.9490698673202529,-1.1742989627162645,0.06429929386203148,MMM
2018-01,-0.1404397298520106,0.1859776953548249,-0.580140539967415,-0.9021986924837024,-0.40409031580978394,-0.05429027113237639,MMM
2018-02,-0.3257686008198198,0.3127397385750253,-0.2498283793291642,-0.7389419260388462,-0.2807558381566772,-0.06786292498650837,MMM
2018-03,-0.5845150847185722,0.028848348460353702,-0.13059337430797624,-0.7870286896901277,-0.8557314058130684,-0.11456071790418298,MMM
2018-04,-2.247147621422734,-0.13819217991812904,0.188978209709903,-0.5826578272936339,-0.8455730294564017,0.021577441765427086,MMM
2018-05,-0.21594781732094429,-0.6545906947183231,-0.6904567043595293,-0.6319027878250972,-0.5794109634615772,-0.002560204816385303,MMM
2018-06,-0.10837109702153137,-0.8123140179821732,-0.7863232152141114,-0.9619716079092431,-0.8278688151641682,0.07932942969439316,MMM
2018-07,0.7081728986837603,-0.8223065242128446,-0.3168818607168612,-0.8491249295761389,0.26265139912450736,0.0,MMM
2018-08,-0.5104875165669832,-0.5934930444679984,-0.3233457853392259,-1.095061460781122,-0.5624923037372374,-0.000966111771700362,MMM
2018-09,-0.19092136650926786,-0.7253747078235415,-0.3635330588849035,-0.8983574276777013,-0.5656731417454688,-0.09707654541397015,MMM
2018-10,-0.28624622727619387,-0.6859352417570792,-0.456739813634893,-1.0219391305494738,-0.7928534246252932,0.10034602076124566,MMM
2018-11,0.9628966414010304,-1.2344613263966746,-0.44504321468028574,-1.1183445257592233,-0.2443842587319029,-0.08363282419886198,MMM
2018-12,-0.05659578376340552,-0.9330024543422166,-0.6270193303052558,-1.2351389504972086,-0.6347015675117127,0.051229675627093574,MMM
2019-01,-0.3614426115684826,-0.7180184780952825,-0.3698808622876268,-1.122662204343563,-0.2913055648497679,0.042515156225711115,MMM
2019-02,0.13195686240872592,-0.8547536054728863,-0.2105098459268872,-1.2147773464805351,0.12051990806022532,0.0019384179527324186,MMM
2019-03,-0.3012402851410307,-0.7499178964099613,-0.3371072142601127,-1.0705113008815808,0.17355079272968743,-0.08795297269142044,MMM
2019-04,-1.5128217623057525,-0.6017601817159851,1.9186946949554964,-0.8154655708838373,-0.39489720482875124,-0.14979195561719838,MMM
2019-05,-1.008618825121313,-0.6218242647702565,-0.839418168766296,-0.35588672907829877,-0.6258732662030154,0.08511659149793682,MMM
2019-06,0.050976385824916315,-0.8390160397899167,-0.5645184774980212,-1.0058052497019099,-0.3242254801650958,0.007958967102936088,MMM
2019-07,-0.18227966047760205,-0.8635283235430337,0.18236133742219932,-0.8545156839761373,-0.17917908079636785,-0.06588875241270398,MMM
2019-08,-0.5978710762829921,-1.1275388531231647,-0.4329823162006785,-1.0421778837455713,-0.19464487471513645,0.016530478068939702,MMM
2019-09,-0.081661926250113,-1.0638260478065353,-0.518563719612775,-1.1535605541681595,-0.16955802756565436,0.0036034371246420616,MMM
2019-10,-0.40138771723023,-1.2180024572392778,0.4819732082987246,-0.902104070418548,0.1644202256327697,0.03783833548149507,MMM
2019-11,-0.1715550847911351,-1.360969075548594,0.17663814948157514,-1.1166734794146114,0.18154741905232816,0.039208728821076955,MMM
2019-12,0.06576056833162613,-1.810462079763553,1.0692287447190658,-0.9578658473709245,1.4533268002717943,-0.10072556551429801,MMM
2020-01,-1.0587858538325747,-1.546526624086212,0.1895537666343655,-0.8406678544306857,-0.41445640410553547,-0.05078310393925012,MMM
2020-02,0.5276892926649678,-1.6089921727528933,-0.5744755513018945,-0.8464021104726912,0.03410131491973184,-0.08530000000000004,MMM
2020-03,0.44752251125329084,-1.330635856437176,-0.8820203020581203,-0.8750844176678173,-0.3279044214723475,0.11293320214277913,MMM
2020-04,-0.18802825818069008,-0.9803316942132805,-0.9247164017858526,-0.9666939494682135,-1.040746695101416,0.03988212180746564,MMM
2020-05,-0.09841655113538425,-0.5157043923239688,0.1370448372544834,-0.7982640563967703,0.7930169514020946,-0.0029283959947100646,MMM
2020-06,-0.303853771638353,-0.32078681733069897,-0.37120717062363423,-1.124900420088866,-0.5881239297971255,-0.03543344386546654,MMM
2020-07,-0.7741650407038133,-0.34263872137633483,-0.2887929027929692,-0.9898586887146384,-0.7146223939500536,0.09331106963952451,MMM
2020-08,0.06625452090534333,-0.39251502336953853,-0.7077983722004149,-0.973122427376059,-0.4335166244408429,-0.01742880244362588,MMM
2020-09,0.30570831217367855,-0.255435117351959,-0.3145707253734422,-1.0413827489951604,-0.42605194770148114,-0.0013714912681722646,MMM
2020-10,0.3945698825423223,-0.2641841149635879,-0.9829268467760738,-1.2259560451527862,-0.5443938613178229,0.0891778062625892,MMM
2020-11,-0.5978672918223742,-0.23094987382963475,-0.7480171267096161,-1.1654040844202564,-0.8168402293287054,0.011936785474109035,MMM
2020-12,-0.5564147556845008,-0.24835000650678932,-1.1010051590013001,-1.2290217201276485,-0.8809698673649778,0.004901146369828968,MMM
2021-01,0.4050814171438419,-0.287967560525428,0.22353521475879398,-0.9727906451440915,0.7181113754223214,0.004794577167892777,MMM
2021-02,-0.4860851953146684,-0.1424142358215631,-1.1681228471817926,-1.3407387250186638,-1.2069393261872583,0.10069930069930066,MMM
2021-03,0.852599231026912,-0.30863138182231714,-0.9702744971145462,-1.2854515847952552,-0.646543226449546,0.023095896554301554,MMM
2021-04,-0.2848523370206761,-0.34373275727153624,-0.9103191311486999,-1.2065090869346828,-1.0345524332651483,0.037551139684395274,MMM
2021-05,0.34847449620703175,-0.41749978898935175,-0.7385401621775173,-1.4343109340351279,-0.3618219057477868,-0.021757498943810738,MMM
2021-06,-0.6740593381640817,-0.39569468128275437,-0.6336324265603676,-1.2168616204731655,-0.4428556576537286,-0.003454977326711406,MMM
2021-07,-0.3424161594394474,-0.5138299713922951,-0.8065677984582144,-1.2116728432082922,-0.9515134983436325,-0.008667388949079036,MMM
2021-08,-0.6703490869018452,-0.3303602659439795,-0.6919164564879617,-1.2460422603361538,-0.5997530396372875,-0.09923497267759562,MMM
2021-09,-1.1731791625021446,-0.5103779722003784,0.005655612858148307,-0.9603940866123267,-0.8705357340300621,0.018603898730081836,MMM
2021-10,-0.5187634547487731,-0.8136712475818282,-1.1329605939835912,-1.3022036482656865,-0.8625999403689332,-0.04057809894385778,MMM
2021-11,-0.3565965131257835,-0.9204472988467712,-0.7386875152288042,-1.32448986461001,-0.6512059103860522,0.04461181923522606,MMM
2021-12,0.1032323455989312,-0.9817022292092605,-0.8967143765878195,-1.4097839016345088,-0.5244371266990455,-0.06536724506774427,MMM
2022-01,-0.4269575517606974,-0.9233538789419126,-0.6157773004127433,-1.3971259364708901,-1.0030927320593992,-0.09604950830790093,MMM
2022-02,-0.9228169865002039,-1.10718607056664,-0.42252350876473027,-1.110409679894339,0.2927952060270381,0.0015942980399512585,MMM
2022-03,-0.19159192371623807,-1.220471169258448,-0.8999265310586374,-1.2769746760604583,-1.3091200877239373,-0.03127340823970037,MMM
2022-04,0.5641470332756109,-1.20844098663748,-0.9187411750805544,-1.44495070361493,-0.5319105324705241,0.04562149623042733,MMM
2022-05,0.32905471682735077,-0.9308446815316087,-0.9247421667375519,-1.3481336598680966,-0.15746131019515328,-0.13320391939360332,MMM
2022-06,-0.5531398203667693,-0.8566154600871919,-1.0386822593533687,-1.335272024490544,-0.6558466037137196,0.10685720379652341,MMM
2022-07,0.20541247698902507,-0.8943120432434286,-0.8004260826065782,-1.064423038120972,0.07101695344877985,-0.1228442046439927,MMM
2022-08,-1.5522904241769,-0.7964322676328239,0.8917137346110025,0.41604693470281795,-0.15341164321640882,-0.11137961335676627,MMM
2022-09,-0.18541866866640755,-0.8620581596930205,-0.23521375309297676,0.010786718829155951,0.24772305940622263,0.13831891223733006,MMM
2022-10,0.23685841949410233,-0.7470729512213051,-0.31890954141475636,-1.2851764731930526,-0.0840208714486332,0.013139320230209472,MMM
2022-11,-0.822027771912627,-0.5281868088605618,-0.6184818422888179,-1.5389878286502328,-0.5508494068337738,-0.04801714898177922,MMM
2022-12,0.05260413991009774,-0.592127104598519,-0.5088481250663518,-1.411514421660099,-0.3411818165430799,-0.04030623733393379,MMM
2023-01,-1.122375408716565,-0.5807384841702405,0.7741672856129956,-1.222531337989599,-0.5066542451195185,-0.05138432660722658,MMM
2023-02,-0.3989847294864467,-1.0377472966941015,-0.14747956522219263,-1.349352419447404,0.07373318848796523,-0.02436309671036363,MMM
2023-03,-0.48559060201654153,-1.0050082645516665,-0.5595005236324383,-1.3025362917864758,-0.6486949077883432,0.01052097857776646,MMM
2023-04,-0.046405933056926925,-1.2946433248232536,-0.592384804988749,-1.3350179025846962,-0.5234039545754807,-0.10825388861013541,MMM
2023-05,-1.0148123926689383,-1.3798298752910574,-0.12049744594513111,-1.448510118123043,-0.33911894594728725,0.07272471514981005,MMM
2023-06,0.25881127814626037,-1.4797113199104424,1.7282181988265641,-1.095995701491155,3.4878416698670898,0.11395226855494367,MMM
2023-07,1.1497713878510563,-1.1667756105726759,0.6506971420165663,-1.1974824880223123,0.6556068443244718,-0.02907592701589168,MMM
2023-08,-0.203758267985294,-1.1630781699269352,0.36700903561239456,-1.1608449898035718,1.274961691338519,-0.1223326867119302,MMM
2023-09,-1.7962709782676751,-0.8120475885104912,0.3077792728890477,-1.1666832832760652,-0.4532460079121274,-0.028456969194640136,MMM
2023-10,-0.08828595681903893,-0.9404770168335895,0.25117282718565626,-1.2992365834888955,0.786253432267382,0.10635575145741516,MMM
2023-11,0.12546967400183445,-0.8953660770535228,-0.5834667888134203,-1.3959268114142722,-0.5891386483720307,0.10345713918519461,MMM
2023-12,0.7109290126242346,-0.8620847373891561,-0.022548869386714604,-1.3659821430125025,0.04562345807805555,-0.13696715583508046,MMM
2024-01,-1.8786653995472062,-0.7229818077957026,1.6231698247975699,-1.1872703978354329,-0.2194801203399756,-0.0072874493927124195,MMM
2024-02,-0.7229948206576226,-0.8535426874188885,-0.3538684738903938,-1.3512426477048294,-0.5189649793524026,0.15144100054377385,MMM
2024-03,1.5973563303340639,-0.8750483857248482,0.6073572703103234,-0.8348532210225187,0.9033731148103257,0.08819362455726099,MMM
2024-04,1.9163095502814682,-0.6478400099565994,0.3009220130096831,-1.1370208414209455,1.207741216726114,0.04480850602148201,MMM
2024-05,0.14133377137225653,-0.27315689536183496,-0.11804455248685326,-0.954665591435828,0.2195089108587618,0.020560747663551426,MMM
2024-06,-0.03497000682175857,0.1777560443406034,-0.5869441511440122,-1.2977960210713226,-0.20478907516197248,0.248066748066748,MMM
2024-07,3.0960004857454484,0.09164081341114058,3.194840740972044,-0.928902749619171,5.512395172094743,0.06171531061470725,MMM
2024-08,0.6476111878418827,0.7772972915371388,-0.8087547158563421,-1.1018654373255596,-0.588574927014404,0.014973508408200997,MMM
2024-09,-0.18870121505191298,1.0005278210880182,-0.5152679987927278,-1.1792687107153137,-0.6053468870592956,-0.060220910879104306,MMM
2024-10,-0.976256644548912,1.2679316984234574,-0.2564011041358188,-1.1094322371408938,0.2699213899428782,0.04492030268877811,MMM
2024-11,-0.2929451367522312,0.9259176200699553,-0.22876925378424764,-1.4884758138637526,0.28187314994102497,-0.03328197226502316,MMM
2024-12,0.021120982191707074,0.8392427301773939,-0.5711521027912323,-1.4741071112763737,-0.23437603396417467,0.1789926681542875,MMM
2025-01,1.9472161262313685,0.6161355258276422,-0.491946759964531,-1.003892077982455,-0.09277818986700215,0.024266594565364397,MMM
2025-02,0.30114659256828746,1.9972342009199786,-0.5140752818171646,-1.227370198607144,-0.06098064547429455,-0.053256780835478024,MMM
2025-03,-0.02382217557519955,2.858551037925036,-0.18792359677554746,-1.2208962591070391,-0.2526348022186827,-0.05416143872856549,MMM
2025-04,-0.3154783824964733,2.43309069567925,0.14983626288450508,-1.2609737516591248,-0.11468713309197455,0.07318151669246076,MMM
2025-05,0.09298064199195263,1.2682960226493032,0.1972078888760963,-1.27969145585911,0.5024463581817459,0.026232660348853187,MMM
2025-06,-0.4345784112826432,1.1868732837164622,-0.12170572023549694,-1.4940073490451287,-0.3413864253150824,-0.019874197002141325,MMM
2025-07,-0.32580641128584326,1.1155666056082547,-0.15696225582449722,-1.1019326366762903,-0.7177230615720654,0.04717689629275612,MMM
2025-08,0.08835704234246754,0.06734977181671149,0.17012414505634457,-1.2780787474678228,-0.32858510719738665,-0.0022819142000259918,MMM
2025-09,-0.32712171793956046,-0.056986626972813696,-0.20554085084085974,-1.4689609951278035,-0.011940223071227484,0.07299222374697756,MMM
2025-10,0.45305366050006546,-0.14641646476616224,0.22539104407137012,-1.284839973623166,0.8500258856669031,0.037697929354445714,MMM
2025-11,0.5354503449713267,0.23848264186043439,-0.5996023619745331,-1.3063984775663047,-0.5618791131398106,-0.06942895709842123,MMM
2025-12,-1.3731682874781912,0.41708372112623654,-0.6454971524336792,-1.5717413667688653,-0.8487266779667524,-0.0433274470232089,MMM
2026-01,-0.7194602861215328,0.10270895708630276,0.09725862984739646,-1.2999701318660832,-0.47901897483478434,0.08425077460610453,MMM
2026-02,1.0178345987290518,-0.3846945671424671,-0.2815487026715842,-1.3406158520882379,0.5130706053928524,-0.12154192253906493,MMM
2026-03,-1.2264570583496568,-0.27665431596956075,0.07988029958740428,-1.317924752052017,0.16943408196205687,0.008928571428571619,MMM
2026-04,-0.4521432316372536,-0.4806954278622084,-0.8366967786655607,-1.364430455048499,-0.5848398490036106,0.048569664540028645,MMM
2016-01,0.0,0.0,-0.47138940626730846,-1.0595733031410464,0.23897518764336154,-0.012759984688018422,HON
2016-02,-0.07228911125624753,0.0,-1.0473191592387652,-0.3191125181656845,-0.9625895420158299,0.10559648442548797,HON
2016-03,0.4434652826499853,0.0,-0.3688474963988061,-0.717423769244934,0.5696450607626806,0.019873743277998512,HON
2016-04,0.042588127151509766,0.0,-0.47677247342292495,-0.8809667980766525,-0.3163854320759777,0.0009170105456213218,HON
2016-05,-0.42095488776279055,0.0,-0.8961350480860311,-0.9348623882263748,-0.6386345964355948,0.021873568483738115,HON
2016-06,0.4175452230491585,0.0,-0.5864246301311824,-1.1604189957995326,-0.42677869265753704,0.00011206993163725976,HON
2016-07,-0.7791844722053602,0.0,-0.2524582834911801,-0.823549791792148,-0.26940457731756695,0.00806813088301217,HON
2016-08,-0.13207743343051426,0.0,-1.1072987301782098,-1.3560073104027983,-0.7566765696213981,0.005558025789239585,HON
2016-09,0.12109101585347054,0.0,-0.5856735436458718,-0.8720886465558266,-0.243885518291531,-0.053946495688702134,HON
2016-10,-0.8429288894244221,0.0,0.8395314228312816,-0.29053503863680463,-0.45095050830308087,0.044636597335826256,HON
2016-11,-0.13343296732968907,0.0,-0.8149333753107363,-1.0362713528885472,-0.34867937455668946,0.016778523489932917,HON
2016-12,-0.3120747882318899,0.0,-0.45308835045683493,-0.7490181523597178,0.08327932760880623,0.021452145214521323,HON
2017-01,-0.01597157705530467,0.0,-1.160631650543264,-0.9158741804270741,-0.753740387820506,0.05740441572428656,HON
2017-02,0.2362222003224122,-0.3031915128594113,-0.7534165369196527,-0.9930305796507256,-0.4930144716121394,0.0030556121409655024,HON
2017-03,-0.21598104328054307,-0.23540205151879362,-0.5636926387140901,-1.2288626589207097,-0.14663653713044997,0.050162469536961796,HON
2017-04,0.9144411745686043,-0.3234796362392438,-0.16296459638090835,-0.7297012303212541,0.23237973017549243,0.018951846838135777,HON
2017-05,0.009736035217874035,-0.2963642652522379,-0.6732561773003297,-0.9323960286115871,-0.42231588602615244,0.002277472006073422,HON
2017-06,-0.09460814902355985,-0.23601426654250784,-0.9594654224896467,-1.1521619367288904,-0.8048614329638806,0.021208104525658023,HON
2017-07,-0.08202446623235254,-0.3353008081276301,-0.9751249866346324,-1.0698868973517366,-0.7446905408282909,0.02048952345633226,HON
2017-08,0.37019800447531714,-0.20197700778579994,-0.5506621333378476,-0.8651283115695254,-0.5789353090837223,0.02507495230307999,HON
2017-09,-0.11921228789312764,-0.12148998931050059,-0.7925826847694406,-0.8789434722193443,-0.548230152165646,0.01710537977488258,HON
2017-10,-0.22316261013253677,-0.16647078362575699,-1.2169962300065658,-1.0520385313032337,-0.7436020982135171,0.08705123736493547,HON
2017-11,0.8610151722570275,-0.04142268942580758,-0.9616352621107577,-0.9360904536653067,-0.5485879493511094,-0.016673346693386715,HON
2017-12,-0.8251238058331433,0.2460422695056543,-1.0355200800014834,-0.8046837801380611,-0.943464342099708,0.04108584005869398,HON
2018-01,-0.4132182760125739,0.18709547587721836,-0.6426335950817121,-0.8267965651585716,-0.624955529758081,-0.04925221204290964,HON
2018-02,-0.24216904982442983,0.011492956959346337,-1.2772179576404958,-0.9551871004570509,-0.9330133216524837,-0.04365014000988299,HON
2018-03,-0.15479439422012375,-0.13229638142160613,-0.6569963171534016,-1.0409689238309905,-0.6742088809236868,0.0012056493282810443,HON
2018-04,-0.15446310706489033,-0.12055224160370086,-1.0147883306599055,-1.022418789108872,-0.8434923746971418,0.027180457595045615,HON
2018-05,-0.13378310843016655,-0.2960486900062364,-1.056167960705994,-1.0902403767810902,-0.8360192765618727,-0.02612627700552672,HON
2018-06,-0.5108453627474177,-0.3359491817526815,-1.0034843213264928,-1.246921268285951,-0.743221393663143,0.10834049871023232,HON
2018-07,1.1793061495681603,-0.40642822880086577,-0.12953820709969485,-0.8475293628852748,0.4199079604205263,0.0008533747090766486,HON
2018-08,-0.49828541343891375,-0.14512388391167502,-0.5501472316820185,-0.9256696515841969,-0.6909781399987571,0.05929772885822815,HON
2018-09,0.8129649837131538,-0.3467412523721671,-0.7342481511333026,-1.026790701730017,-0.5095342430446175,-0.09095565637348157,HON
2018-10,-0.2261849601744361,-0.13500327286349376,-0.8029946560158439,-0.8735873896829376,-0.8027179679439709,0.01867503823553074,HON
2018-11,-0.007493245883745873,-0.1463065093290821,-1.1892288154759478,-1.0131926061465606,-1.3302285963695561,-0.09972342947451596,HON
2018-12,-0.37129380804555556,-0.3530548356590805,-0.7310940874929698,-1.1376536749245503,-0.8801745620584741,0.08715878170806635,HON
2019-01,0.025929509761413682,-0.2897273227540163,-0.9147752859147622,-1.22474659386507,-0.4924662385392495,0.077991280477959,HON
2019-02,0.9281097086384417,-0.12761197019169987,-0.8408541399329422,-0.9005861242318237,-0.46686009406053486,0.03153085680047907,HON
2019-03,0.27704816921275544,0.13160604008236698,-0.8619365460456571,-0.9841438095256426,-0.6904047774930138,0.09249981848544264,HON
2019-04,0.48456533235608307,0.2053466693672504,-0.3951438042365621,-0.7634023978434358,0.16791457422044107,-0.04937861367714502,HON
2019-05,0.4725498801519908,0.42725389937262326,-0.8020949448889401,-0.768421912889636,-0.7586734762502254,0.06256991051454142,HON
2019-06,-0.3903033531066545,0.5966055592530731,-1.068759413245657,-1.076268355096647,-0.8329230856443307,-0.012171853411408806,HON
2019-07,-0.5711722841455812,0.7345593437660101,-0.18257723155624161,-1.1166939660436852,0.14051728988240206,-0.04096176901558535,HON
2019-08,-0.22127794205049525,0.29271086342975416,-0.29748580215723736,-1.0310753186489454,-0.3757204624192678,0.027849156191402047,HON
2019-09,0.1315075824084812,0.33595591412690073,-0.694697224926219,-0.7550310890452486,-0.42996821656293893,0.02087837837837836,HON
2019-10,-0.15331765702578704,0.21263870578524321,-0.3618366427441914,-0.8349841447097491,-0.3722547563252899,0.03852008736514656,HON
2019-11,-0.1582079322587388,0.3377259671755819,-0.49503977217337747,-0.7547725652799641,-0.38643867049088804,-0.008667388949079036,HON
2019-12,-0.8147434452369687,0.29307807085728443,-0.5532074968515307,-0.9376775358815813,-0.95439369430236,-0.021343619414979198,HON
2020-01,-0.24880810707721038,0.10951186467960618,-0.43214100093393326,-0.9887168516488115,-0.36325053725488154,-0.05905537673257555,HON
2020-02,0.3840699193432666,-0.05788903256746919,-0.4443308543611795,-0.874780709279682,-0.34472318550186304,-0.17495113096900305,HON
2020-03,-0.32418495928933466,-0.13489386087555272,-0.13965495736947542,-0.8856360789675612,0.24051115663082148,0.06058554746996103,HON
2020-04,-0.7652991424132768,-0.3320372985588137,-0.5806051477096763,-1.0426445125060264,-1.050723003261138,0.034944949736716024,HON
2020-05,-0.1852089756348991,-0.5095161575422202,0.6939255650223075,-0.901980759627071,1.0954890341570949,-0.008633980881899483,HON
2020-06,-0.3803517309690646,-0.5155871193949908,0.09648634307430835,-0.8838933088819233,-0.30006047954453247,0.03304821150855375,HON
2020-07,-0.07395222781441191,-0.49029267551861405,-0.30981387300688995,-0.7900994561787379,-0.4616350787089166,0.11426420775310508,HON
2020-08,0.24881338058591457,-0.40366900114437765,-0.38190274518633877,-0.5412531653809891,-0.2994007896772856,-0.005674525434033684,HON
2020-09,0.5074090554497762,-0.2680204306835084,-0.33420045835076184,-0.8647813843712465,-0.5063661641619761,0.002038181941708128,HON
2020-10,0.44685953587814375,-0.2783826280829884,-0.3445409537791608,-0.9580416536261965,-0.43997311965271946,0.24171130246118366,HON
2020-11,0.7539709582930725,-0.26887123602359564,-0.05159981483623807,-0.5491444900415506,-0.03996739696283335,0.04308179534782153,HON
2020-12,-0.06843683142268142,-0.14098690330262773,-0.7830273003634546,-0.7980182656411265,-0.6444245800784391,-0.08145317489399573,HON
2021-01,-1.211416504063765,-0.08918298374657703,-0.9629405344042081,-0.8933979104358688,-0.9848900770154557,0.040063828574685045,HON
2021-02,-0.13467786188913308,-0.1362090708053636,-0.8300780429168728,-1.0726807517237862,-0.3743774447994025,0.07271232876712341,HON
2021-03,0.3834080942046154,-0.20327716642488547,-0.777091715506942,-0.9358405605519324,-0.6096880972802075,0.027532308320988852,HON
2021-04,-0.19760772412621536,-0.06241087809306262,-0.6054123225278112,-0.8254985438078891,0.06535284883057531,0.03942135613442033,HON
2021-05,0.38802534562130536,0.11789271800681124,-0.01895142977080024,-0.875145431808892,0.25159838572445287,-0.05007413075709022,HON
2021-06,-1.1465555617127017,0.251233508257489,-0.6174483662013353,-0.8928101876862412,-0.5573340401889613,0.0658543953277615,HON
2021-07,0.9485315941760056,0.13574572814718136,0.35202488423450873,-0.39137992770580365,0.7831154886464456,-0.004345772319319763,HON
2021-08,-0.5803030419698041,0.45242218202827184,-0.9388690388380287,-0.9920918666175387,-0.7189469163794017,-0.08463801119650827,HON
2021-09,-0.9290180714364068,0.14485547346150773,-0.9252806247808443,-0.9455625978673423,-0.875393937126549,0.029853840572198642,HON
2021-10,-0.3917206950650827,-0.26259280725139494,-0.7225696299672917,-1.165392722100385,-0.967856893766688,-0.07111222949169604,HON
2021-11,-0.6532074106755384,-0.4554824243158146,-0.834980176147848,-1.0255543340408984,-0.7734083609055995,0.030990951942352574,HON
2021-12,-0.08578558392359037,-1.007498123239271,-0.6103198728903027,-0.7837144808489689,-0.6730886826786177,-0.019338903778443273,HON
2022-01,0.022231012325296683,-1.1202007223910393,-0.9519832120888435,-1.0349695595488704,-0.7863105339494337,-0.06719897111623185,HON
2022-02,-0.497941435544231,-0.7913338440027805,0.2717591370891189,-0.8190344760995427,-0.32322918770660924,0.025449531797552716,HON
2022-03,0.134579159890294,-0.9129359392532087,-0.9040604208590208,-0.926862472551963,-0.939307231194792,-0.005490196078431264,HON
2022-04,0.8217456627619697,-0.8191249773319782,-0.774618099687551,-1.0132977574255333,-0.5329344964332544,0.005351509689049072,HON
2022-05,-0.19251080858238256,-0.4739606444898009,-0.8590233577136258,-0.7786574413131859,0.020245848989768823,-0.10231411441698879,HON
2022-06,-0.13617714213054866,-0.5442326617946686,-0.9626964698849745,-0.9796691304963941,-0.6982460665262686,0.10729667311653457,HON
2022-07,0.21055978967245975,-0.37573214813879635,-0.8622732084088954,-1.0517173439590053,-0.4506386570825872,-0.011499436302142008,HON
2022-08,0.3808863630507162,-0.4663127684390491,-0.9141684494315756,-0.9996944620471663,-1.2026135764967305,-0.11821395985401473,HON
2022-09,-0.28755905805362747,-0.28705371919439165,-0.7190226612351557,-0.8568637554471669,-0.6573857073491863,0.22188449848024328,HON
2022-10,0.9401354950712655,-0.18809022028669603,-0.5855898688981765,-0.8419409013662752,-0.3716862626024234,0.08108394199216673,HON
2022-11,0.03408464354600638,0.1843636909276053,-1.1164340644304018,-0.6971937834373358,-0.9706392755701496,-0.023891119161852492,HON
2022-12,0.3905605360150613,0.3989443875171462,-0.736090277516476,-0.8170886060185055,-0.6133125825441548,-0.027134115758852384,HON
2023-01,-0.9999466886642789,0.4915677929205661,-0.253230775234758,-0.8262472009132483,-0.6098159570998104,-0.07697066556684029,HON
2023-02,-0.7968397216927623,0.4110385573081981,-0.5854965138410988,-0.6080431783302275,-0.5890456142876779,-0.0018990169794459444,HON
2023-03,-0.2738500015413025,0.39201121172018316,-0.7069181367823486,-0.8762367511178016,-0.40990003133605685,0.04566312255176297,HON
2023-04,0.567581960969372,0.2691726574189183,-0.41399664914256923,-0.8890534254530814,0.17046433279293766,-0.036497912875950056,HON
2023-05,-0.37105201659436127,-0.08413835833858109,-0.7708387867312055,-1.0468544786781044,-0.4588167209046562,0.08298155965341025,HON
2023-06,0.4353664132626546,-0.19017332618397018,-0.8956315790506892,-1.0295599165755134,-0.4772207793311077,-0.06446815057954658,HON
2023-07,-1.8669218659279505,-0.08027136915987702,-0.0444305570632776,-0.7718403319229549,-0.7284906042598449,-0.02686256235951978,HON
2023-08,-0.15804338457767847,-0.5100750193241327,-1.0635475136151682,-0.8254769014240512,-0.959243932863503,-0.0170694608754437,HON
2023-09,0.5630655313726439,-0.5361994644014868,-0.5114262502165637,-0.7782321378281382,-0.4161457562452927,-0.007966529115084775,HON
2023-10,0.2678897308540093,-0.40251381376224676,-0.8045851900548195,-0.8850949838710339,-0.31540427860966613,0.0749321162401062,HON
2023-11,-0.2951131802954875,-0.5518958160529166,-1.0769733035820255,-0.9352848462205329,-0.814938276210366,0.0704073954638289,HON
2023-12,0.21227001813932833,-0.6667921122903656,-0.8669905075569163,-0.9242371584389989,-0.26461462941410024,-0.035549307089776994,HON
2024-01,-0.6294662315586735,-0.6578565038537817,-0.8168735549978173,-0.9047755196562322,-0.9948937298126904,-0.012338608912952909,HON
2024-02,-0.793811565737894,-0.5719261232272983,-0.5235286718148674,-0.8062615808624858,-0.602098305047753,0.032786885245901676,HON
2024-03,-0.10617765576841007,-0.5628796309777504,-0.6553751243969098,-0.9934369554679358,-0.5314983700337309,-0.060991170315929266,HON
2024-04,-0.27874752723134716,-0.591442835336984,-0.8958831247636564,-0.9884419834320871,-0.5768701320387111,0.054299380367431205,HON
2024-05,0.2794369819999261,-0.7178045364034444,-0.7257813619428726,-1.0238128328170504,-0.6643744612438234,0.05614270247976494,HON
2024-06,0.4897456094341243,-0.6305930367334741,-0.8081065510851868,-0.8689257191277497,-0.3283662610818131,-0.04119886751928159,HON
2024-07,-0.8567932817636856,-0.5742351194250002,-0.43240856769308106,-0.9684578568231836,-0.6982704932210095,0.020669992872416332,HON
2024-08,0.05636437030006952,-0.47368726958385016,-0.9875654516288146,-0.9163636680574722,-0.7868062095363495,-0.005736233040702254,HON
2024-09,-0.5234452345281667,-0.4268087061043644,-0.8157306816423248,-1.27469053743026,-0.8247829991216253,-0.005016806301108678,HON
2024-10,0.003984275099603484,-0.5910675379671708,-0.14134899260291597,-0.5333051459028896,-0.13907690041211068,0.13780063530479492,HON
2024-11,0.8813003067168225,-0.6074800309582288,-0.5886702773543154,-0.4232712048027449,-0.3592143462451581,-0.030222458565984156,HON
2024-12,0.05493460093647979,-0.3716755661371867,-0.24156777461435547,-0.6403678649302754,0.2134812359010847,-0.009641747395357392,HON
2025-01,-0.8377827439805029,-0.3846692177665172,-0.7746185372267185,-0.848103643428604,-1.0252847377232623,-0.04332579707470119,HON
2025-02,-0.5276282448555348,-0.41633765744122664,-0.004073194146003544,-0.6055674459796786,-0.2761309786303992,-0.0053535256101090445,HON
2025-03,0.7236167125713064,-0.39590965154364155,-1.157174225499297,-0.7578515806438261,-0.842634346054668,-0.005867235610725774,HON
2025-04,0.3131825516496472,-0.18318756171318973,-0.2189991980250723,-0.7398956125210537,-0.09692401686918077,0.08199200078041158,HON
2025-05,0.18788592260949233,-0.006657168052900141,-0.6323466054390684,-0.6533176254562667,-0.7216899085997204,0.027408375783257277,HON
2025-06,-0.42061207533438955,-0.024598589866585353,-0.7476951213618007,-1.0075904304160839,-0.50084465018493,-0.04523715501733139,HON
2025-07,-0.6567796801405668,-0.2610397044046895,0.081852864514766,-0.8120404893000518,-0.3032050078657586,-0.00767463235294108,HON
2025-08,-0.7840622670207372,-0.22183453270877396,-0.7986776565972272,-0.9309922688237177,-0.5153492287130466,-0.0409855045616635,HON
2025-09,-0.7028799827919842,-0.44078541026825063,-0.6540550003076054,-0.6805977527262436,-0.4108699567821109,-0.04355804519992279,HON
2025-10,-0.5951703300556254,-0.5495833431395025,0.49856592981089465,-0.7089946327063407,0.6125363643566043,-0.039684943956376895,HON
2025-11,-0.5938562680019075,-0.6909693195301666,-0.7371365866026499,-0.9283104627102583,-0.6132858775825433,0.015036803364879114,HON
2025-12,0.0003386662521971455,-0.903796292104666,-0.8915599100153975,-0.9942662805576103,-0.7561900274404497,0.16626955350668182,HON
2026-01,1.1402730798810725,-0.8752376651523864,-0.2763048608834868,-0.8301340102139706,0.26982235847144115,0.0759459939598508,HON
2026-02,0.9182919718414901,-0.3594087985906848,-1.339791590158481,-1.0380675236078558,-0.9482891607093904,-0.072112606290762,HON
2026-03,-0.445824806105482,-0.11719128153124715,-0.5162924560912722,-0.9170111544569991,-0.9183150770910634,-0.05173717692068147,HON
2026-04,-0.736199281457367,-0.30770491766658753,-0.6391375347617545,-0.918431079103619,-0.4636593415602024,0.09307562394445479,HON
2016-01,0.0,0.0,-0.5115465055137142,-0.5448572321634071,-0.4317178670642398,0.03420295809367291,UNH
2016-02,0.9159351526537038,0.0,-0.5666569273991748,-0.6335600994400129,-0.46503504310146143,0.08670175787069234,UNH
2016-03,0.10481130697211587,0.0,-0.660775568365066,-0.506370530605685,-0.5644632089018091,0.02156826905501741,UNH
2016-04,0.06800642034410126,0.0,-0.31443877198976805,-0.3394192992382053,-0.14907026595243686,0.015029522275898932,UNH
2016-05,-0.22638818263852428,0.0,-0.8359751267245507,-0.6042886742634823,-0.5937554401175625,0.06116693107703175,UNH
2016-06,1.097527542886966,0.0,-0.8801356536635769,-0.36796153509290225,-0.3177977591732712,0.014202657807308894,UNH
2016-07,-0.5596263841013168,0.0,-0.6571518748333697,-0.18394855732171808,-0.7401294740982614,-0.04995495864384569,UNH
2016-08,-1.2216449350350829,0.0,-0.5880316500027046,-0.7079679933014194,-0.8430804122280892,0.033790190500818884,UNH
2016-09,0.7262353252040625,0.0,-0.6189729268103284,-0.49081337319187907,-0.29889663498718916,0.009505544901192264,UNH
2016-10,0.2594519993580764,0.0,0.8016556830198692,-0.12551071640793737,1.4833867049245852,0.12463863880399773,UNH
2016-11,0.7333109437968958,0.0,-0.058665320699125535,-0.04538962476332037,-0.040913586644379794,0.01086956521739113,UNH
2016-12,-0.42599783139657926,0.0,-0.4074363978397367,-0.13107736161081546,-0.4408422494843054,0.012859633827375871,UNH
2017-01,-0.1532400793887949,0.0,-0.9745779976047985,-0.20451778802522683,-1.3180966500919,0.020299835019008672,UNH
2017-02,-0.3622251876269154,0.11021634082655742,0.18356145387903547,-0.10840363234313415,-0.29667494902687636,-0.004640044994375647,UNH
2017-03,-0.3744607755248872,-0.05386295531160521,-0.38501897032941856,-0.09358734736746159,-0.4582827788024526,0.06625229552196643,UNH
2017-04,1.277501036140453,-0.0927352643542246,-0.8875281466078264,-0.20468231261956224,-0.5813821721040929,0.0017223105458399335,UNH
2017-05,-0.22810641880023197,0.05662648130188806,-0.35848357432207184,-0.3773247574952327,-0.30126015164163616,0.06288850681126834,UNH
2017-06,0.9764695253063023,0.09833236313021404,-0.5269419866955926,-0.4147203070909824,-0.08124495138033938,0.034405524793131415,UNH
2017-07,0.14548956363586887,0.052018532022198874,-0.8379130998645239,-0.31746721900010155,-0.6552715127153254,0.03699025622518959,UNH
2017-08,0.7474119057949181,0.2274850979724392,-0.7415945675222393,-0.436028850974692,-0.3503435103204996,-0.011600255205614474,UNH
2017-09,-0.7569579448140745,0.6722193163635496,-0.8292934964279047,-0.3040154224285414,-1.0076488070591894,0.07335250278739514,UNH
2017-10,0.5393820034526496,0.36311482975050735,0.4147040206004907,0.06307601029279944,0.9207156268253919,0.08911486523426837,UNH
2017-11,0.8963877343552444,0.42846811223757497,-0.2505658059717156,-0.4301090513649729,0.08656509436809022,-0.03383364288941326,UNH
2017-12,-1.255684072183645,0.48014261634585725,-0.48568935275713565,-0.2948628294119123,-0.6398327279446998,0.07403751233958533,UNH
2018-01,-0.026007077950846533,0.37360452417043727,0.11584487461141962,-0.017499224622534854,-0.45026979059571676,-0.04484326625387003,UNH
2018-02,-0.1690087550003095,0.36528647662613756,-0.33434194088278035,-0.17012401689674805,-0.7155678081877337,-0.05064573309698661,UNH
2018-03,-0.278949921753963,0.3022569571231567,-0.5599592194468997,-0.21145836281592853,-0.3357301549391962,0.10466791144305154,UNH
2018-04,1.7158026611719495,0.3509107118450646,-0.3214315895685032,-0.16738294745344162,-0.09563551827160989,0.021635195827498066,UNH
2018-05,-0.2151008902656543,0.519670988252987,-0.2782105348342132,-0.3065421798203051,-0.5260554844032052,0.019428031198298168,UNH
2018-06,0.2671560198263458,0.5327385821067924,-0.8857043816166841,-0.4294323430828764,-0.60541240731249,0.03213391449503855,UNH
2018-07,-0.0582716777258922,0.3420322881591424,-0.5982896618437621,-0.4308305370365179,-0.5366715453637091,0.06015544274226148,UNH
2018-08,0.3496538823385029,0.4180465935682665,-0.8664121027289293,-0.3935823137110429,-0.7216296155585744,-0.005636070853462072,UNH
2018-09,-0.2687144200099036,0.30469509170189846,-0.40182755871547593,-0.24838129770911507,-0.8153121758643762,-0.017643298529725238,UNH
2018-10,0.49319307089048037,0.36540734174580314,-0.47590189314439,-0.18058454322802084,0.2010683268676482,0.08003991150058565,UNH
2018-11,0.7216255991377644,0.6746996773199534,-0.3717023050598144,-0.031745928862065426,0.11233713234035893,-0.1145967223650386,UNH
2018-12,-0.6621837905559859,0.6463070700528093,-0.5800957531679172,0.07384164505615894,-0.5399954316217933,0.08460735834505284,UNH
2019-01,-0.0015788362106172538,0.6589451694397985,-0.6284036624878943,0.028394935372762047,-0.4759139667341298,-0.10356366069934753,UNH
2019-02,-3.146334335406824,0.7831030480411765,1.2215374449660525,0.33628493836740014,-0.22357265929551826,0.024729376633072064,UNH
2019-03,0.14413524934277905,0.06729280588236265,0.56422155176205,0.31226787614070867,-0.07977737342262603,-0.05737182405973951,UNH
2019-04,-1.174326628933237,0.15060876206656434,1.0230728171181571,1.011042271892314,-0.03926431641437772,0.03743599652207519,UNH
2019-05,1.753127553429232,-0.6291405189664372,-0.2982261055604831,0.34473378565246776,0.8974855136461776,0.013642501280439534,UNH
2019-06,-1.3479021406764589,-0.12336244077296683,-0.3861123384515295,0.03156537987362687,-0.7939289457608626,0.02048690858980251,UNH
2019-07,0.05973849424762052,-0.45415948879571083,0.50190486759175,0.24461002242823274,1.4858984029017694,-0.06027187612531504,UNH
2019-08,-0.5130121500356829,-0.452503373350905,-0.4344437321282694,-0.02525337165107731,-0.4012807290259778,-0.06691574459931982,UNH
2019-09,-1.6532403467290195,-0.6611814869093603,-0.08391523837135838,0.2580666162208772,-0.5679372023326184,0.16283367556468176,UNH
2019-10,1.8851760548836212,-1.088932378091307,0.6579688668311161,0.45132932477410215,1.8083846856080181,0.1074960268408971,UNH
2019-11,1.1921842079392904,-0.8967487260015968,0.44534865514301175,0.23328149787916053,1.5871082907253173,0.05445051221748298,UNH
2019-12,0.34607676938426113,-0.940958617763583,-0.5419575455672436,-0.01669931774097913,-0.07592768310281661,-0.0732242089744074,UNH
2020-01,-0.7781743559105346,-0.5610112558607611,0.2003897471828228,0.07750647558447693,-0.061869607451638685,-0.06420296948931314,UNH
2020-02,0.29469979527839185,-0.8277918101534653,0.8056852482845761,0.09292149895148356,0.8442546157614972,-0.017653212448783817,UNH
2020-03,1.0298189167446268,-0.14345376378227362,0.27056292584137315,0.13997135066514707,-0.28148049503637307,0.17278253538625377,UNH
2020-04,0.47196840715475447,0.2822806372982781,0.04254985449487083,0.03376089788133825,-0.04099295249521622,0.04233665014566235,UNH
2020-05,-0.05526746448779011,0.6139841573507867,-0.5911683729314958,0.02820924460544348,-0.30624167692557946,-0.028312159709618867,UNH
2020-06,-0.6441880515968138,0.15646741978510811,-0.20347962713790457,-0.1277081743839047,0.14005366131289976,0.026559581621217854,UNH
2020-07,-0.14029732067753412,0.15843451336214182,-0.5643030389489924,-0.2546300408981678,-0.5489082795175803,0.03227684582074897,UNH
2020-08,-0.4655196811948483,0.0647125986254176,-0.5742025395917734,-0.1812928496669683,-0.46546901580005684,0.0015862944162436943,UNH
2020-09,0.6320030870009862,-0.028802914362068176,-0.43745663008635893,-0.3438248136568715,-0.1856590403128128,-0.021257874916411623,UNH
2020-10,0.0895986893920961,0.13325809854079715,-0.4772841137708314,-0.26363292420637174,-0.4487206447951039,0.10223309000683245,UNH
2020-11,-0.48216397175554515,0.056054568502134625,0.17372763641618594,-0.003684791531539159,0.7437210035668761,0.04642437687589718,UNH
2020-12,-0.016065488393409558,-0.08854150479500693,-0.8126187857814631,-0.19940425061969663,-0.7730938237394138,-0.048760717069368575,UNH
2021-01,-0.5994345054881386,-0.10461406459109934,-0.6347486107729404,-0.24113532185684533,-0.034236608503120214,-0.00409688309134415,UNH
2021-02,-0.5746758008798275,-0.006531095376070007,-0.9160741140131696,-0.09565378283556981,-1.1522420584720507,0.12393865595998155,UNH
2021-03,1.2421983466511306,-0.11266990706450324,-0.8914237544908283,-0.2528836932046606,-0.03824594753768082,0.07182595455610219,UNH
2021-04,0.673452543201543,-0.26724915971720575,-0.19101853829468565,-0.23659895288794253,0.45920906717695814,0.032891681464280786,UNH
2021-05,0.24993748974803126,-0.334554371207516,-1.1096705969309844,-0.2789760519918411,-0.7287125511236613,-0.024306382078341127,UNH
2021-06,-0.7165904436738686,-0.32198522176873784,-0.6876473217298541,0.13803598352231367,-0.27722591281063885,0.02941176470588247,UNH
2021-07,0.2697556893400476,-0.33797611711479436,-0.8791391155749759,-0.25783982463615934,-1.2218647860018887,0.00982225148123761,UNH
2021-08,-0.2850953414629958,-0.2567265619091107,-0.15336619149659192,-0.22710369949866382,-0.09803913610601742,-0.05802127881506203,UNH
2021-09,-0.4838041529590003,-0.10265625257177839,-0.31174291357692024,-0.1445982486369155,0.15275125073175105,0.17844586551504582,UNH
2021-10,1.2862916165234564,-0.3831317869797383,-0.2011942301563372,-0.10195442842252134,0.44723815663651323,-0.03528389203410931,UNH
2021-11,-0.3051681791552332,-0.01604441332320475,-0.4945268180327732,-0.12879838611109365,-0.32279099524705784,0.13404923661333923,UNH
2021-12,1.3443629646085942,0.08656889481390034,-0.9809588845466559,-0.0919766797984105,-0.34523168966073015,-0.0588765782014945,UNH
2022-01,-0.3636154184588186,0.5953904801387859,-0.6791294266673428,-0.04310222454940954,-1.1615803570189391,0.006981519507186951,UNH
2022-02,0.5944984249139122,0.5420198933780748,-0.433001524857128,-0.1889187559667152,0.11333480675777606,0.07481421062171467,UNH
2022-03,0.8095392524039401,1.0904153681545488,-0.7871606778242475,-0.07754665936358965,-0.9110674761241061,-0.0027825793667524135,UNH
2022-04,0.8487973097693418,0.8175951033487763,-0.608298447224713,0.04195639814479245,-0.5193482799202216,-0.023147169492241937,UNH
2022-05,-0.5616176759363231,1.0047251471943959,-1.0082107279236336,-0.009589116920440347,-1.5545452323362707,0.037610092835039355,UNH
2022-06,1.7525745754686726,0.7098486075366796,-0.5177756042816152,0.34450493634827123,0.8275278736108456,0.0559135748399342,UNH
2022-07,-0.3912680545706903,1.5665779108088798,-0.23285682691085938,0.24163650007231158,0.27303579557757957,-0.04242543946276911,UNH
2022-08,-0.1560533811526125,1.3848520785453642,-1.330482057019374,-0.0311813771761246,-0.9289298154401913,-0.02448331339466192,UNH
2022-09,1.1132602786201216,1.1869425246587213,-1.0498272397706279,0.05527038007793421,-0.37331414361495346,0.09922824822919973,UNH
2022-10,-0.09212351077194408,1.742102631598276,-1.292430634347253,0.15099846866337058,-1.2803476967854492,-0.01331076402246667,UNH
2022-11,-1.1553027969466412,1.0616892206467188,-0.3796344782840505,0.4409140057796188,-0.7258606006150561,-0.029105583281347602,UNH
2022-12,0.31751654516383215,0.8209084953886312,-0.8912511627399423,0.12181635011975692,-0.7764538444824852,-0.05845029415898628,UNH
2023-01,-1.2910159455492498,0.5589170632717898,-0.48852025183001063,0.4447176944169421,-0.6463733125162399,-0.04657510876055626,UNH
2023-02,-0.3242037562520335,0.550146242351616,-0.08876774928171413,0.33463822283706274,-0.31987820866799643,-0.00351167576272704,UNH
2023-03,-0.28905050577845776,0.31140524426398,-0.9442179593669711,0.03921601075630746,-0.9523119602116412,0.04125608852775464,UNH
2023-04,0.49058422453913797,-0.10012996894945309,0.44555443581434945,0.4047608153898078,0.3859698349436931,-0.00985147340964454,UNH
2023-05,-0.13199287599507917,-0.4148577366542894,-0.9755716352171937,-0.07184982776874882,-0.676196637792082,-0.00951406426891932,UNH
2023-06,-1.1567974704298363,-0.24457285963209718,0.6867643768457357,0.3752589222877694,-0.6037048134557923,0.05354434553247622,UNH
2023-07,0.12840749496996395,-0.8020051870539372,0.7288553774399684,0.44108417687591683,1.5061621373210643,-0.05883457470113285,UNH
2023-08,-0.8183940467679328,-0.7639447507620143,-0.6182653793804859,-0.02246019479958782,-0.6534036874956868,0.06206911839684337,UNH
2023-09,2.3368525107704596,-0.7484777551464604,-0.5261804391379871,0.1779684145841329,0.0886961517047552,0.06221953204900754,UNH
2023-10,1.4879010387187872,-0.6681902923121585,-1.1980716780381988,0.1558934065578776,-0.29054138080628095,0.0325001964945375,UNH
2023-11,-0.8630340397534049,-0.41034583743694425,-0.762199045156277,0.11648371124566262,-0.14013394883477087,-0.04468465725269288,UNH
2023-12,-1.5242544089388306,-0.3787066735673959,-0.9849223424562582,0.08838560244380629,-1.3576963345619721,-0.027969241802462297,UNH
2024-01,-0.536099912243497,-0.6395963653892381,0.16163355376692803,0.4067397687065699,-0.4674031391363318,-0.03545517891544048,UNH
2024-02,-1.1179035367866466,-0.45479339863156126,-0.40389961946037806,0.18068031020844616,-0.5646402709041447,0.006183069862315094,UNH
2024-03,-0.488132411843763,-0.577247437548408,-0.5902304846089655,0.19060406469357266,-0.28345024004529124,-0.022236300285080834,UNH
2024-04,0.2914791625704751,-0.6743591496690529,0.7534139975875608,0.5117400715277287,0.8786512692963773,0.02412422789512325,UNH
2024-05,-0.15964642440760157,-0.682723989257384,-0.16658642981811228,0.13427876347452597,-0.17621977418333873,0.032413167717581626,UNH
2024-06,0.13981381056255726,-0.7617886892560887,0.009252565045452122,0.36474942304688024,0.5316533103573128,0.13136285644251977,UNH
2024-07,1.501250226466481,-0.5031872820213263,0.1227000189513652,0.41408566091305393,0.6684374394135497,0.02437395056601721,UNH
2024-08,0.10971888962431932,-0.20532274851246593,-0.6467528139684008,0.10124476635841267,-0.24901054483400706,-0.005851560709942416,UNH
2024-09,-0.525309345079886,-0.019371730115812735,-0.9013134515317646,0.11976771582232808,-0.8662715525582398,-0.03451821647017095,UNH
2024-10,-0.5198624507211534,-0.4962467388644549,0.5423028680945908,0.25727043261488214,-0.31884393927158994,0.08096147489808647,UNH
2024-11,0.1627076484184124,-0.7946986883364364,0.12831986129786796,0.199245814441752,0.08257148626871427,-0.16780199432619292,UNH
2024-12,-1.46558873280108,-0.6177783490447797,0.9522907454870179,0.7415718911515653,-0.016808288023835116,0.07240400906325917,UNH
2025-01,0.37354096053612834,-0.7238503274484384,0.14922674736296984,0.29239727020178247,-0.18460537304314398,-0.12446703213034871,UNH
2025-02,-1.5225303671197083,-0.559908237519632,0.6464705695629671,0.3556602137559601,-0.5351629712575574,0.107420049133639,UNH
2025-03,2.4832331503731004,-0.7849648178900834,-0.9782560527326261,0.08515849335254357,-0.45690830685502165,-0.2144371588990538,UNH
2025-04,-2.4018381826046835,-0.08895856999540598,1.3204919735010954,0.7046458055507597,-0.7557140537606185,-0.2662001749343996,UNH
2025-05,-3.5627906367226356,-0.8979671288900978,4.904250735997395,1.6036807703034166,1.897012295877918,0.04066341995027756,UNH
2025-06,-0.2631552669704034,-1.7485344203988717,-0.0874075740599157,0.6679450803535226,-0.3099002563858333,-0.2000523611611087,UNH
2025-07,-2.6770367343507266,-1.9085745218069887,2.2403941126421563,0.8771990089338633,0.8023750956205378,0.24165439371624942,UNH
2025-08,3.181542012351463,-2.4556423864269163,2.9416755743183045,1.094702898363107,5.036426833305277,0.121412803532009,UNH
2025-09,0.8737826961498745,-2.5070377872239793,0.51533532071142,0.709163644610015,0.8869460908551544,-0.010841461981431433,UNH
2025-10,-0.30092555714773395,-2.0266459073783114,-0.3135629075948943,0.3730434849668099,-0.6644466426050475,-0.03451450975732917,UNH
2025-11,-0.5184002234909455,-1.7849379277565747,0.05801820994454846,0.1795207909207993,0.009345649586710891,0.007721888940163124,UNH
2025-12,-0.1186099559253716,-1.7209888670931635,0.11735752857495495,-0.0028308236881411167,0.6187345984593939,-0.13078519965807778,UNH
2026-01,-1.495464237893126,-1.4227749288671112,2.8209371156986682,0.35848518553668385,-0.09058751454695864,0.022091879741500398,UNH
2026-02,0.27278666274995783,-1.2868830421758748,-0.07247139073571707,-0.00959247974090982,-0.14294293092070665,-0.07016940998591115,UNH
2026-03,-0.41513610103846915,-1.1462012219247384,-0.28765234767702136,0.019370168955666362,-0.08248278769576016,0.36915628811116474,UNH
2026-04,1.2345558534460048,-1.4739248405973615,0.1867051470345554,0.28862178764867275,0.8255822022378152,0.032525372489742965,UNH
2016-01,0.0,0.0,-1.3090939621889985,0.07364547154262056,-0.7788863186880814,-0.01720310765815758,PFE
2016-02,-0.16578414513940817,0.0,-0.9348529505590367,0.3646618950111834,-0.9493762515233036,-0.0011293054771315258,PFE
2016-03,-1.4694024666167913,0.0,-0.14496932093208162,0.8452479776273392,-0.22947660841241607,0.10344827586206895,PFE
2016-04,1.2962261664576564,0.0,-0.06168288672247494,1.1673102954417494,0.19633856600543886,0.07018442622950816,PFE
2016-05,0.5340227306559311,0.0,-0.8440882245132718,0.4629065267778836,-0.09790798165543285,0.014839636189564409,PFE
2016-06,0.29582111283542395,0.0,-0.8300602604118997,0.18781931349620398,-0.669156264540497,0.04764150943396239,PFE
2016-07,-0.03858564425973114,0.0,-0.8683255569218169,-0.276099226916361,-0.5676973770479933,-0.049076992345790216,PFE
2016-08,-1.2051583336895526,0.0,0.10528050408805628,0.24508325418646762,-0.4932714492874495,-0.026515151515151603,PFE
2016-09,-0.5663837465966227,0.0,-0.5155113869030606,-0.3515165196059172,-0.6421681097832384,-0.06371595330739299,PFE
2016-10,-1.0126580781548882,0.0,-0.7992380279468367,-0.39159769414631845,-0.8041311168435205,0.023376623376623273,PFE
2016-11,-0.3637640019093508,0.0,0.5908760028634664,0.2753820238463252,0.7251989047714184,0.010659898477157315,PFE
2016-12,-0.43004014680923863,0.0,-0.2340134799282954,-0.13914345772727565,-0.2207577086982557,-0.0125565042692114,PFE
2017-01,-0.5592721524843346,0.0,-0.2040829322165509,-0.07313824831355409,0.15371076770667577,0.07527975584944047,PFE
2017-02,0.524527590203358,-0.4600226759481191,-0.4953540129946556,0.052993083991398814,-0.09528868910164794,0.002838221381267658,PFE
2017-03,-0.2204578577725886,-0.33052887014417803,-0.7873941776523,-0.18805999641739699,-0.6787075231671239,-0.008490566037735792,PFE
2017-04,-0.4090388305206047,-0.24721748342428543,-1.366846809980417,-0.4235413172910515,-1.1855204180898895,-0.027592768791626976,PFE
2017-05,-0.6327818721074858,-0.5286788194032824,-0.4925833903494619,-0.09643734453771177,-0.2773745625538688,0.02886497064579263,PFE
2017-06,0.37522834693473156,-0.8420967844368922,-0.5128305049934033,-0.4384596507521791,0.2356647237070107,-0.012838801711840153,PFE
2017-07,-0.6689686330200085,-0.8260970242253793,-1.0732225768454542,-0.735847703953319,-0.8609846051127407,0.033718689788053924,PFE
2017-08,0.6726224793818467,-0.9713620240205129,-0.6501494996011586,-0.42474806933257014,-0.35555915758541967,0.052656104380242263,PFE
2017-09,0.3603967217059715,-0.7484434951770957,-0.2149429462524865,-0.42015242554443366,0.5480201803317597,-0.01770694997786626,PFE
2017-10,-0.6951148295092437,-0.6196038943612422,-0.8634355858685864,-0.7246230153159982,-0.7667864609159378,0.0437133844073907,PFE
2017-11,0.1181627821893792,-0.5623086431953903,-1.3732364129154293,-0.8945667300602413,-0.9114639717917423,-0.0012953367875647714,PFE
2017-12,-0.43928197855020423,-0.514560253062228,-0.6469377816343865,-0.7878729120292676,-0.3884737775382519,0.022913964548205934,PFE
2018-01,-0.6267538327959853,-0.5297915400391681,0.10677709560174213,-0.4985266833711775,0.5488798348760043,-0.010143702451394732,PFE
2018-02,0.40678202119121404,-0.5551814760608741,-0.6585646011894111,-0.38467333492923655,-0.7415751333195804,-0.022630230572160626,PFE
2018-03,0.21826017205603626,-0.5020477135170531,-1.0344899213605412,-0.539876046121553,-1.2749127874344204,0.03189165574486674,PFE
2018-04,0.4002414411613269,-0.4440706457674774,-1.4076786688078293,-0.5973989803702363,-0.9325308024016433,-0.008890770533446224,PFE
2018-05,-0.6627450190575275,-0.2975718607358808,-0.7611194922733723,-0.3775856842973901,-0.9947006816000182,0.009824861170439902,PFE
2018-06,0.10314783150449255,-0.2964866052057586,-1.4270265872951797,-0.5805288272814308,-1.055672626486702,0.10067681895093061,PFE
2018-07,1.054849709966934,-0.3349177082311087,-0.7386961109967201,-0.4944576599671875,0.23608684729610843,0.04957724827056098,PFE
2018-08,0.19840002107499777,0.08331235076756395,-0.37789488893324397,-0.13815180165227012,-0.2551960493664295,0.06114976199194433,PFE
2018-09,0.8438164987122492,-0.013711808578759132,-0.8855760101723752,-0.45804815852283487,-0.7550947168330181,-0.022774327122153215,PFE
2018-10,0.4428448164525966,0.08133404542248815,-0.5936854057568942,-0.335072224481966,-0.7520845813437972,0.0822740112994349,PFE
2018-11,0.7481704965412659,0.7486767947685845,-0.6630906799590413,-0.2797214482649346,-0.3420875231597978,-0.05579119086460027,PFE
2018-12,0.4879273620710884,0.959169692064489,-0.968775806959401,-0.2164379261686469,-0.7472978700793456,-0.018659295093296557,PFE
2019-01,-1.1149553425700978,1.12303224631608,-0.19962255018224664,-0.04909652509218114,-0.617297862491206,0.021126760563380254,PFE
2019-02,-0.3480401057429752,0.9967625585054579,-0.5294974047577373,-0.12429881974709485,-0.7810341421648702,-0.019999999999999907,PFE
2019-03,-0.7299556699772141,0.758705663329139,-0.4121157949628442,-0.13598593409023482,-0.6309275684871021,-0.04398311048557357,PFE
2019-04,-1.0261302860961108,0.41508936377815453,-0.17580225293811075,-0.25271626699607874,-0.21623911429495896,0.03202061096797926,PFE
2019-05,1.6732467382432918,-0.08914178760513898,-1.2843878056978097,-0.10003007525176236,-0.8024670910305166,0.04350927246790315,PFE
2019-06,-0.7633548628736162,0.5965638049741012,-1.0163869605823943,-0.20177747054229345,-1.2737149141948367,-0.10355434039644573,PFE
2019-07,-2.3365238303278235,0.4581978490981864,0.8357119789318566,0.08343415585033603,-0.7069614319611499,-0.07548608463591311,PFE
2019-08,-0.7428661350363368,-0.4077910751053697,-0.712286402451643,-0.08481660181483289,-0.5422020555745847,0.010721649484536133,PFE
2019-09,-0.1910620807400549,-0.6471370563778627,-0.8911261265433368,-0.43754859428591536,-0.8302503678878969,0.06772745818033465,PFE
2019-10,0.5194402919762349,-1.0087031816783172,-0.7738926207750664,-0.6674169385851438,-0.3338485149683033,0.014138326327856277,PFE
2019-11,-0.6355474033726998,-1.2065743118728443,-0.2636924866486476,-0.32930345177986525,-0.5236492528625866,0.016955538809344306,PFE
2019-12,-0.3435045106395279,-1.6942749212772552,-0.7996828691236674,-0.5597499042098517,-0.20629335227936763,-0.03927380511300482,PFE
2020-01,-0.4317596738279363,-1.646210597096531,-0.015070495022657449,-0.40465026710903623,-0.5574305416319008,-0.10258387967605087,PFE
2020-02,-0.37165181162018396,-1.2527987635479705,-0.8721861765586303,-0.4019118702226967,-0.3057499567391144,-0.023205844434894707,PFE
2020-03,0.982022446822376,-1.1228454772836869,-1.2053448506223399,-0.5324359294762943,-1.1703306291479811,0.17509898812142555,PFE
2020-04,0.49751340486426926,-0.5449389716397374,-1.3356907935211182,-0.6421225139143932,-1.5285565892111461,0.005990265818045737,PFE
2020-05,-0.6942143702021879,-0.12953694995073664,-0.9076257688290775,-0.5861093113443461,-1.0715264803524462,-0.14365463342017115,PFE
2020-06,-2.1906489381615835,-0.4236980381925365,-0.21279796173017518,-0.2908018671952597,-1.0289815354603717,0.1890482398956974,PFE
2020-07,1.5211204685332276,-0.591281444425028,-0.11446900215090622,-0.04355603730612278,0.13611007594394692,-0.018274853801169555,PFE
2020-08,-0.905962567977079,-0.193200690774206,-0.990433215182462,-0.38852234823976356,-0.784135565079976,-0.02866716306775874,PFE
2020-09,0.1128605777496392,-0.21047128738660145,-0.8545541266754281,-0.542713640193116,-0.5396500039827714,-0.033346109620544295,PFE
2020-10,-0.09578259591392796,-0.21634416150929672,-0.46200674260834024,-0.4062084660227597,0.199276607917775,0.15146708961141964,PFE
2020-11,-0.04582437730348388,-0.2849880750401474,-0.06323167792581222,0.26014631166937474,0.138638590750688,-0.039256198347107474,PFE
2020-12,-1.358502990144527,-0.21099622088146777,0.8397539959114027,0.3416716168057034,0.02643145116774353,-0.013978494623655857,PFE
2021-01,0.05166655645754719,-0.28187611093372417,-1.2812584328078247,-0.2931758054632792,-0.9046809725675725,-0.0672482733551436,PFE
2021-02,-1.203888522146809,-0.26568943381566607,-1.5822266164388379,-0.2695002633312824,-1.6103331958511822,0.08183943881527678,PFE
2021-03,0.5364206869843208,-0.511466404826591,-1.0540170990429785,-0.6292831428087864,-0.5871914781992801,0.06700288184438041,PFE
2021-04,0.5786040183518742,-0.6939739894377279,-0.8192784741940127,-0.44418270531161635,-0.357549178099117,0.011816340310600859,PFE
2021-05,-0.19575832493292342,-0.9021576432210918,-0.8717015375026793,-0.2940439255742759,0.1939821869136421,0.011011011011011096,PFE
2021-06,-0.12727830477480304,-0.9371600553844218,-0.43364819796352055,-0.6282626968078466,-0.1696926695140613,0.10297029702970306,PFE
2021-07,1.6398477624004952,-0.5122061064204917,-0.8806004144060251,-0.4236544961937135,0.1479397464372337,0.0763016157989227,PFE
2021-08,1.100081628003001,-0.7940344164424014,1.9284666020888024,0.4898638217324265,1.4062774105763785,-0.06644425910480956,PFE
2021-09,-0.6246940265285484,-0.14604652194761505,-0.9629161889269177,-0.32736902818666447,-0.49149303047669285,0.01697438951757002,PFE
2021-10,-0.5371650918587961,-0.33509553651738266,-0.8774700200496711,-0.5196320496843624,-0.817592871826596,0.2392386530014643,PFE
2021-11,2.361564982055061,-0.43902546231731276,1.7918686694994626,0.2838144174244946,2.8514949714634312,0.099007561436673,PFE
2021-12,0.8580866690925483,0.4738668659649077,1.149365591581596,0.39075987413592794,0.7657891840279571,-0.10105353687379048,PFE
2022-01,-0.7752185084864553,1.404750551184882,-0.12288645710224055,-0.09372607610939188,-0.9204446723519474,-0.10906481702941884,PFE
2022-02,-1.114490591299279,0.8396829550031206,-0.5880196999926717,-0.21540461353914164,-0.12635590643287875,0.10281879194630861,PFE
2022-03,1.1924440995920091,1.0870600050740067,-0.44853976803539053,-0.23730855085820132,-0.026590931058029153,-0.052093476144109085,PFE
2022-04,0.3561349002472404,1.1290030471049668,-0.2765787332914286,-0.3870578681197255,0.13836579404112315,0.08962506420133542,PFE
2022-05,0.8989765375130175,1.0852342391670013,-1.1444459752066503,-0.2758335939299615,-0.4577488464938674,-0.011548432712703338,PFE
2022-06,1.0890135563541732,1.3681631483399006,-0.22586584714598618,-0.43422545097591053,-0.5585190970359657,-0.029089175011921764,PFE
2022-07,-1.3868682307745237,1.898884787835099,-1.2631294615994606,-0.46687610845278354,-1.0883309142097877,-0.10437131630648333,PFE
2022-08,-1.231562657089722,0.9557127351476712,-0.5450138953319449,-0.40077120155133245,0.2085723949650526,-0.0326295585412667,PFE
2022-09,0.9915133564157886,0.3333005871724767,-0.7990142387642808,-0.6369481080829854,0.026687015522803337,0.06377551020408156,PFE
2022-10,-0.3904891304066995,0.7590154832201863,-0.6585447283365533,-0.43785791089641196,-0.15212483620886152,0.0860644817479348,PFE
2022-11,0.09684019078470987,0.6648920831062217,-0.9012626303926495,-0.4569433731745276,-0.8212452238523814,0.02232580961727182,PFE
2022-12,1.0379653019799926,-0.026403774196248977,-0.026998895472261978,-0.3176292053374304,0.15742795344870933,-0.13030957523398123,PFE
2023-01,-1.958914412454701,0.01830865980666681,-0.18158030956537968,-0.2526601949878561,-0.741871391845548,-0.08140176600441507,PFE
2023-02,-0.8657411551037473,-0.37852177438358636,-0.8368316759681197,-0.44246980953749665,-0.6481366113907423,0.0057074196455391135,PFE
2023-03,-0.20215369892203686,-0.30518632330708734,-0.9649861254797281,-0.6280863321149788,-0.8767766978843408,-0.046893667861409694,PFE
2023-04,-1.0495290743069032,-0.8398603197546654,-0.8941096057371921,-0.512086884130876,-0.816131374121527,-0.01159511125039181,PFE
2023-05,-0.1476359627291442,-1.155089000867782,0.06572011452063378,-0.21191695913878858,0.42269634885901197,-0.03519340519974634,PFE
2023-06,-1.5988261573374638,-1.1636210082944207,-0.13881519889133215,-0.42093185643399916,-0.6012912718673395,-0.006243838317449901,PFE
2023-07,-0.8824779841175886,-1.4027892433882936,-0.9896154919395366,-0.6430184828925543,-0.950290810856,-0.018849206349206282,PFE
2023-08,0.007464650738868598,-1.399195393174871,-0.42205392514479634,-0.40523326673716015,0.036451801528644634,-0.06235254465790363,PFE
2023-09,-0.4518951254764909,-1.0519367835886455,0.08388152643927284,-0.3861354742188905,0.7147220263315079,-0.07872034507548531,PFE
2023-10,-0.9619905917424982,-1.1852242350885813,0.1278808531045737,-0.35576408926509034,0.10137074324423435,0.01053452984783454,PFE
2023-11,-1.1570287577714233,-1.0774420030248242,0.02698799295051137,-0.47341994040809005,-0.23268304262752748,-0.055212355212355235,PFE
2023-12,-1.68309773683466,-1.3661737340886444,1.6951709908450516,-0.032594349532218334,0.289094699848402,-0.045361667347772805,PFE
2024-01,-0.750328509963684,-1.4898773523232216,-0.438131238170205,-0.28483642849825674,-0.05034992456799596,-0.019263698630136994,PFE
2024-02,-0.8909006224573865,-1.3767881850503068,-0.11947135539070321,-0.435158503065193,-0.03345997216897352,0.04495853339153211,PFE
2024-03,0.06857242543112867,-1.3364555280422934,0.22354397765651593,-0.3356992024693098,0.4119611541433694,-0.07685881370091896,PFE
2024-04,-0.5122189272173677,-1.5359428543402311,-0.40245138482392595,-0.546347580081645,-0.28725651124247603,0.1357466063348416,PFE
2024-05,1.4645884225115677,-1.4745383459769483,0.6379304727303295,-0.26203212669966097,1.5898477549874142,-0.02390438247011961,PFE
2024-06,-0.6906829455992485,-1.4515015192143832,-0.017398884030338686,-0.599171107145959,-0.35850392082455856,0.10734693877551016,PFE
2024-07,1.173074444208893,-1.2609987716262978,-0.4661256493369146,-0.4559050519691844,-0.24034628602466407,-0.050129008477699966,PFE
2024-08,-0.9634762969403937,-1.085880327190021,-0.8292371382705281,-0.6263839343365172,-0.6255532923756544,-0.002716336825766441,PFE
2024-09,-0.4746328338575503,-1.2550492591479854,-0.4262868257485704,-0.6877820925610548,-0.24476329747244485,-0.021789883268482413,PFE
2024-10,-0.2938496725302148,-1.1856782972496416,-0.3888457357023183,-0.48210099726902134,-0.0722321670205655,-0.059665871121718395,PFE
2024-11,-1.615182413340752,-1.0151298273891425,-0.16991195416874877,-0.2979970869063893,-0.9273852581484118,0.012267343485617532,PFE
2024-12,0.5245301342282572,-1.1697500115786248,-0.008734020640016786,-0.4800360592032371,0.5084227178064138,0.01587964897618055,PFE
2025-01,-0.4609847993750212,-0.7182843557988464,-0.6633816692018208,-0.7087703212682636,-0.5819402030536779,-0.0032908268202385127,PFE
2025-02,-0.036744949282925765,-0.6600529499096099,-0.6202162596522106,-0.6049076970181018,-0.4725483161471859,-0.04127115146512583,PFE
2025-03,0.16319069960760896,-0.514759170019932,-1.040921112038694,-0.37766168390283555,-0.7053021511775528,-0.03659061558329757,PFE
2025-04,-0.08675341388548863,-0.5187124252543617,-0.9401981305847287,-0.5725575718167133,-1.1717227732694644,-0.01921358355674707,PFE
2025-05,-0.9022862274901601,-0.36900158465376537,0.3233765252007739,-0.5286024503561868,-0.3796462187858204,0.03189066059225509,PFE
2025-06,-0.36736696718460427,-0.9093331665624582,-0.5946076022882472,-0.7795903942139517,-0.2698705428888563,-0.0225165562913906,PFE
2025-07,-0.36028781092888573,-0.8953877078350927,0.07891173743477597,-0.6867626554553791,0.2947367999899285,0.06278229448961148,PFE
2025-08,0.3365625354870297,-1.1996818477398015,0.40131192663725523,-0.5121358542888977,1.0349901823975085,0.029324266893327566,PFE
2025-09,-0.020269468438138812,-1.0658099035304247,0.29776726239254825,-0.4778920153723751,0.5496812848253312,-0.032617671345995025,PFE
2025-10,-0.49677534184191263,-0.876799255991025,0.0008710292596849594,-0.30572257739505226,0.6018489490721936,0.06274007682458382,PFE
2025-11,0.9009092835078297,-0.882656492476517,-0.0627751294415746,0.032364339387032495,0.49217203846238194,-0.032530120481927716,PFE
2025-12,-0.7731522762645624,-0.31219571729047574,-0.25014613301921523,-0.5294141739907864,-0.6134297710237999,0.0797011207970113,PFE
2026-01,0.3721599754677958,-0.5560610877317088,-0.9349808322179635,-0.7095047683040353,-0.7417372796046608,0.04575163398692794,PFE
2026-02,0.5563768247810772,-0.3014888048744292,-0.5425117377487728,-0.7298348964336454,-0.051897839420606336,0.015441176470588402,PFE
2026-03,0.9369033361604298,-0.20524328445640216,-0.5004232669186375,-0.7555081235430181,-0.21375704305735602,-0.048877624909485884,PFE
2026-04,-0.7228099625969266,-0.10111970830430711,-0.9811568706691268,-0.8452959397887958,-0.9661235137624392,-0.004567948229920127,PFE
2016-01,0.0,0.0,-0.7799436844497095,-0.38577649089120253,-0.5649919079578548,-0.009088327179778477,MRK
2016-02,0.004972253204593274,0.0,-1.0726125970905727,-0.3945422949898468,-1.0754916247285247,0.06305531670965903,MRK
2016-03,-0.31900860312784085,0.0,-0.5231469912419797,-0.42293770420068494,-0.24067523158951046,0.03639795093016973,MRK
2016-04,0.29045520629212307,0.0,-0.365761043451483,-0.4097740972047369,-0.16163195714307188,0.026014568158168494,MRK
2016-05,-0.07493929644439866,0.0,-0.791387375101508,-0.4551093255621417,-0.5562809589455564,0.032200811359026416,MRK
2016-06,0.5962609680097473,0.0,-0.35049270330348037,-0.34647395542053744,-0.26450250024851785,0.01817735200196524,MRK
2016-07,-0.4976931087917945,0.0,-0.7092314338641115,-0.4969312475947636,-0.4293894239230229,0.07044632086851621,MRK
2016-08,1.0392708896480225,0.0,2.7931285176075678,0.4164281999881157,4.536803514923196,0.0011268875366239328,MRK
2016-09,0.026111473019608762,0.0,-0.5073208460350564,-0.24968086443188067,-0.6131483265942095,-0.05920756416028816,MRK
2016-10,-0.9343318022974286,0.0,0.3422862688207025,0.051809171242030924,-0.3052121822189822,0.042354630294328954,MRK
2016-11,-0.15815584942509442,0.0,0.08159759720643985,-0.2571425124042554,0.473105248102382,-0.030762167125803597,MRK
2016-12,-1.2286458485257319,0.0,-0.39860727569987076,-0.31597114989981145,-0.57440662135376,0.05305542396968277,MRK
2017-01,0.4889023239602642,0.0,0.6472759745003293,0.08145750381568352,1.324269927757218,0.06275303643724683,MRK
2017-02,0.3224883171727083,-0.1728065775564385,-0.11530534180019385,-0.29469067312056235,0.3744874391591457,-0.028359788359788474,MRK
2017-03,-0.862930897224058,-0.1276438773263967,-0.8202578248072715,-0.3422077404997065,-0.8842850454164969,-0.019167937268568802,MRK
2017-04,-0.6499690260758773,-0.18350879298449868,-0.9063601521935869,-0.5474387807865517,-0.9566084133115134,0.04441483455474127,MRK
2017-05,0.3612358888650293,-0.3263697452047219,-0.4159458955595429,-0.3466346190947379,-0.32125808496146835,-0.008292579204762895,MRK
2017-06,-0.2813950254535225,-0.27418190544677096,-0.4987406519941163,-0.38292467870168106,-0.3636058948037354,-0.0032161234991423537,MRK
2017-07,-0.5030805841494436,-0.43263531750650913,-0.46020686939358413,-0.4905527574706968,0.12340410375694616,-0.0004302000430200792,MRK
2017-08,-0.10803593981420644,-0.4464916511379483,-0.7863862033291592,-0.589676905562885,-0.6474099650744148,0.009898859479233968,MRK
2017-09,-0.3831095619615158,-0.6540559473707648,-1.0272023166115087,-0.5924514178205524,-0.4063803998255197,-0.1395695717025356,MRK
2017-10,-2.3472115202652093,-0.748413773814467,0.9148398914159107,-0.26447110404431956,-0.8883369046650332,0.0032194155522535794,MRK
2017-11,-0.5759427051505664,-1.0782889082892304,-0.692972467930878,-0.2386387725126442,-0.5541470076022202,0.026906936558874328,MRK
2017-12,0.26832692196190505,-1.3647047300568138,-0.35122118153948917,-0.3911629706754607,-0.817916032953549,0.05312500000000009,MRK
2018-01,-0.27174753350239156,-1.2032920099580855,0.3573697005061886,-0.3339595101759624,0.9679623212699031,-0.08491212052042907,MRK
2018-02,-0.8338954040250237,-1.2737283229334742,-1.3710888627178752,-0.577071812484373,-0.8505974869430308,0.013469693190321763,MRK
2018-03,0.8589499638801142,-1.2463580944113395,-1.310834623153863,-0.7103365991359872,-0.706838750918245,0.0804824021658872,MRK
2018-04,1.2786062461324472,-1.0778069799830081,-0.25995587064713566,-0.3887137197762906,0.6818326216600998,0.011389521640091216,MRK
2018-05,-0.36534726875131956,-0.7878794042728863,-0.2593758222069037,-0.6661187944307828,0.05243085535233813,0.02770270270270281,MRK
2018-06,0.4084753840007754,-0.9543210019243665,-0.6022584492100032,-0.5426892304392024,-0.23434085532271495,0.08503177733946954,MRK
2018-07,0.8007777448626809,-0.7882925903094613,-0.7342182610917585,-0.737011259822995,-0.5116407235686631,0.04120379721268419,MRK
2018-08,0.07867100607219005,-0.6548859115181731,-0.4874352841552167,-0.5842348542684527,-0.2684298122740366,0.04131910766246372,MRK
2018-09,0.5134737427701712,-0.5546347371138619,-0.7259942109218337,-0.772279736817211,-0.6520698032696465,0.03763040238450088,MRK
2018-10,1.0355666529554508,-0.3383771801381145,-0.879498052382172,-0.4562104547722086,-0.6526251586623741,0.07791741472172342,MRK
2018-11,0.6964067350283004,1.2251799845404807,-0.967650115717628,-0.1501276680747447,-0.7408526662638089,-0.030313124583610906,MRK
2018-12,0.9862241622100218,1.633178944250505,-1.0392068527459317,-0.1468185737799615,-0.7641764023475118,-0.025936104431466767,MRK
2019-01,-1.1934107615133758,1.7729423105248288,-0.6144455673822797,-0.06800540133791692,-0.655697568613049,0.0922235937224476,MRK
2019-02,1.2475103460210468,1.4558854437813724,-0.4594465890285627,-0.22391345407886581,0.04074217743552921,0.030029060381013828,MRK
2019-03,0.24770041809853002,2.146638084208804,-1.0638296942686536,-0.3452972603850476,-0.7148933101470467,-0.05360501567398113,MRK
2019-04,-1.1326327631375916,1.6574444476187618,0.09082441360155714,-0.0032062678218723432,-0.23338950397119865,0.0064590924147067685,MRK
2019-05,1.2961960335374065,0.7183293175700517,-0.8617603907050588,-0.32330474278300053,-0.2453935661615599,0.06549284186276116,MRK
2019-06,-0.3330962465171207,1.270576152498182,-0.8521613205500643,-0.031213049538766316,-1.0862090769210786,-0.010193050193050168,MRK
2019-07,-0.5329452295274264,1.1827730370768492,0.18498668792461964,-0.08089696273004825,-0.6982436495489174,0.04197222655640509,MRK
2019-08,1.0316764499554834,0.8725149793743932,-1.056831753064196,-0.3915184141984373,-0.629649220081095,-0.01991614255765195,MRK
2019-09,-0.7680767290368662,1.108628367687668,-0.12690059672377585,-0.28217661352896695,-0.8784842354780688,0.029335370511841097,MRK
2019-10,-0.03187431797866565,0.9142865957308047,-0.013872950446200702,-0.36567780756388063,0.05922950447517967,0.006085794864182814,MRK
2019-11,-0.793197669246424,0.3023253900887811,-0.5901998544301725,-0.34521430801326636,-0.5738245910929627,0.05030982590734734,MRK
2019-12,0.269924167945143,-0.29670442621298837,-1.1510308803487423,-0.448024411074463,-0.47874008664608575,-0.06054221098468893,MRK
2020-01,-0.6487729408429797,-0.46885289679178394,-0.5008570984288866,-0.4126024142554884,-0.5159061148325305,-0.10391746411483249,MRK
2020-02,-0.39480488770393274,-0.24586878985839958,-0.8867220011014122,-0.19945946298953002,-0.36184541981087437,0.013182045720006696,MRK
2020-03,1.2952455636565723,-0.5194604465655152,-1.296369671585059,-0.4649442354909137,-1.4378694744322027,0.031126482213438722,MRK
2020-04,-1.0901629926772032,0.010219480106458761,-0.705098683389789,-0.43468587951923515,-0.9905885032563304,0.017569078421977302,MRK
2020-05,-0.4906660222167838,0.006836650173798823,-0.8582149473957188,-0.513438196594164,-0.9282083891742984,-0.03437450949615439,MRK
2020-06,-0.7254693569473315,-0.26259800751078216,-0.5475083727755133,-0.5136572655575443,-0.14154356554973596,0.03754876462938883,MRK
2020-07,-0.02793486822976575,-0.31438398941306833,-0.9425634779949105,-0.5935726724857674,-0.7289124449116182,0.06266645777847413,MRK
2020-08,-0.20074345173156116,-0.2558960781019751,-0.7525091515746186,-0.5695903824537965,-0.39890553089702285,-0.020197552705292665,MRK
2020-09,0.2581971819469241,-0.2769410342334169,-0.6882204836834264,-0.5818277514089336,-0.38090464119564754,-0.09328919650917844,MRK
2020-10,-1.0150505258149451,-0.25983880430987494,-1.4448729649493213,-0.5651833759982102,-1.2962746392723077,0.06886823763690675,MRK
2020-11,-0.7778621938981527,-0.3744409159945362,-0.9567778660047127,-0.7237270420200508,-0.5186595889225853,0.02561714019562178,MRK
2020-12,-0.3420718761272941,-0.3490769780299525,-0.941578941111533,-0.6101632453808963,-0.9456814128909332,-0.05782621858916137,MRK
2021-01,-0.7691349228729073,-0.38673628690245293,-0.6712792044507467,-0.6715467730603626,-0.75865254986861,-0.05784061696658105,MRK
2021-02,-1.1101547650234072,-0.44962781782580286,-1.1704667770109847,-0.5497850252660738,-1.0801134735115723,0.0711118690313779,MRK
2021-03,0.3565769841912666,-0.7348736373348562,-1.077422364884672,-0.45208128992157265,-0.7557588286657828,-0.03359337685081998,MRK
2021-04,-1.3996798087707039,-0.965135136768111,-0.38585132101805386,-0.4992233849632003,-1.3026948226017678,0.018616144975288185,MRK
2021-05,-0.051957830430845175,-1.1889720296874497,-0.6666732067507675,-0.5517215479306511,-0.3763332548528551,0.08410156881772601,MRK
2021-06,1.0923234038062022,-1.283943821248727,-0.3376849732840404,-0.2544578713564887,0.012943049373273787,-0.011636580635536298,MRK
2021-07,-0.49480568495362226,-1.1590029078589683,-1.2211584687401493,-0.7646783537679669,-1.1938251602014684,-0.007547169811320753,MRK
2021-08,-0.6470079829923266,-1.4090890424383742,-0.8057512006511289,-0.6479842842999952,-0.7381152562060493,-0.006692015209125435,MRK
2021-09,0.3747724091470448,-1.415712844835134,-0.7364843160010068,-0.3772237086682095,-0.0031156927161301853,0.1722553973357832,MRK
2021-10,1.2163842185773341,-1.2647194735968805,2.113304392986773,0.14092443352701053,2.7568570882486654,-0.14916405433646818,MRK
2021-11,-1.4114088530363451,-0.6391438548744733,1.3215849338051509,-0.24659973884891567,-0.5774727557288701,0.03269880257906044,MRK
2021-12,-0.062085595931405835,-0.9958796338531115,-0.9988166266649519,-0.48461810504570574,-0.7453347351515452,0.06317823695555225,MRK
2022-01,0.8275121699889346,-1.036686302233449,-1.0051428660295618,-0.6389396443095335,-0.6892954637468008,-0.06012304250559275,MRK
2022-02,-0.39373578256115416,-0.4853294485941087,-0.5628307504632963,-0.6043156483880319,-0.13121895596412655,0.0809282951502528,MRK
2022-03,0.8931367386494793,-0.13960615898145712,-1.8081281358933334,-0.8181551746388159,-1.6392801935378656,0.08092485549132955,MRK
2022-04,1.6851136059076424,0.02124339868934159,-0.7018358306537321,-0.4576976023055897,0.37857554241318075,0.03768780239368463,MRK
2022-05,0.2262997484305065,1.0103798156857102,-1.5615979091192767,-0.37976530026122834,-1.275138366647032,-0.0012269938650305567,MRK
2022-06,1.2283363778622773,1.0360964468627636,-0.8514924920857548,-0.2581970310212603,-0.2598592660346876,-0.020147420147420103,MRK
2022-07,-1.2821373516654997,1.2302292418680985,-1.1898425871104914,-0.4284155336848057,-1.3009125446633631,-0.04450852557673035,MRK
2022-08,-0.1922200891288906,0.9014877454658131,-1.240817744347428,-0.5371385801470007,-0.7276409534993193,0.017058128854481103,MRK
2022-09,1.7341037036268072,0.8283313242315897,-1.0179723232389528,-0.6780972084898717,0.3531121289160487,0.17507418397626107,MRK
2022-10,0.5461859929937914,1.276596214374839,-1.3394449389507306,-0.39919395168015204,-0.8739929869329209,0.08816425120772942,MRK
2022-11,0.12329760062104743,0.9591256872815357,-0.8937794725641414,-0.3236748783584392,-1.1288577306440515,0.014226616890323784,MRK
2022-12,0.9245121559054513,1.6281242833666836,-0.9861526585018475,-0.26254333306104527,-0.5676109272909589,-0.03193394349383205,MRK
2023-01,-1.0445588464488453,1.883320754323317,-0.7069984849875589,-0.4028384164158699,-1.270413729944988,-0.01089302229986644,MRK
2023-02,0.2306351463799811,1.8796485896380568,-0.2041410263050374,-0.3772238123442097,-0.2044464661313846,0.008415584415584432,MRK
2023-03,-0.17662723883713677,2.4770506860811716,-0.3253227073822997,-0.3924172441121883,0.07500729661018736,0.08530805687203791,MRK
2023-04,1.260240603257335,2.263433564875196,-0.5723477552840094,-0.5388293640087164,-0.3202995213345945,-0.04385798367191951,MRK
2023-05,-0.4370830599335366,1.2415903800859442,-0.8926257251255808,-0.5662719297209987,-0.7343333592158138,0.05212470214455922,MRK
2023-06,-0.09578492132472881,0.6423707994994761,-0.5804587524874545,-0.43658201775723615,-0.6525975818141491,-0.07577616306501844,MRK
2023-07,-2.0581152570434487,0.14796249390026156,-0.4653569563667925,-0.5630434941144004,-0.6531603236949662,0.021850112313661407,MRK
2023-08,0.848069294029861,0.11158228993105043,-0.16007293149513024,-0.4183379556281949,0.5147907037756714,-0.04886091127098324,MRK
2023-09,-0.149497940025519,0.24488200062375215,-0.7170178829180034,-0.6433628901319418,-0.5829294176207416,-0.002416220191196583,MRK
2023-10,0.3643681417660423,-0.17280941439849748,-0.9990976545108454,-0.5406975186665206,-0.4563126546132473,-0.002106149957876835,MRK
2023-11,-1.3262152047301814,-0.2668251546062079,-0.9909232650240498,-0.45394000904505905,-1.1420415233947572,0.0714436471084845,MRK
2023-12,0.22790512283223505,-0.5520065540960347,-0.7488216429128072,-0.484398289772052,-0.43240554700607287,0.10784989658229094,MRK
2024-01,1.1368319904361106,-0.635318662810473,-0.8167287596970876,-0.4958398909735306,0.25444357240876186,0.052809388335704144,MRK
2024-02,0.11955675992304589,-0.18624826583632664,-0.35548333013755057,-0.5203849389872234,0.2882602932460727,0.04424928221584179,MRK
2024-03,0.05838960556484409,-0.2072480115418394,-0.1538769493482306,-0.17036038902962083,0.7100555500637167,-0.020621057738961612,MRK
2024-04,0.31524532175427533,-0.15149726597660024,-0.8552638025574373,-0.550157846892365,-0.061735867301866934,-0.02848649987614571,MRK
2024-05,-0.9251934281746067,-0.2899127546209607,-0.593104840715816,-0.41426021262720847,-0.42499443615771904,-0.007989121196668392,MRK
2024-06,-0.45598571858891357,-0.365805566593676,-0.008971275130713325,-0.16695572238096115,-0.34974134795126494,-0.086189170664839,MRK
2024-07,-1.4715825283591415,-0.43223151583571034,0.6003049915029248,-0.3579438181189587,-0.26917830406579474,0.04697168573035815,MRK
2024-08,0.4352332170673982,-0.43201392119017723,-0.894638892471273,-0.35511834336700054,-0.7718508035320935,-0.03483478105131188,MRK
2024-09,-0.9937825849980856,-0.46997170544913053,-0.6061525814760464,-0.32274585451295024,-0.43162292538199326,-0.09899795880497309,MRK
2024-10,-1.66480778419115,-0.6187039799260742,-0.5861742269884412,-0.3760666836563468,-0.6659579669875542,-0.006590464421789677,MRK
2024-11,-0.9441732478663513,-0.911920432970743,-0.6784086532542024,-0.3631511172368619,-0.7949996050007296,-0.01337203275629717,MRK
2024-12,0.24116480941529778,-0.8897015603992399,-0.3550872234423476,-0.3760013981276347,-0.2515890149235593,-0.006619037612944023,MRK
2025-01,-0.7931554509996838,-0.8299888341885819,-0.6708924850555149,-0.5289995914875604,-0.7781475585065902,-0.06652564780539394,MRK
2025-02,-0.8120900319154516,-1.2162789836210248,1.1433971613643794,-0.08655653146348623,-0.1971751189066072,-0.018581463856786717,MRK
2025-03,0.517219977964191,-1.5658022030569934,-0.7568094514795304,-0.24924417231538745,-0.7057875544920268,-0.050796582775340604,MRK
2025-04,-0.2716769870855179,-1.6199196644267186,-0.8681225811982175,-0.43726633767792716,-1.0724880433224409,-0.09815130138652384,MRK
2025-05,-1.7525920889113977,-1.5583380333965045,0.9416782379493369,-0.4327831856771092,0.7245349563495845,0.04045853000674304,MRK
2025-06,-0.2655891567536673,-1.7124343751349087,-0.15659265615694523,-0.3083496670890582,-0.3132693470576221,-0.013091380427738275,MRK
2025-07,-0.23729422069956904,-1.7843849730437438,0.6278035346312121,-0.546391951423594,0.15207234239854067,0.07683215130023635,MRK
2025-08,0.5600269799248748,-1.542256417780119,-0.31874016989540893,-0.6440841404490424,-0.21639800961006112,0.007561897792413674,MRK
2025-09,-0.23155193541419294,-1.747519600760551,0.28175092581660355,-0.6170547740845304,0.5453465962793747,0.02445224549086067,MRK
2025-10,0.016497227221526228,-1.4735951407618082,-0.060182742466011165,-0.6843232555736776,0.772004620261225,0.21918941273780002,MRK
2025-11,3.1840923973268396,-1.0566214507468146,0.4877283096825114,-0.3759403147292851,0.8036159619499832,0.012696258964915552,MRK
2025-12,-0.037721181800215234,-0.26649617052055097,-0.054877227419720315,-0.34896243124135157,0.06815948012637897,0.04756436022585886,MRK
2026-01,0.08701369113017274,-0.3224175348948883,-0.740990318864896,-0.610477192306276,-0.6831734134354754,0.12287593641512884,MRK
2026-02,1.4808028858158169,-0.13768950558853318,-0.4474977248106007,-0.47483026218412033,-0.12039741556421395,-0.021316410381579942,MRK
2026-03,0.356394440036377,0.31337408129204924,-0.7124552712425378,-0.6828566035814833,-0.5310087337740833,-0.09236012968659069,MRK
2026-04,-0.9264086798197181,0.3157306686591516,-0.5622745946246993,-0.6824713303177204,-0.6002139812864847,0.09800329730719892,MRK
2016-01,0.0,0.0,0.7336448097015383,-0.6089735716899318,0.6707127324306602,-0.005276312135517824,ABBV
2016-02,0.08518711066443653,0.0,0.18779056582166348,-0.7306784246506478,0.5503419351772152,0.045784477945282065,ABBV
2016-03,-0.6285573120697673,0.0,0.3591424643548326,-1.0304700770446908,-0.17421606854506527,0.07821676454885207,ABBV
2016-04,0.9177474434134899,0.0,-0.2404118714073347,-0.8088932443627789,-0.07935443536162047,0.03169101262688789,ABBV
2016-05,0.0033208402490624784,0.0,0.10915816215071304,-0.16907953340800852,-0.2743638516581008,-0.01631869450443968,ABBV
2016-06,-0.24338226883694428,0.0,0.07477420097663262,-0.44274381785530603,0.29945372586730024,0.07928763112954385,ABBV
2016-07,0.4545209625544694,0.0,-0.17621909195712396,-0.6149832620756457,-0.2766847912963836,-0.032323688969258635,ABBV
2016-08,-0.890561936764816,0.0,-0.4395128519933015,-0.5568923619904961,-0.5275705083016349,-0.016117729502452827,ABBV
2016-09,-0.3435194771656418,0.0,-0.7176279520885588,-0.9547031016894459,-0.7065092990406467,-0.10731244064577394,ABBV
2016-10,-1.770079494599193,0.0,0.7744595911059566,-1.0662647230312345,-0.16862620525939426,0.0901595744680852,ABBV
2016-11,0.35976398766848977,0.0,0.7885051883452094,-0.7045048853926608,0.5914888605978634,0.029763356916320927,ABBV
2016-12,-0.061730874687145616,0.0,0.019462954849594476,-0.9901626425068295,-0.25175241934076126,-0.014214641080312784,ABBV
2017-01,-0.5857614926165368,0.0,0.11044716439600402,-0.8824980895218486,-0.8654236126745809,0.01201634222542669,ABBV
2017-02,-0.49582687591418073,-0.3521241550963532,-0.6706680427306858,-1.104740997480785,-0.5234501408845685,0.053668962241747664,ABBV
2017-03,0.8263198325114794,-0.3533665429282616,-0.4634614058926744,-1.1856059119829534,-0.1875773346786004,0.02208699571782735,ABBV
2017-04,0.28093043008704577,-0.26979019213875216,-0.6912203858943765,-1.2461485137491821,-0.4370213130509425,0.0013230429988972947,ABBV
2017-05,-0.23361804555347715,-0.43038478732613317,-0.430508427046535,-1.1350411969892145,-0.44773838834390395,0.09821625192688832,ABBV
2017-06,1.6007578120740655,-0.5467234521529164,-0.7116235116571935,-1.0772610749759457,-0.05663168901589214,-0.0270703829957889,ABBV
2017-07,-0.9143108547334813,-0.2509275594135289,-0.39066881714401636,-1.136501462965471,-0.46041717889377953,0.07708161582852413,ABBV
2017-08,1.6639177590212255,-0.5162782164286137,-0.38765729980505537,-1.2082587497574098,-0.09992038489621859,0.18006123230003834,ABBV
2017-09,2.575846136165194,-0.12995527734776144,2.327979093801523,-0.087156000868333,2.7476886307636628,0.02253932219880017,ABBV
2017-10,-0.14949442402871393,0.49500093948307317,0.5454182130574253,-0.6132648881452899,0.4049847007422376,0.07389787503964462,ABBV
2017-11,0.6355539190117392,0.8887774329695161,-0.4258255522871585,-0.9228893733654296,-0.24096538810409648,-0.0020673360897814907,ABBV
2017-12,-0.4586518205032701,1.1344056557424478,-0.5977389423733763,-1.2070430913440713,-0.5490924451261554,0.16868896123113353,ABBV
2018-01,1.086230887125909,1.147403543705884,3.183912290858903,-0.6303795281950998,4.24646932001465,0.032160040516586275,ABBV
2018-02,1.10875352544404,1.7335945614659483,0.33714847917213137,-0.620987213525021,0.16328904462637003,-0.18289990186457306,ABBV
2018-03,-2.626154209859217,1.873983629789021,1.9745373480163513,-0.46574747202897965,-0.7319812289125305,0.03062603212730841,ABBV
2018-04,0.3773630265683263,0.9277856976898793,0.5187280203789008,-0.7595755106724169,1.0578344473858436,0.024763292061179776,ABBV
2018-05,-0.16922932319562256,0.9879249229984073,1.6475888901951041,0.17717335862814518,2.0191311287085605,-0.06353944562899783,ABBV
2018-06,-1.149807912355007,1.0239706692321364,-0.4393843218682134,-0.5422033005501059,-0.8857393321299476,0.005616272009714596,ABBV
2018-07,-0.4889122412666554,0.2775904668259658,0.7535921392270045,-0.5914333659790556,-0.2486621923437194,0.040603773584905634,ABBV
2018-08,0.07009148044580464,0.522303336195976,-0.01011713135800286,-0.8138142919572368,-0.4072152668119948,-0.014505366985784751,ABBV
2018-09,-0.41646081702425897,0.14057614764561885,0.08594279317049477,-1.0114816255702093,0.40296840270569795,-0.1680894907271121,ABBV
2018-10,-0.9830612565835527,-0.4656485733277675,-0.15686468354397484,-1.2181407403782534,-0.44823504059692254,0.21089879688605784,ABBV
2018-11,2.2764512558443872,-1.0066430716916757,-0.014240694686257232,-0.761150990348559,0.4214649768791738,-0.02206312098188179,ABBV
2018-12,1.1475766899308446,-0.3691801999665285,-0.4685046382745209,-1.167099055786004,0.1245370872854307,-0.11848199611534449,ABBV
2019-01,-2.191200639757402,-0.019695848939607033,0.5005009361027979,-0.6535599402143601,-0.5853040430121482,-0.01305084745762719,ABBV
2019-02,-1.115051736150276,-1.2146404316317807,-0.36832625779455674,-1.0952600418523104,-1.0901813303716108,0.01700154559505407,ABBV
2019-03,-0.006880200565734738,-1.6118769335104735,-0.5771319589642632,-1.0820652455726054,-0.5111045209580694,-0.0016886187098953398,ABBV
2019-04,-0.5579830687708719,-0.9174396412722513,-0.2940437523857279,-0.9848141743997344,-0.12774939436046523,-0.03382949932341006,ABBV
2019-05,0.7019104524673466,-1.1262400979793992,-0.7360062663607393,-1.3631409864646025,-0.2267904044551254,-0.05199579831932777,ABBV
2019-06,-2.6325635829804868,-0.9250107538329596,3.3196199944342726,-0.18118823371910678,0.0693255159396559,-0.06980609418282546,ABBV
2019-07,-1.6845661018857334,-1.2035963006013832,-0.445641416368567,-0.27662274968687717,-0.6833689244156135,-0.013301568393885188,ABBV
2019-08,0.19660822891834356,-1.5153436000328946,-0.7940793920649338,-0.8134713371805135,-0.05705825321285147,0.1519114688128771,ABBV
2019-09,2.468026205734739,-1.366855392182056,-0.46077455572994963,-0.7471461516307174,-0.11740575830051395,0.06585152838427955,ABBV
2019-10,0.4925017333663149,-1.0246655656494317,-0.429939165268474,-0.7557057030296375,-0.3691993108365403,0.10275319567354968,ABBV
2019-11,1.0993303522419156,-0.3843574888893671,0.3463426211670889,-0.435671731473111,0.691212802460877,0.009362460989745802,ABBV
2019-12,-0.4831510777983791,-1.0710131650970403,-0.1157601172753145,-0.6631403631023312,-0.03580913417521323,-0.07258539458186097,ABBV
2020-01,-0.7716561805861066,-1.3127826940272331,-0.6877128309269772,-0.5312972117655089,-0.7678535380807768,0.057945705667566294,ABBV
2020-02,2.415388584973742,-0.6682428914808176,0.2082467576123205,-0.41648484272532466,1.0618340812089462,-0.11119447779111646,ABBV
2020-03,0.22462558021386225,0.12683056347002256,-1.1713375710327498,-0.5645914334762577,-1.2235650280967043,0.09505318250886385,ABBV
2020-04,-0.3852026074171203,0.1872323637080403,-1.1590602971568598,-0.6738179113450261,-1.3525627932541842,0.1273512180080174,ABBV
2020-05,1.4392359388404286,0.15914751095643195,-0.5443142858955561,-0.15560182836687098,-0.24913709409075516,0.059491247264770175,ABBV
2020-06,0.5330412051101934,0.15171950576197896,-0.7943219517398956,-0.626810437599411,-0.4951115082331247,-0.021556731638053495,ABBV
2020-07,-0.6322781127470481,0.4983563408221981,-0.9420663351050069,-0.6330492309481561,-0.7656304352864077,0.009102902374670263,ABBV
2020-08,-0.6674277995342272,0.42099948358301365,-0.5955022631663036,-0.5763393139508258,-0.34950304349148054,-0.08537063668453393,ABBV
2020-09,-0.860158244718707,0.10153804697690355,-0.6904739378159782,-0.637524194103718,-0.8970738190003927,-0.015151515151515027,ABBV
2020-10,0.1832438616992252,-0.07659064715126876,-0.2605700694982831,-0.61465707589248,1.3217768399649037,0.22888243831640054,ABBV
2020-11,0.6402742969782824,-0.07123933042531604,-0.3543678627944164,-0.3847433224032377,0.08372826946651514,0.02456596197000116,ABBV
2020-12,-0.358541666011693,-0.05356297194660933,-0.4217062253988399,-0.6848695649799579,-0.5118845261425002,-0.03239193083573488,ABBV
2021-01,-0.29302124750512265,-0.040464816244195734,-0.38450725966094546,-0.6973055803006395,-0.7410450595085672,0.051346199666428394,ABBV
2021-02,-0.02226527069636002,0.11776590415015675,-0.4960180496045294,-0.6402415541230225,-0.1082707604445661,0.004419263456090672,ABBV
2021-03,-0.7614996517285134,-0.11301282802010489,-0.39307550784458534,-0.8604221483572627,-0.6723627265643007,0.042870036101082976,ABBV
2021-04,0.10401759679256921,-0.29458073349680225,-0.9717170784649802,-0.7434745323216592,-1.0087987984881426,0.015253137170056164,ABBV
2021-05,-0.12307784185090129,-0.25167635753532985,-0.631155613501185,-0.5750007259218413,0.05205374704908352,-0.005007991475759144,ABBV
2021-06,-0.39457415514021765,-0.5347075167495455,-0.7339097226921933,-0.8670220671388494,-0.4047121002525914,0.04401370743199817,ABBV
2021-07,0.5417296582096686,-0.8294049164679687,-1.0628608756774074,-0.7825683335723631,-1.110721986153732,0.03856805826238596,ABBV
2021-08,0.3138578815505046,-0.5774110040361424,-0.6113118588186822,-0.6678502488432021,-0.6608386996286971,-0.10686419753086418,ABBV
2021-09,-1.3007920130651465,-0.19913459979519166,1.0140597134958562,-0.31334318564204783,-0.7513241541258847,0.07585978104611302,ABBV
2021-10,0.12781280312319893,-0.3182595884060679,-0.22619480836137187,-0.7317330494970309,0.6618800060303699,0.005344845307842405,ABBV
2021-11,0.08950250683103345,-0.30026001911053374,-0.9130885424385049,-0.9280134218783098,-0.3057352943652903,0.17452203251201293,ABBV
2021-12,1.9060073825640844,-0.521778099530316,-1.0164836962835395,-0.6347387394733305,-0.6695803177192611,0.021413649025069814,ABBV
2022-01,0.4199333879462864,0.1147614159001364,-1.1344180322614619,-0.6395734910342201,-1.0150484350470805,0.07951252769728989,ABBV
2022-02,1.6626467183557696,0.40395443797776515,-1.090269427226572,-0.4208549111412423,-0.5430082337058916,0.09702376253256495,ABBV
2022-03,1.1132090335004772,1.0214938941908607,-1.4090966407751864,-0.6132259119266514,-0.9496573647580645,-0.08628382268278645,ABBV
2022-04,0.014541061786057793,1.430331166037207,0.017316317038465118,-0.16217079823202704,-0.25672841002424507,0.0033866267622273405,ABBV
2022-05,-0.217959418927543,1.2976892601014856,-1.5664620202856259,-0.504572739664695,-1.381788580072387,0.03924646781789631,ABBV
2022-06,1.7746630054852213,1.1699691462447017,-0.9110836704417321,-0.5115084161556896,-0.39059608790536,-0.05422960725075532,ABBV
2022-07,-1.6813271607555604,2.031626255330581,-0.9911987961880603,-0.39053565795952766,-1.106700138047327,-0.0630889634243732,ABBV
2022-08,-0.514815139426263,1.202428993895508,-1.3201616953518835,-0.5948160142676139,-1.1731559241915586,-0.0018752130923967991,ABBV
2022-09,1.4511419135516224,0.8270649851634356,-0.17640760582657022,-0.5199927140015743,-0.07504191316841911,0.10196413321947051,ABBV
2022-10,-0.06909865949548626,1.6875517771725284,-0.60732134629917,-0.5788594514631037,-0.9481217823556392,0.10089894606323635,ABBV
2022-11,0.28375666404880173,1.4026457044460512,-1.2766187813706398,-0.5298481963984797,-1.2866213085463654,0.0026749260875686964,ABBV
2022-12,0.7626965641252611,1.4234116620184378,-1.0831386203706106,-0.5244574587295677,-0.7905871999534503,-0.07701488345970231,ABBV
2023-01,-1.4635651353990238,1.0904424960437205,-0.799099998523572,-0.4640875807100522,-1.0524314156722272,0.04160645014071651,ABBV
2023-02,1.046976133328243,0.7813430349117592,-0.5960755569951046,-0.33442795575253786,-0.2038017277523084,0.03556302030086167,ABBV
2023-03,0.0792574644120371,0.6635537997856765,-0.7638550986947015,-0.3870388003042052,-0.8816246496589863,-0.04308581905366349,ABBV
2023-04,-0.9830000352144497,0.384702867309569,0.7014062371348156,-0.4130321879383787,-0.8559122309788647,-0.08703021370670594,ABBV
2023-05,-0.824403708267102,-0.009988283210851729,-0.7318990112908323,-0.5254180043603243,-0.625705986910042,-0.023488578577770536,ABBV
2023-06,-1.3973463313508714,-0.32346480725701515,-0.3689140494296123,-0.49779349254667904,-0.4800187052169023,0.12258224499917336,ABBV
2023-07,1.295685133855405,-0.8963889155297367,-0.030527837512358585,-0.5119230912157795,0.46636554299594474,-0.017524482733230262,ABBV
2023-08,0.03482552210605068,-0.3347159930524963,-1.0542728516554793,-0.6619089584538694,-0.565768958223436,0.014314621899123026,ABBV
2023-09,1.2664983943045656,-0.21163344093977093,-0.4364186855147174,-0.6719945358185138,0.01205558895248896,-0.04344613565834188,ABBV
2023-10,-0.34883559128890096,-0.33941886636854546,-0.7150000470742234,-0.5633050096429211,-0.49456258328460995,0.008574076934960484,ABBV
2023-11,-1.1832680160911575,-0.35549798626450124,-0.6766714611970753,-0.5535445313317137,-0.41734074845382524,0.08838171095963876,ABBV
2023-12,0.4834689166016076,-0.6459206535373059,-1.2109382725218907,-0.6357162320435873,-0.9757712108123805,0.07100133699247047,ABBV
2024-01,0.6829553745281907,-0.6603088166118306,-0.8114058667043698,-0.6038949254450843,-0.12024702972774677,0.07089356110381084,ABBV
2024-02,0.37309503123973276,-0.18209193565854134,-0.7618244061524336,-0.47843734790824705,-0.4973212535491454,0.0343579360696975,ABBV
2024-03,-0.08362185595049616,-0.2907880854160129,-0.6781714055585898,-0.364979267465156,-0.7190613940217504,-0.09852304407141599,ABBV
2024-04,-0.8309794432877188,-0.3625385832948229,0.1423452252668916,-0.5043375817922932,-0.7457843622169622,-0.008619555204632201,ABBV
2024-05,-0.6361063805024054,-0.3669692791510134,-0.40153355958372855,-0.55181991106025,-0.012986113983459526,0.06378177473949709,ABBV
2024-06,0.6023965452551688,-0.22594267768729703,-0.40944001230354743,-0.43448946461962784,-0.4436052783546302,0.09040429248814585,ABBV
2024-07,0.9415544050430632,0.19260318151227854,-0.2047539021621504,-0.5624255484745609,-0.18764935834408755,0.05927790810779876,ABBV
2024-08,0.6125010570268093,0.24215991515340254,-0.8233982559650411,-0.5022696895140739,-0.43590303680363407,0.005995786744450005,ABBV
2024-09,-0.3338135354001807,0.3926075294966602,-0.6711339590504392,-0.5694923221088986,-0.8146903468759347,0.04059278350515472,ABBV
2024-10,0.8138585878568466,0.044446225132862706,-0.06294265881717098,-0.42916471841344034,0.9202343123273614,-0.10268317853457176,ABBV
2024-11,-2.1590314263355643,0.26044029865760093,1.5221484526200895,-0.20537591974775438,-0.6186365054069697,-0.02863714778608406,ABBV
2024-12,0.0724553900476243,-0.05515633973005864,-0.4273592251719952,-0.5278302294762935,-0.1860197121676946,0.04469571394743088,ABBV
2025-01,-0.035544361292485165,-0.1367222831147698,-0.18582326949738925,-0.5192731114924336,0.13408664632035616,0.13662378874596248,ABBV
2025-02,1.6787989152777207,-0.32979503761336576,-0.8232911403220377,-0.4864148016301722,0.09451568401793924,0.0023432047063516315,ABBV
2025-03,0.8437095021538449,0.0675010436779886,-0.8159808239407328,-0.34277559665661655,-0.6258696528229599,-0.060184033822432315,ABBV
2025-04,-0.39387640986335537,0.38794715307746724,-0.6590141548914293,-0.2101007315827008,-1.1420852416788942,-0.04609685101878791,ABBV
2025-05,-1.1918689583517474,0.45262376312577196,0.49958744315410497,-0.2597286990847483,-0.7214923681050047,-0.002607634265423875,ABBV
2025-06,-0.7771725727973806,0.14840530667553167,-0.4942468434588211,-0.4960206156428213,-0.5990269512489351,0.027090170773766298,ABBV
2025-07,0.28705389913923396,-0.23039335151540263,-0.2549683790952732,-0.5874113888871162,-0.3988419642759954,0.11313908145580598,ABBV
2025-08,1.1374925075680113,-0.3939567214705168,-0.7304854083410887,-0.6166173790943333,-0.0529502472067013,0.10047195056682723,ABBV
2025-09,0.6704760131986776,-0.3145218737645915,-0.160997940099958,-0.5053238831977636,0.02869868854373834,-0.051551861349367734,ABBV
2025-10,-0.6670647146816897,0.045959207763779174,-0.07582688073841637,-0.3874611587588335,0.2611639940340137,0.044284915159425786,ABBV
2025-11,0.6315791950754809,-0.3796015831417109,-0.0336324545495386,-0.38454590119644094,0.025826643618464654,0.0034818319792875307,ABBV
2025-12,-0.18755798513900704,0.3482067922661957,-0.6223045674788129,-0.5528056926224763,-0.4240117683806497,-0.01614768683274037,ABBV
2026-01,-0.4782969737727231,0.27495068593641114,-0.08454519903654363,-0.45935825152853116,0.005098497964882661,0.040692679839037904,ABBV
2026-02,0.4957392707462376,0.040746181863265805,-0.47011142596848265,-0.47314958312637323,-0.3449823067373694,-0.06286657687795971,ABBV
2026-03,-0.29980318750622537,-0.157327836896467,-0.3238684685244891,-0.37622554408869135,-0.8341006598543016,-0.020305980528511847,ABBV
2026-04,-0.5890285676489742,-0.3434547462576648,-0.5380294019648988,-0.43731900944160623,-0.5127174482098742,0.03459208782888501,ABBV
2016-01,0.0,0.0,0.06076799513039243,1.128658141054494,-0.03905018199590634,-0.11504424778761069,BAC
2016-02,-2.224619962434779,0.0,1.3031459543412203,1.3566508838624567,1.2895838149451868,0.08400000000000007,BAC
2016-03,0.056387158489443735,0.0,0.7005941921235244,1.2551406077752663,1.1062044275391714,0.07749077490774914,BAC
2016-04,0.9068574246232164,0.0,0.17827622686471975,1.1027993275736105,0.045163938834377346,0.015410958904109595,BAC
2016-05,-0.22112938325659467,0.0,0.6862762565014755,1.0918788277778528,0.8683100502787908,-0.0994940978077572,BAC
2016-06,-1.6827552305515532,0.0,1.3366694972166207,1.2867701107769571,0.6893185938935296,0.09176029962546828,BAC
2016-07,0.6488687976259122,0.0,0.2502601106928379,1.0684584690654968,0.18312062399745113,0.11921097770154376,BAC
2016-08,1.9549819582144754,0.0,0.8412833417950414,1.432394940166186,1.0379455969681026,-0.03065134099616862,BAC
2016-09,-0.6550411893539836,0.0,-0.136584832521501,1.1435489671067756,0.5319663226054798,0.05454545454545445,BAC
2016-10,1.0419506418403923,0.0,-0.3405517324637652,1.2006779965911163,-0.3081273703720078,0.2841079460269864,BAC
2016-11,2.4610049939804792,0.0,0.6827095534174279,2.0474928810389916,0.37741782215312025,0.046701692936369055,BAC
2016-12,0.2648354499587541,0.0,0.3473900634392124,2.1512312201547004,0.008031292838324388,0.02398215281650873,BAC
2017-01,0.024446216854949392,0.0,0.9559112555284108,1.7786541104725992,0.3269862078798109,0.09368191721132901,BAC
2017-02,0.8213299038346168,0.43285710637332486,0.3665866958488651,1.8537218771024355,0.14635426135892213,-0.04432270916334646,BAC
2017-03,-1.191661682691074,0.6983276926448316,1.1755277969756635,2.1094815975893053,0.42349620245086567,-0.010422094841063156,BAC
2017-04,-0.45262293022507827,0.6778979348331754,0.7942091057570921,1.884245394654549,1.1001997280572977,-0.03686150605581884,BAC
2017-05,-0.760730714094034,0.645526110572401,0.39317528783568373,1.360328916764636,-0.31562453993286205,0.08310552214324773,BAC
2017-06,1.3337311004182275,0.6539549789811672,0.19457990867773642,1.2012071669924642,0.15522124851931418,-0.006057546693588933,BAC
2017-07,-0.5520646756179,1.3830776009776637,-0.28697546646732186,1.1747728859272717,-0.1810247331302183,-0.004570848146267181,BAC
2017-08,-0.20269294971168914,1.1462418380568031,0.5961625384766468,1.1504438122347864,0.3518575253229204,0.0607142857142855,BAC
2017-09,0.5005205409713216,0.7198220841139469,0.5875768706304865,1.2866336988199993,0.16647086337733977,0.08080808080808088,BAC
2017-10,0.640457588413205,1.0419962489046708,-0.2885339592109161,1.1427877287388093,-0.36121385732800093,0.032932799287939574,BAC
2017-11,-0.06662679264621026,0.9089225453923359,0.17660209658822967,1.1405167849222169,0.5012664834232662,0.04782421370099099,BAC
2017-12,0.7931516869168583,0.10594742730315371,0.01594409792890233,1.4604644495123018,0.7914343875875758,0.08429276315789469,BAC
2018-01,0.09450115974742124,0.21336541976016865,-1.0396635276652042,1.0612595913339251,-0.7093939159957341,0.0030337504740234333,BAC
2018-02,0.6254434398575933,0.21192236212192408,-0.07988609435064012,1.170867054688907,-0.19719652888944803,-0.06238185255198481,BAC
2018-03,-0.4872387807531558,0.09876431757878182,0.1913747868908946,0.8908654409630434,0.49686419333217324,-0.0020161290322581182,BAC
2018-04,-0.21270252361542386,0.24791576659636358,-0.5042191526055458,1.002340800305435,-0.5901221485339505,-0.025858585858585914,BAC
2018-05,-0.911567376355329,0.29436440969636946,0.25129932735979854,1.1178271290436315,-0.049644141786005104,-0.02903359601824962,BAC
2018-06,-0.5604981464393779,0.26875987050253064,-0.39076012282339445,0.8910291944890196,0.16113454263832222,0.0952584365655702,BAC
2018-07,0.966856395885475,-0.15570603811744319,0.0879814327135173,0.9327229769120442,0.6981710353231252,0.0015600624024960652,BAC
2018-08,-0.4881807360648076,0.274558045699909,-0.41589184587359496,0.7235298326578558,-0.610793039524201,-0.04283489096573212,BAC
2018-09,-0.8883793362306853,0.11086264493703732,-0.39345249376400826,0.6659223210753502,0.02095416870971919,-0.06631407648494703,BAC
2018-10,0.015610717169919264,-0.22225417251467788,-0.5280301985844769,0.804992049713952,-0.5751631358859487,0.03267973856209161,BAC
2018-11,0.15890636326837276,-0.428841191121381,-0.5904691729096151,0.4662500982114363,-0.6745018836117226,-0.12742616033755272,BAC
2018-12,-0.91310031690378,-0.32467297350709184,-0.14953029647494476,0.9105823401107132,0.2694844462096461,0.15522243713733075,BAC
2019-01,0.7597624787665644,-0.6333381028827545,-0.0063619880117637044,0.9746265154591702,0.7156285544672428,0.02678945165341151,BAC
2019-02,-0.22095836489124246,-0.4393350419698547,-0.3624497185024571,0.7234857701802953,-0.13231852645038983,-0.05136567468406039,BAC
2019-03,-1.3428962804531293,-0.6476948946356256,0.18379315344805744,0.6981333410468381,-0.4886733216248665,0.10829394069617537,BAC
2019-04,0.6593865455359336,-0.7312789804797618,-0.21859203143535558,0.8304242381545668,0.17112162373458503,-0.12989530825901507,BAC
2019-05,-0.7151290274767571,-0.47754243104727784,-0.06209931723665176,0.5789256559934807,-0.5727804498676078,0.09581105169340454,BAC
2019-06,0.26028651029714256,-0.45654088067196935,-0.04132416840208142,0.5591808532556427,0.44354039582785515,0.057747051647011105,BAC
2019-07,0.7795399937163885,-0.29050559856529856,-0.5864857557498945,0.6024996337169448,-0.31048515742622806,-0.10303729334871214,BAC
2019-08,-1.1591056725587956,-0.3793618263493377,0.2998561942332579,0.9115890751372757,-0.19812942798468391,0.06729532790398629,BAC
2019-09,0.8744142143893567,-0.5586526786213586,0.2435311670422629,1.0127419592917801,0.2653779986080111,0.07228915662650603,BAC
2019-10,0.5849467843894288,-0.1475535316215976,-0.2715921810478578,0.8640237996733948,-0.4383991238307412,0.06554307116104874,BAC
2019-11,0.3708406780253466,0.05853720782177441,-0.8131242956738168,0.6818352053764463,-0.5913809176405528,0.06256590509666093,BAC
2019-12,0.4953293891582161,0.08327280737057555,-0.1123313704834942,0.7368876628522459,0.5206251154395061,-0.0678134303671849,BAC
2020-01,-0.7229651996750992,0.501022986872085,-0.509221144096172,0.39757503690100293,-0.6804439092332463,-0.13200851667849534,BAC
2020-02,-0.8825087468411024,-0.24496286493687544,0.03936596095769652,0.31486285898249977,0.04189397897919588,-0.25020441537203597,BAC
2020-03,-0.9719572866319572,-0.4113161719345838,0.7219339535088192,0.42518110214250243,0.8656315762798915,0.13249727371864783,BAC
2020-04,0.027717202974720835,-0.5875057831359736,0.860673649702719,0.2522876185932141,0.12029710616834063,0.00288878189696673,BAC
2020-05,-0.748736534955469,-0.5794941283502848,1.3302643298164272,0.27168685458144465,0.6241481957202163,-0.008161305808929376,BAC
2020-06,-0.3740143125932738,-0.47737247238135655,1.1246758085754918,0.43476548140623184,0.3003576775981613,0.047434656340755055,BAC
2020-07,0.07314662586276506,-0.5003210480441088,0.21167985061481653,0.23911707559875034,0.2747001682867166,0.03465804066543443,BAC
2020-08,-0.44477299336381254,-0.47396685697200325,-0.1495309786902832,0.21303917877781137,-0.414771394810916,-0.057615006699419324,BAC
2020-09,-0.3838778921691299,-0.31745310108715913,-0.21935289828838397,0.13179040962942049,-0.15365610897153512,-0.016113744075829328,BAC
2020-10,0.1684874279341665,-0.40890372246612405,0.10902396813365733,0.20959589281435098,-0.029542333511483845,0.1878612716763004,BAC
2020-11,0.2767214806431246,-0.5255223637532178,1.2495536441107262,0.2613833003325232,1.621758083245711,0.0831305758313059,BAC
2020-12,0.5590447731358354,-0.4291873795354998,-0.11069030585406499,0.07120180952567329,0.1078574476062666,-0.021714713590415657,BAC
2021-01,-0.09315053775094935,-0.43073161467149507,0.22279334736265538,0.18549710523723043,0.7934479294762896,0.1706850363566781,BAC
2021-02,1.1667744934804833,-0.45438275490492325,-0.10323490784575497,0.22671672405986965,0.010175222275593327,0.12062765609676362,BAC
2021-03,1.1866906699504727,-0.24548723200317352,-0.25775097093151056,0.34278068556536123,-0.3882841145298736,0.04754959159859973,BAC
2021-04,0.19604377230779868,0.2460776043700971,0.14154795403959455,0.3615087339512877,-0.2882144022949549,0.045669729880256194,BAC
2021-05,0.5201643229585782,0.3729663200120917,-0.9244455282950882,0.22091745880109614,-0.8489582941909753,-0.02316910785619164,BAC
2021-06,-0.6976136890002134,0.7080110733419136,0.39955816490124835,0.3201758639430232,-0.15493047796281342,-0.0697928026172302,BAC
2021-07,-1.5780162414869783,0.7930106531724977,0.5527356282291084,0.37364920128128865,0.18678840744563435,0.08851113716295433,BAC
2021-08,1.3544815906867689,0.3960798604884941,0.12804311185134054,0.4533875749574703,0.15272606509291956,0.02207862143241779,BAC
2021-09,0.8560143472145423,0.9512069818528942,0.7954588449189227,0.38616343753941595,1.0707075647172966,0.1253951527924131,BAC
2021-10,0.6872032797075065,1.228502412110366,0.03582749563868733,0.36815475641524037,0.62274342711895,-0.06928838951310867,BAC
2021-11,-0.6354904885516752,1.2457212483191873,-0.2713506578405173,0.23706586838415672,-0.3679627269335992,0.005533199195171035,BAC
2021-12,-0.43906497583765675,0.9847816607253835,-0.3434206218130418,0.2736999706499584,-0.43755477590398684,0.03701850925462735,BAC
2022-01,0.5722205345810252,0.7641689604145184,-0.18951183886748565,0.3465242758086748,-0.15269176989449593,-0.042209358417752085,BAC
2022-02,-0.12992487512784875,1.0786965453653428,-0.2195591734123954,0.21820079913447393,-0.0614605016682757,-0.06270460841097969,BAC
2022-03,-1.0707467542629028,0.47027425363310715,0.5234762200921748,0.29971125205956717,1.0604543491220182,-0.13433637829124123,BAC
2022-04,-0.4655493315532688,-0.22245269464992543,-0.509706830666381,0.2184140093462463,-0.2306869653660573,0.04252017380509021,BAC
2022-05,0.28888726212572374,-0.4207037731837381,-0.281326340373114,0.13458687476118913,0.8296993294652846,-0.15838047037808878,BAC
2022-06,-0.8929827599770777,-0.40481613826279367,-0.7674840162373577,0.08245417239201491,-0.8097746181754218,0.0859568447117085,BAC
2022-07,-0.039384323394848444,-0.5171059972534306,0.12764471055033383,0.06488467784063369,0.9287539735406917,-0.005863192182410382,BAC
2022-08,0.478743284949021,-0.23536997988596,-0.21408384550725615,0.07532267037216928,-0.031070098395924305,-0.09534731323722145,BAC
2022-09,0.05418659244266332,-0.32183844651396976,-0.37416986719537276,0.034047703649526535,0.09963019430508407,0.193408185440058,BAC
2022-10,0.7004825582761298,-0.4697169481071284,0.26442755906544174,0.16540276509094962,0.5313272643111338,0.050075872534142585,BAC
2022-11,-0.35662167807313416,-0.39832495699804044,-0.8144276318243246,-0.06612068094431167,-0.5098023508167936,-0.11994219653179194,BAC
2022-12,-0.9549188566669768,-0.301736603538418,0.010452402558404019,0.1365803184351652,-0.7149423068540564,0.0712643678160918,BAC
2023-01,-0.08537872552339433,-0.4003183379431072,-0.7268340908289203,0.03129320707762632,-0.898680908684728,-0.0331085223789086,BAC
2023-02,-0.11480495838677628,-0.7443315509279437,-0.802194217788962,-0.10909841480493057,-0.6425541718162976,-0.16074825618262523,BAC
2023-03,-1.7711218104382356,-0.8192315500930161,1.0421987639674466,0.5856779644660989,0.5180131845540701,0.023800528900642437,BAC
2023-04,0.18560845805114157,-1.4584648708015902,0.2167742387666944,0.2793474148574801,-0.1022853924931451,-0.05092250922509234,BAC
2023-05,-0.5004626123731301,-1.0557483502684202,0.06943273840584309,0.019436825180206896,0.14989467133879789,0.04043545878693644,BAC
2023-06,-0.2969965063974186,-1.081617142792803,-0.2951053348766946,-0.06952807550198051,0.026284122253249064,0.11547085201793728,BAC
2023-07,1.1754472634617958,-0.8080171487974214,0.1250573808946924,0.06158951216891523,0.25061046033088724,-0.09648241206030161,BAC
2023-08,-1.5959733265619866,-0.6841846670024927,-0.12787794978327818,-0.1036345304565723,-0.5179087529392716,-0.045235446792732614,BAC
2023-09,-0.06823793074907988,-0.8699048258547409,-0.5371832586133705,-0.11630349134655019,-0.34925884484693076,-0.03766990291262129,BAC
2023-10,-0.2484300527851494,-0.8533556164287796,0.27891783275720744,0.13207485336297173,-0.27857770218160977,0.16666666666666652,BAC
2023-11,0.9326880842390625,-0.9216463749847179,0.8030451185223787,-0.042908768819948526,0.910550632542596,0.10411622276029053,BAC
2023-12,0.720873354571624,-0.858091843463713,0.5646477574816676,-0.07981810213623397,1.200617848292876,0.010338345864661536,BAC
2024-01,-0.06425193643406196,-0.5580551202625469,-0.20169574506760113,-0.06474977124835056,0.07378718418149229,0.02170542635658923,BAC
2024-02,-0.3165176379721457,-0.5756492176848688,-0.2233997857768522,-0.16516854779184995,-0.23709103297556647,0.09863429438543236,BAC
2024-03,0.8392029497367812,-0.5938944130963029,-0.5511379978883987,-0.09357993603901811,-0.4077574045477958,-0.024033149171270862,BAC
2024-04,0.2650409061234621,0.08013874161677698,0.0032328716503335535,-0.010738866551345714,0.10816921121158642,0.08066798754599502,BAC
2024-05,0.6631307470210326,0.10912609619753902,-0.3690636860447021,-0.1374650332022188,0.1905326761619725,0.0002619172341540299,BAC
2024-06,-0.3343103149371959,0.5562802422266335,-0.5270663065861588,-0.09591374779619888,-0.6713244272141579,0.013616129876931282,BAC
2024-07,-0.10775029704938316,0.4786775166762436,-0.2365386878457976,0.07505504184292869,0.3291904414500853,0.011108240764660327,BAC
2024-08,-0.081370109898863,0.2760532812745796,-0.22651478973382774,0.09405864047591764,-0.40895577648720677,-0.02018395503321413,BAC
2024-09,-0.7569724634402889,0.5950994167735439,-0.4665074392759939,-0.004288434146450668,-0.17241663722570022,0.05397653194263374,BAC
2024-10,1.0515093563456843,0.35240445418124966,-0.21099051876524602,-0.10372041365287979,0.43907542510897984,0.13607125185551716,BAC
2024-11,0.8594364677518982,0.5920370895062587,0.1969899787612858,0.07362929451057015,1.104370821402502,-0.06968641114982588,BAC
2024-12,-0.3812193693009972,0.6270519560744564,-0.5010527023638622,-0.18382279724171954,-0.35771172896306574,0.05337078651685401,BAC
2025-01,0.09253442663415883,0.2763931854108739,-0.6689359513720873,-0.04898761581090703,-0.619929822342739,-0.004222222222222127,BAC
2025-02,-0.048165126230751205,0.3259966921104589,-0.3224388096287461,-0.17812183443540172,0.6101334901022687,-0.0890426244141933,BAC
2025-03,-0.5821919775859501,0.5026935038462401,-0.039999585276979006,-0.08676544735194852,-0.19609405766759724,-0.04434100930916218,BAC
2025-04,-0.18764274314543125,0.12306916873800845,0.050180455324293334,0.11465182318528305,-0.6298380022121093,0.10663932325044878,BAC
2025-05,0.4533833722546144,-0.043000035694136,-0.44950248789910185,-0.025988878071262714,-0.3336253951727184,0.07829511234653674,BAC
2025-06,0.18387200079178856,-0.06711710709278951,-0.7090955778030396,-0.08401206167993464,-0.562224398412116,-0.0010741138560687036,BAC
2025-07,-0.08047520938622055,0.09788943783368652,-0.5628724097804852,0.03993596614865368,-0.5023736669824904,0.07354838709677414,BAC
2025-08,0.5077983662612363,0.0912335451691847,-0.033860266934643224,-0.06366749046646898,-0.2725655096484536,0.022435897435897356,BAC
2025-09,-0.0871459967085485,0.315232210259044,-0.5699053591215695,-0.10637882966578875,-0.4162478860289691,0.036050156739811934,BAC
2025-10,0.12080594243371666,0.44093768011941614,-0.2605484527799343,-0.1831288252316944,-0.062260633385361794,0.003782148260211615,BAC
2025-11,0.040491780690224764,0.19941606820410315,-0.6717992745180646,-0.08712162353734786,-0.9007211942617519,0.03033157498116057,BAC
2025-12,0.24904861754433427,-0.02369187693208039,-0.9312138079099469,-0.027778538100502792,-0.8084930106123739,-0.0327299323459499,BAC
2026-01,-0.6254295910630401,0.14518996577841453,-0.5307567257276959,-0.17898037518674803,-0.7215886169931994,-0.06332703213610591,BAC
2026-02,-0.7510601113378911,-0.10435413720842147,-0.1098253033338441,-0.1013127542058362,-0.5225864648970563,-0.016145307769929285,BAC
2026-03,0.43806114685547404,-0.23750213406348117,-0.5667487557531591,-0.1111214665030793,-0.1644491174696439,0.09661538461538455,BAC
2026-04,-0.041566086330070126,-0.0900837847544191,-1.1006372802202316,-0.24073840418327502,-0.6206423658096472,-0.050317994762439144,BAC
2016-01,0.0,0.0,-0.35025933839287937,0.4063317337353599,-0.6876924374354136,-0.058477970627503484,WFC
2016-02,-1.0343161974316601,0.0,-0.2954502603371361,0.44379236797367805,0.2901441919316771,0.030629608621667748,WFC
2016-03,-0.9001810761097908,0.0,0.10246497994617887,0.43917465831830926,0.2101595894408202,0.0332966428178314,WFC
2016-04,0.2439348405655773,0.0,-0.15977557994227903,0.426615843987748,-0.14745805076611562,0.022902796271637715,WFC
2016-05,-0.11784074550124247,0.0,-0.2908674809178839,0.5198088195267286,-0.15627097513195704,-0.0669096589429834,WFC
2016-06,-1.1188726593596514,0.0,-0.12592410393161146,0.6283803326957517,-0.37158271293441425,0.013392857142856984,WFC
2016-07,-0.5722446145968255,0.0,-0.20786185170272128,0.4504894848974376,-0.37768913994442344,0.06745594713656389,WFC
2016-08,0.9831171401225158,0.0,-0.05986124054831799,0.5761334933515018,0.06834806439299151,-0.1284498323445964,WFC
2016-09,-2.751309793167451,0.0,-0.30092289293126245,1.3810997658048008,-0.8816478986514773,0.03936075762059765,WFC
2016-10,0.7781400608678006,0.0,-0.4183442878816444,1.0126724836693368,0.01288884724497042,0.15973804100227795,WFC
2016-11,1.1135786542358326,0.0,0.7437352417138071,1.1077957246924885,0.8533126448845121,0.04124723790817586,WFC
2016-12,0.15967510071340135,0.0,0.35327450810079625,1.0316097760479566,0.11981945358910571,0.022164583824569872,WFC
2017-01,-0.004590110496852225,0.0,0.5751440934179609,0.7490927983285508,1.1686843814814118,0.03460207612456756,WFC
2017-02,-0.131549118291203,-0.34872667503995747,0.019501513707896316,0.3321215015974482,0.09453540900115785,-0.03835005574136008,WFC
2017-03,-1.0686644521156883,-0.23159619057462127,0.43085129637236186,0.5120906117785601,0.34777712717294523,-0.032691861813123224,WFC
2017-04,-0.9551304478109576,-0.26593522513398715,0.8456629753034847,0.798336421999781,0.23275127756751723,-0.043384467881112276,WFC
2017-05,-0.8507759260878088,-0.45551681180291004,-0.2205973198283549,0.43562767620486575,-0.3930266615231261,0.08343773490353312,WFC
2017-06,1.3396017421555417,-0.6812818471473091,-0.1393943575812232,0.2656692675017025,-0.012966374366469385,-0.02659574468085102,WFC
2017-07,-0.9061284316861888,-0.2769520770722941,-0.4910349314884423,0.24527584584751227,-0.572669028885333,-0.04632929436920885,WFC
2017-08,-1.1573091254569192,-0.3418048383349465,-0.6209329629497276,0.4563736510487345,-0.20062106211157293,0.07997010463378174,WFC
2017-09,0.8353602247946149,-0.6903009230825454,-0.2352265646224735,0.34021428856384783,-0.10504408386660095,0.017762399077277946,WFC
2017-10,-0.21425537180229132,-0.057783409255127205,-0.37692626514561983,0.2427839974961526,-0.37018415017612305,0.012919310970081588,WFC
2017-11,-0.4096771889147112,-0.27580800198556116,-0.1417320315919012,0.27614187020509057,0.030423745348209397,0.074513313940479,WFC
2017-12,1.4627943304063098,-0.7859142063410205,0.31876132737440294,0.5961301271708959,-0.0012924955366737127,0.08413161182840478,WFC
2018-01,0.09260748956191105,-0.6422154253153399,-0.842998538884024,0.09108594266794152,-0.5106239683159498,-0.10679984633115636,WFC
2018-02,-1.1970916305068935,-0.5635375909932244,0.8083306295168627,0.5736209079609987,-0.5031520993098311,-0.1025806451612904,WFC
2018-03,-1.2006739735222236,-0.705963306931503,-0.28723928484810074,0.11870992418314555,-0.6012943846586887,-0.008626887131560013,WFC
2018-04,-0.33220382121419034,-0.8091535886158168,-0.6095659012461423,0.09745133336505174,-0.7008458832020148,0.04689388445733633,WFC
2018-05,0.15530191803316792,-0.732829597605584,0.37253033048426376,0.15500664591651525,-0.21297012133520996,0.026783652736088515,WFC
2018-06,0.3927793461753067,-0.49300042093215873,-0.5312937241799437,0.008198644726431281,0.2843472270647541,0.033505734202833315,WFC
2018-07,-0.035993633500504676,-0.6324609587550851,-0.222515333946403,0.2514143591781307,-0.043255917008352844,0.028067885117493363,WFC
2018-08,-0.10915475482972646,-0.5491560411737885,-0.8293396962598719,0.1799090114342229,-0.6984744323633155,-0.10116402116402123,WFC
2018-09,-1.8600369175320774,-0.3299859773847426,-0.3894268997850973,0.21369855012439767,-0.6920455394570679,0.012714857546503477,WFC
2018-10,0.7910826926023098,-0.8338390501103835,-0.6496738946326177,0.025292088076496952,-0.3433831075244362,0.02790048825854452,WFC
2018-11,0.10212075814963238,-0.6437533648559208,-1.0962509251967145,-0.012997086396936492,-0.8469112399276354,-0.1510970368694865,WFC
2018-12,-1.376052328342238,-0.4599508939159432,-0.6600057211089282,0.25529300207058886,-0.4930584768754991,0.07114308553157489,WFC
2019-01,-0.14674481696635644,-0.9346962884125629,-0.8008489760144766,0.028534533682991997,-0.6669864949023678,0.020149253731343242,WFC
2019-02,-0.36997724975007307,-1.0918954990524063,-0.14120840853877958,-0.06529575088480691,0.24506999960560333,-0.03169958546695917,WFC
2019-03,-0.9585862073613634,-0.8534409210496637,-0.284698727988148,0.11553007778797311,-0.3209150752757348,0.0020146058927221766,WFC
2019-04,-0.5169929960672982,-0.6810555834868189,-0.4490844183864092,0.3926105789458824,-0.43553136048885427,-0.07464186981653675,WFC
2019-05,0.09989875965338334,-0.7652737580496896,-0.6881189471459904,-0.05836115263524724,-0.3010927297379851,0.06653992395437269,WFC
2019-06,-0.3126029369977932,-0.7743284258065991,-0.2176835131888445,-0.08720468807110657,-0.5341640490305563,0.02317290552584672,WFC
2019-07,0.11162730796378507,-0.9593203927368623,0.06246369418411607,0.03455750878010054,-0.1194443283823494,-0.027376804380288777,WFC
2019-08,-0.01603832966180421,-1.0060351876170162,0.06983092019477151,-0.04422257606187767,-0.42412270725539697,0.08316274309109528,WFC
2019-09,1.1732520347179816,-0.9093814022612214,-0.10070712714092997,0.37211253370705827,0.6160870138841241,0.023623907394282995,WFC
2019-10,-0.11389155778384605,-0.2315517360807803,-0.750085455833874,0.24627973360020558,-0.6294607382065758,0.06485114239556888,WFC
2019-11,0.3572942852747351,-0.7659138850907837,-0.8249948466547735,0.028964791168682,-0.9312737977535261,-0.012136974425661085,WFC
2019-12,-0.878553630352984,-0.7497508887482126,0.19556311097893836,0.14796959411375465,-0.11438435190427468,-0.12746818780166724,WFC
2020-01,-1.3316555680060218,-0.5024528283761813,-0.0846193972394139,-0.012268375984278337,-0.45507297823918014,-0.12044254463163206,WFC
2020-02,-0.681705690809501,-0.9643932954023989,-0.4711448965929385,-0.26900692005099053,-0.3638434944218618,-0.2973127501429388,WFC
2020-03,-1.3774608589192718,-0.9381458910912178,0.5818237783131927,-0.23652682830776572,0.11588336299101436,0.012205044751830707,WFC
2020-04,-1.2988217187019584,-1.2055711891853136,1.186220430518146,-0.1617921767808517,0.4283094964053414,-0.07033762057877813,WFC
2020-05,-2.0360112981545178,-1.0353999570602042,1.913637620032943,0.04441779284791429,1.1980861918717676,-0.03285776048421951,WFC
2020-06,-0.7051334568557552,-1.0138560814804878,1.6612734887673588,0.16106718432285946,0.4078546692878804,-0.0523021904336165,WFC
2020-07,-0.9466449905515751,-0.9578752691071494,0.981100827988956,0.019931534516539975,0.6308659428272843,-0.0004716981132074638,WFC
2020-08,-0.7508486283136211,-0.8787868110523893,0.1777322920665078,-0.2057189830557509,-0.20016648703265527,-0.026427560169891562,WFC
2020-09,0.151291658519173,-0.6193964659844542,-0.01744358257354656,-0.12137716832715315,-0.19291991681002704,-0.08773630634997576,WFC
2020-10,-0.9298931856348907,-0.7282737270268571,0.5269094545360147,-0.27735490326436385,-0.5672646287691585,0.2810839532412326,WFC
2020-11,1.1029136932292063,-0.9689229232004457,0.9232894254959637,-0.20678029726900843,0.7827859403443137,0.1036914143508918,WFC
2020-12,0.8811906110261744,-0.7594707813976527,0.6839895073400456,-0.24634776549595253,0.6303641614214843,-0.009770762871101013,WFC
2021-01,0.13043261623843197,-0.7278845646588402,1.3978815784357639,-0.12009001709092673,1.112336335603534,0.21442125237191645,WFC
2021-02,1.6025429442131305,-0.8280060177204585,0.8815359932498671,-0.11907660604789491,0.9788640576035196,0.08000000000000007,WFC
2021-03,0.5055831819142396,-0.8493649688968132,0.2319221468546224,-0.21885904498572256,-0.11218792224286676,0.15306712962962954,WFC
2021-04,2.271107414555732,-0.42592597593390924,1.048087757799065,-0.05188745579363832,1.599919283208567,0.039648682559598525,WFC
2021-05,0.3928327855355397,0.11125674311932841,-0.6071218754122663,-0.1465282788103689,-0.57306124911933,-0.030654115375331914,WFC
2021-06,-0.8225098210454183,0.6804650698421114,1.3890452862134244,-0.10449042530282315,0.40724167659699073,0.014193227091633398,WFC
2021-07,-0.013702899217227883,0.8495066905647345,1.32919654525886,-0.135842698423309,0.845219693943154,-0.0007365578197886524,WFC
2021-08,-0.5051007464315587,1.5503386252718085,1.5989351434196764,-0.01547989454296066,0.7294819370022522,0.015479115479115402,WFC
2021-09,0.7456254435964236,1.850476698579809,1.2866929296804577,0.02176766364664861,0.5872218285837162,0.10234696346479555,WFC
2021-10,0.4269258828119369,1.852577637624007,0.8678361359286874,-0.15611460239295175,1.8873996596598133,-0.06255487269534687,WFC
2021-11,-0.5700805872003464,2.1148260425317496,0.29005228056494364,-0.24798000999986966,-0.17846894849957104,0.0042144696792321135,WFC
2021-12,-0.4573650970666058,1.5092385331808789,0.3742372743433163,-0.32196552331478456,-0.14837890987330085,0.1214735369550013,WFC
2022-01,1.3964134461642166,1.1969092716860519,0.07689502210528723,-0.01081759516308654,0.5674797384958784,-0.0035343035343036178,WFC
2022-02,0.4396341990304864,1.932030503998054,-0.26501515730936176,-0.08721277446748671,-0.36362889129725295,-0.09200918005424574,WFC
2022-03,-1.471426285833772,1.2723970384311347,1.0386854903630114,-0.08454249869940969,0.7773478067464639,-0.09972426470588247,WFC
2022-04,-0.1197416421371286,0.37255594281227644,-0.35712177715659704,-0.27017532807405736,-0.7705021041571153,0.05487493619193473,WFC
2022-05,0.44890266538357715,-0.11063366752981935,-0.36668647664003606,-0.36535814632761227,0.39253910513615003,-0.14420517783692233,WFC
2022-06,-0.7016391128669277,-0.05428873410508972,0.4218074559589452,-0.4254851535967312,1.4566818715604408,0.11987560079163129,WFC
2022-07,0.3578912893193283,-0.08384875130281469,-0.18174178779690994,-0.46284436076333896,0.5792714745456933,0.003281999495077015,WFC
2022-08,0.6375228354294434,0.03649715221679277,-0.3902436587479781,-0.6667009815640452,-0.7226528222844368,-0.07976849521892304,WFC
2022-09,0.2870144918215248,0.20548222563175975,-0.2717160804502864,-0.6424852212958313,0.07488202601635612,0.14328684714246664,WFC
2022-10,0.2786679117602858,0.12885476223830972,-0.34419884025710945,-0.5360473055509886,-0.16745274820788628,0.04950968667782818,WFC
2022-11,-0.36375570470361634,0.07667138568725076,-0.706846050350686,-0.554213425393532,-0.5508207663198489,-0.13901549680948044,WFC
2022-12,-1.2220968329766728,0.1640012653443767,-0.23068733172071554,-0.42549939793256164,-0.704569101573529,0.1352567496029644,WFC
2023-01,0.5094005855091652,-0.02869017453167632,-0.6518817700064277,-0.48154832146451876,-0.4254466398544844,0.004196782466775462,WFC
2023-02,0.4652741921341759,-0.2646314567082585,-0.6927660374087351,-0.48115251095024925,-0.6296614819248378,-0.200835848618528,WFC
2023-03,-2.1489770796350545,-0.27979834346106625,1.3743691662696884,-0.1575776716768049,0.34616198702055156,0.0633352701917489,WFC
2023-04,0.876341856792052,-0.9834274624333923,0.2861886473588167,-0.2558154359684105,0.23240275500033705,0.0095628415300546,WFC
2023-05,0.04218309414446041,-0.6282940872348189,0.6950604457437447,-0.29873619987697736,0.4265453475967993,0.07198917456021636,WFC
2023-06,0.2461501260605753,-0.6110573902621945,0.18205479868374097,-0.6510152106393566,0.7666449631553087,0.0815450643776825,WFC
2023-07,0.6018374983914039,-0.3417034443999422,-0.16327742046659552,-0.5861909293158556,-0.4993686887664647,-0.09850606909430448,WFC
2023-08,-1.6377699844692675,-0.34413643119912607,-0.5980848105906642,-0.7187442011801308,-0.6743926169164928,-0.01035732780942511,WFC
2023-09,0.7135091499714245,-0.6411653956154787,0.10039696402602866,-0.5602727617526602,0.43971320435815997,-0.026687598116169386,WFC
2023-10,-0.057529811115173815,-0.5942676443760712,-0.23256956447267438,-0.7022880229688481,-0.11594768761025041,0.13118279569892466,WFC
2023-11,0.45776188203727924,-0.6113300877246468,-0.08803429222596217,-0.6411988123567902,-0.20956407508749172,0.10361216730038025,WFC
2023-12,0.7132680977526129,-0.5447208950649796,0.4060393735928278,-0.5089883100286601,1.1121758900104657,0.01959517657192089,WFC
2024-01,0.049767689901727266,-0.19234190959340233,-0.12763170352453224,-0.5510784805339792,0.13165970113592304,0.11552270327349512,WFC
2024-02,0.9987910860796819,-0.3071100654786129,0.5652653951842669,-0.36444751881379184,1.04481392557273,0.04259750094661108,WFC
2024-03,0.03467474727545394,-0.21550028862381296,-0.8046675146559812,-0.3929962175694718,-0.7130218743837082,0.023606319230070838,WFC
2024-04,0.9659927180839286,0.6555987433360608,-0.5804638265999735,-0.32272551775341,-0.13640100769937882,0.015788540003548013,WFC
2024-05,-0.28094033460546103,0.7219305106174085,-0.5568565433165411,-0.42900711862052,-0.8483928393668715,-0.008732099196646859,WFC
2024-06,-0.4669421756227362,0.7464179142956481,-0.014395678739656317,-0.3189416293622457,0.07301607411364794,-0.0008809020436927328,WFC
2024-07,-0.30585119233598884,0.49501535343596037,0.1384413448738451,-0.5004045768984959,0.0372096251239974,-0.007229765473461547,WFC
2024-08,-0.3455241821471613,0.36787569972791273,0.1447564494670083,-0.48699332254730804,-0.540687319760168,-0.03392539964476016,WFC
2024-09,-0.9790837058248637,0.6159025651320382,0.8102066379987762,-0.3267732400587826,0.6694426107231558,0.1492921492921493,WFC
2024-10,2.7439970639498985,0.17223910170032508,0.041743278237487816,-0.3372072577516927,0.6651658276658019,0.18013117901135822,WFC
2024-11,1.4164668663855369,0.7136911441579974,1.6245292079401612,-0.17818692157525776,2.604841999305941,-0.07794496407753826,WFC
2024-12,-0.4724925543725024,1.0650895977937205,-0.27377590973647115,-0.4278639560487923,-0.24169514899974728,0.1218759188473979,WFC
2025-01,1.103944330751407,0.6250683664055003,-0.22714109691734943,-0.4732503695898506,0.9566054839171895,-0.0010483553924780509,WFC
2025-02,-0.009249193505168823,0.9272405549211901,-0.5211723158715924,-0.41048144142951226,-0.4565030884355095,-0.08343171979535613,WFC
2025-03,-0.49464451781376406,0.7829147862394579,0.26810641869644747,-0.5167404011510478,-0.027752047593781106,-0.010877343638185266,WFC
2025-04,0.24796438902606335,0.6989218746607181,-0.12538549829681028,-0.35291094697728354,-0.48153615543626926,0.05889162205180165,WFC
2025-05,-0.060948069226258825,0.3911622072086497,-0.5225931698638273,-0.4613357879190359,-0.5259432662573272,0.07133096474446576,WFC
2025-06,0.10114481855228134,0.4172274170632345,-0.17907108701291405,-0.34400590684943877,-0.10194117016297098,0.0063775510204082675,WFC
2025-07,0.0167650999302411,0.6456098766736337,0.23084534399322926,-0.2009277481517881,-0.25114378166642004,0.025221799746514506,WFC
2025-08,-0.2608410682443214,0.7281930917534166,0.10158151396733077,-0.48343268204595374,-0.5484426673973722,0.0199035727531216,WFC
2025-09,-0.11173136256096146,0.9301867044941305,-0.270886319759753,-0.5335202156368275,-0.3478993845238228,0.037696969696969784,WFC
2025-10,0.1356169665973527,1.0715841328951115,0.42191954541348103,-0.41430910355429246,0.7055345555064104,-0.0077093797453567925,WFC
2025-11,-0.12721275152233816,0.3756317576679423,-0.9501829167256701,-0.5092432326426358,-0.7728563190598543,0.08557975279576224,WFC
2025-12,1.1474452695493704,-0.03598058693663439,-0.40904871935280984,-0.5269998058350885,0.030259579645453377,-0.02906094122749936,WFC
2026-01,-0.5928749973174268,0.3389716368676914,-0.28711134080819506,-0.4752193201354121,-0.512368469864323,-0.09548805003350469,WFC
2026-02,-1.1365479816682296,-0.10842985094050452,0.13563864890907315,-0.610789699812343,-0.6370535450644271,-0.02259538214594392,WFC
2026-03,0.33619576676408713,-0.3207401900880662,-0.1970642148823162,-0.4649990225482068,0.09233222366886312,0.03284487114704415,WFC
2026-04,-0.3401596196453175,-0.21803459024528551,-0.466366645300411,-0.49616165051809824,-0.5334988707751808,-0.0625,WFC
2016-01,0.0,0.0,-0.027102123977955164,0.025188334097312227,-0.41844441437206115,-0.07045575591569664,GS
2016-02,-1.2863604124783954,0.0,0.27713201816406463,0.29488500004813256,-0.10463155824056496,0.0498485716624375,GS
2016-03,-0.5557157448287311,0.0,0.05332241268738309,0.05015570465214065,-0.017403829977365493,0.045454545454545636,GS
2016-04,0.426306296944749,0.0,0.05265071478931947,-0.10943305101088577,-0.007333681254779558,-0.024237452457304798,GS
2016-05,-0.76775502364146,0.0,0.5986961437990979,-0.31884367476482356,0.20008964761356898,-0.06832772852338731,GS
2016-06,-1.1434127388879698,0.0,0.4770440720477959,-0.15950174480465087,-0.017638129558581163,0.06882690730106633,GS
2016-07,0.2915230419403546,0.0,0.24566913442915575,-0.2084597881466309,0.06686496549922263,0.0712257272238852,GS
2016-08,1.0539067155283564,0.0,-0.007104053994603192,-0.5170927351233836,0.28507578797996674,-0.0482911800530198,GS
2016-09,-1.0331435535250046,0.0,-0.04368337208981959,-0.5639709969443969,-0.7533406801004637,0.10517202439208018,GS
2016-10,1.9215088490262613,0.0,-0.28558312968534244,-0.39575297838230805,-0.09606573909250357,0.23412806539509523,GS
2016-11,1.9195218465315504,0.0,0.3242793452831544,0.2731719282938794,0.43149834798762543,0.09190263288623957,GS
2016-12,1.1362967796016459,0.0,0.3270686463439684,0.7815142705988717,0.24577726164816543,-0.04226064098675553,GS
2017-01,-1.0338065670009617,0.0,0.29883885587509207,0.5686283602824703,-0.7431413948579249,0.08450332524015614,GS
2017-02,0.6732914599068635,0.12631787385876103,0.3213146757699443,0.2990493351554057,0.933172894539049,-0.07392806735776514,GS
2017-03,-1.801336614556575,0.28623727300381335,0.30082684398530435,0.538157132434534,-0.3236962181710057,-0.025751524069791865,GS
2017-04,-0.7985247727275776,0.2140345109184062,1.0316984697957743,0.5939307401232468,0.40059962461365445,-0.05604703851548165,GS
2017-05,-1.0255744129863036,0.1250547479515427,0.44392752118918505,0.09320964931608099,-0.1525828542008838,0.05034573404194531,GS
2017-06,0.7548220327235986,0.11062170564173444,-0.16192695424744977,-0.04189658389015648,-0.33443492903371413,0.015505984766049918,GS
2017-07,-0.1803249082132019,0.4944907944299976,-0.2237185086488367,0.022119212550612978,-0.15110434773813103,-0.0036967586391641882,GS
2017-08,-0.18271088481217498,0.4269373252912899,0.22036430071597002,-0.05189414641767009,0.4460677645671588,0.06012045601204541,GS
2017-09,0.4901944286115075,0.2074352372884679,0.29897209514498435,-0.22295692821700558,-0.08440561931111018,0.022268438673024304,GS
2017-10,-0.1531668033865595,0.556013894228504,0.1352538384265489,-0.20697545479887078,-0.23932024740325503,0.02446285912767343,GS
2017-11,-0.2118096954067009,0.04671785116998748,-0.4076912816396573,-0.25024115075523234,-0.15891404173552143,0.028770706190061057,GS
2017-12,0.315089818106177,-0.6392923396453547,0.040419746646447936,-0.22089235033420462,0.434660601617382,0.05155367231638408,GS
2018-01,-0.2902120189990303,-0.8658470548617755,-0.24462137547444623,0.024644369691228147,-0.5396303686428995,-0.01576001790911119,GS
2018-02,0.3135871137525123,-0.6361766127765602,0.26082812335201194,-0.17474350711880843,0.28282733753811434,-0.042123459036528366,GS
2018-03,-0.12769935320463846,-0.6109850142797228,0.05360907595590652,-0.36883570629582413,0.2178636687524621,-0.053711354893859586,GS
2018-04,-1.1471863569862217,-0.3564739325898931,-0.684198503562818,-0.05356300652726234,-0.5335099098972458,-0.04888085917896201,GS
2018-05,-1.249174558432737,-0.4584475926352913,-0.46083821591707763,-0.3064030313643808,-0.505087327970212,-0.0235331363444492,GS
2018-06,-0.46655828872360094,-0.5000564340642597,-0.7284904360894133,-0.48885817321771724,-0.6197827178729521,0.07646168810115639,GS
2018-07,0.6616014187158765,-0.6996151399293906,-0.6519713590411654,-0.313347112450998,-0.12545631562091292,0.004919431755433967,GS
2018-08,-0.4401463018897231,-0.6457510149748427,-0.04782118489231612,-0.3277632710887767,0.14189610833706423,-0.05709575902892261,GS
2018-09,-1.125939548811129,-0.6632815834143752,-0.35882850424142654,-0.5771131400133649,0.18755750375859645,0.00503284594193687,GS
2018-10,0.7157028992734882,-0.900878171128289,-0.34060306870411566,-0.557048362203087,-0.46765527888350217,-0.15044014548521434,GS
2018-11,-2.0168686567556198,-0.7984805115042152,0.3216837032195409,-0.2895028179362875,-0.5719455939687516,-0.12396848048644282,GS
2018-12,-0.8454754513935385,-1.3459857908022317,-0.32579833951511183,-0.3737254364653347,-0.6709408494159645,0.18535307033075998,GS
2019-01,1.0846179669840341,-1.4465131604221566,0.39499527751857116,-0.31629571865387907,1.5157567846999984,-0.002629063097514539,GS
2019-02,-0.8811667372676747,-1.2034561701664828,-0.1333933580623363,-0.7387014050300627,0.4062344500806026,-0.023963575365444578,GS
2019-03,-0.8074109241247538,-1.4082299915224679,-0.1671726477800293,-0.6602865575621512,-0.31663412447697364,0.07261232506751791,GS
2019-04,0.26443561067612176,-1.353431596299936,0.20803818918477165,-0.5097350195171647,-0.07727196060285055,-0.10981402002861229,GS
2019-05,-0.4189156447352214,-1.0695096990271644,-0.3388010025777714,-0.8814522131914322,-0.6724533362777702,0.12111082540498841,GS
2019-06,0.7554493037343463,-0.8900307620172088,-0.26426451082789726,-1.0315160267433108,-0.03380082231855572,0.07591743119266048,GS
2019-07,1.130560289660869,-0.7221923753851313,-0.33184003333013506,-0.6989304109097094,-0.1422365618892312,-0.06784267746749084,GS
2019-08,-0.6273906835581606,-0.7034890547267864,0.09647405501898267,-1.1363124993733702,-0.5374164897451521,0.016294094105540058,GS
2019-09,-0.08611384658811366,-0.7084642289152476,0.08288181999690157,-0.838049914438044,-0.146167585094842,0.029646714671467178,GS
2019-10,-0.02740338153446565,-0.5146078099132592,-0.5526914276939326,-0.5675463066286814,-0.3596155113667826,0.043216958968474994,GS
2019-11,-0.06625386037713912,-0.9913859399407632,-0.5590582991117964,-0.947276482892473,-0.3670127122615781,0.038755630040850475,GS
2019-12,0.05742749302991188,-0.0002074676155775213,0.707962160377335,-0.7429671813751583,0.7901513675060594,0.0340324694968237,GS
2020-01,0.31622464816399326,0.2696341190191975,-0.1720972740109445,-0.37144427718337797,-0.4078972365011773,-0.15042176605392754,GS
2020-02,-1.202191064166218,-0.0715266155708645,-0.5943254321042584,-0.5998720278468488,-0.543543672299233,-0.23002754820936644,GS
2020-03,-0.7982769442505339,-0.24065445252143863,0.44573566543795756,-0.7173744523421386,0.8204478186404134,0.1864937388193202,GS
2020-04,0.6231705685346624,-0.4584041840359413,-0.06748518241053228,-0.6787861868397814,-0.21086581073539828,0.07796205553461477,GS
2020-05,0.5710050784126232,-0.31225628187943744,0.9635268453097731,-0.7144464684617972,1.2675122825695724,0.005769566991083552,GS
2020-06,-0.18723532990046474,-0.16485670181689766,0.8055007079553217,-0.6435162570666576,0.12395269383162441,0.0016803801135705232,GS
2020-07,-0.3946827553602482,-0.24766464485115192,0.16813224475914687,-0.3393852857929937,0.1256095267700732,0.041187019147336246,GS
2020-08,-0.3878878213158868,-0.3551954374494553,-0.46950322314167,-0.5844308154588278,-0.5156871027398083,-0.019001055614200846,GS
2020-09,0.2787288022587447,-0.26730731368227906,-0.07312715264409944,-0.5033165515629843,0.5125687343628558,-0.05940986577561291,GS
2020-10,-0.49548798997593807,-0.2794661354395247,-0.6043354843093693,-0.5294168909968758,-0.19139767804057,0.21977360308285165,GS
2020-11,0.5595466391877694,-0.35773676886812344,-0.303632960048605,-0.7117485212827495,-0.06467472103241409,0.14991608253529454,GS
2020-12,1.6054356095597855,-0.2428842644646235,0.594884933320024,-0.6559471053803653,1.2567902531352533,0.028289332474779938,GS
2021-01,0.8428933721931355,-0.142314031248027,0.019170208421278354,-0.32582540708404534,0.44778405656247816,0.1781330884194705,GS
2021-02,1.2409836136121455,-0.11459669414070707,-0.19422426161097178,-0.41715213103801607,0.5499663986650737,0.02753268842351453,GS
2021-03,-0.37401171046059245,0.41817409612401407,-0.3375622165317444,-0.49415267658995393,-0.1617855042461148,0.06562521553210554,GS
2021-04,0.5515114105342933,0.6702329962034714,-0.15303365688364232,-0.2793762840347622,-0.37980836330313844,0.07122746836671956,GS
2021-05,1.0606527066608804,0.8096543367478806,-0.07119517852453855,-0.3665344399697781,0.002977001758312906,0.020210259198840008,GS
2021-06,0.026221944015282373,1.0106709393776998,0.5204098998726369,-0.2895642828097034,-0.007023923032647343,-0.012259038820289558,GS
2021-07,-0.5063995136747789,1.3093570772127934,0.4218358534557157,-0.3620572415935841,0.420427376970668,0.10840303384596939,GS
2021-08,1.7689530202365178,1.5783941783301916,0.1369403932981476,-0.28850598064484206,0.5697056121084941,-0.08581938171097836,GS
2021-09,-0.9487786712118899,2.3086318794088365,0.23554052017361465,-0.3839091399195243,0.10478729268101186,0.09343195266272186,GS
2021-10,0.3262509112609514,1.5803419453787948,-0.04068329879108749,-0.33502219750706136,0.24806898119459564,-0.07827804534877436,GS
2021-11,-0.7228166982140941,1.6467494160072655,-0.28803235346557227,-0.4455601347277447,-0.3924025092827252,0.009393805959195811,GS
2021-12,-0.38549100866315816,1.2129397915911908,-0.07249360898363766,-0.49546174386792186,-0.4155277379842967,-0.07285153409917122,GS
2022-01,-0.4999964001975988,0.6860761885785007,0.22972272010127218,-0.26109858012076415,-0.3878376458255163,-0.037766624843161956,GS
2022-02,-0.06449770950128812,0.16441159922930268,-0.47171375538699817,-0.5587585016112587,-0.5516008974205255,-0.02708958143173823,GS
2022-03,-0.5837847709709367,-0.377920272682676,-0.49609215503836485,-0.5902921851191865,-0.2680826898295381,-0.07455185123136199,GS
2022-04,0.13175453185941857,-0.4164118760736312,-0.3053630820646469,-0.4950740279911481,-0.5753258223514504,0.07646632874728465,GS
2022-05,0.7285483014924354,-0.4330457770785972,-0.8065973662611523,-0.7651483775974341,-0.6798625066163924,-0.09124848647921435,GS
2022-06,0.013191035000806518,-0.39239034711925835,-0.093612016797841,-0.6203826288961187,0.6038956238909843,0.12243236241163613,GS
2022-07,0.38783752428024865,-0.4015309055994121,-0.03030204379265836,-0.40019489090646304,0.33076884539134155,0.0053747485738779854,GS
2022-08,0.673857312575321,-0.20023940595420786,-0.8035707667070336,-0.6294999492613288,-0.06711173924225985,-0.11908822564775334,GS
2022-09,-0.3006250986233207,-0.3119495244194365,-0.3719354460615812,-0.7896109858020218,0.12619276493300144,0.17558360326147682,GS
2022-10,0.550473199262024,-0.21392018904055315,-0.34457042974688945,-0.5857038296289588,0.10381623149958459,0.12823436262866195,GS
2022-11,0.628187008887332,-0.1288597236230171,-0.9733699126835008,-0.3312933253848543,-0.48726920017118064,-0.11076802155849996,GS
2022-12,-0.8264074051620426,0.21843981114123817,-0.531802657343679,-0.5796227884542114,-0.6450231533221792,0.06531346675926519,GS
2023-01,-0.14068957240498903,0.09728486507110472,0.1883324634027432,-0.06083445850354042,-0.840858394678928,-0.038699736272853835,GS
2023-02,-0.201745585715705,0.49848452549994654,-0.4754603962954288,-0.41027617447229275,-0.7066209893931685,-0.06312998982768725,GS
2023-03,-0.8509973013136413,0.5418575337063876,0.3785055922988715,-0.36927101052508426,-0.555134632684941,0.04994571118349622,GS
2023-04,0.6424054429095899,0.3719041596878641,-0.9569017813187147,-0.5013345962920805,-0.8604913120144974,-0.049732067312212136,GS
2023-05,-0.48978253554761775,0.38781280775475907,-0.37833388289627357,-0.769489103875519,-0.2803681712857106,-0.004188101833531133,GS
2023-06,-1.065119565292955,-0.1494165080276675,0.05645848142039003,-0.4874439806385631,-0.1992598918608629,0.10332152200549727,GS
2023-07,0.9700290604093983,-0.3477706593289339,-0.23295535294079295,-0.4152712580728467,-0.3407073744497785,-0.07146501785875081,GS
2023-08,-1.07926350389728,-0.29106804554357474,-0.44099949018150014,-0.6492633823715807,-0.42777749183498776,-0.012606671838634731,GS
2023-09,0.6630930673491853,-0.530055587038054,-0.18967137857705074,-0.7555140113219789,0.3997518263827882,-0.061710207555817354,GS
2023-10,-0.6663113674331137,-0.3820111054050501,-0.24090662607173907,-0.606751583916007,0.16850000154404746,0.13418931649279497,GS
2023-11,0.4980020098342603,-0.5708251148450701,0.13198059215217617,-0.6493126161430686,0.3799365977196723,0.12951056695480978,GS
2023-12,1.1040266476319949,-0.6627174188050642,0.42848798617414624,-0.6299914801063452,1.0978658147458498,-0.004548301876515004,GS
2024-01,-0.24761599120826938,-0.3341282758014545,-0.8397737179258884,-0.4854331646842018,-0.8662424605703398,0.020300957592339408,GS
2024-02,-0.33620814785458714,-0.35583914535251415,-0.28789193466526386,-0.5233098700362568,-0.4264835727538439,0.07363509599914186,GS
2024-03,0.48028590779978153,-0.37555274361707336,-0.19139093213983474,-0.5624393666048377,0.4462491018475365,0.02157949947549831,GS
2024-04,0.9361707442634805,-0.04429498196847537,-0.12851403110184162,-0.389244483213403,0.09470426745900205,0.07635323456065723,GS
2024-05,0.6003460952997927,0.05227628344024079,-0.6116349673848039,-0.36408124421981564,-0.6743710857864305,-0.009199318568994919,GS
2024-06,-0.4738321090778984,0.4611511760044653,-0.22953615449845244,-0.5131941080227271,-0.2212104450318584,0.1253782668500687,GS
2024-07,1.4194712414522557,0.5272995456938572,-0.49196977335661196,-0.2679639271551883,-0.4684586419030594,0.008311434333557521,GS
2024-08,-0.12165735805838267,0.8777697374600393,-0.022945389301723837,-0.3558803249112624,-0.33478359025736476,-0.029658363133119203,GS
2024-09,-0.9101130256894887,1.0673732536917864,0.30063161096531865,-0.5149419508655628,0.17138794590808248,0.045805659080971894,GS
2024-10,0.9064218852332724,0.5782235731463542,-0.43725532643370907,-0.4438769740422046,-0.389606888787427,0.17531704792052394,GS
2024-11,1.355603911457875,0.8919983621460611,1.5620972646679836,-0.1410485629188037,2.6000901739139723,-0.05440840179554507,GS
2024-12,-0.21236744239281305,1.2325827034855434,-0.23284065857772002,-0.4437801857642329,-0.24145462053043326,0.11837414685703007,GS
2025-01,1.052244162420526,0.7787153687484849,-0.1460321020835258,-0.09407548354734543,0.6790538683410252,-0.02346590636062207,GS
2025-02,-0.28411891934648664,1.195472821672729,-0.014758949620106756,-0.15521168066904628,-0.15700016571933456,-0.1221172456779187,GS
2025-03,-1.0982583289627064,1.4278183144421668,0.2910219168815684,-0.18906825638371919,-0.16707918450508252,0.0022981633377552324,GS
2025-04,0.4194741353020878,0.9764183332187631,0.4027242140388902,-0.18800407304143957,0.4626392894703238,0.10208038177615397,GS
2025-05,0.40427510355816404,0.6958817305793624,-0.13359092202446346,-0.23546803453299608,-0.0684057932439041,0.17868741542625166,GS
2025-06,1.376433219604791,0.6303937759085382,-0.39347843961234436,-0.3238784832431209,-0.30026321378671184,0.02238677458240068,GS
2025-07,0.22567705140551078,1.3752439774909597,-0.5478322843801845,-0.1904601603106665,-0.3500553454247796,0.03544158104542139,GS
2025-08,-0.09829437605956777,0.9294005883972735,-0.0241881024406519,-0.36241616565914436,0.14666512520803246,0.0685653865444833,GS
2025-09,0.360707461433459,1.1345004151162061,-0.263303009826943,-0.3680738472400365,-0.17301822319454518,-0.008766031943369668,GS
2025-10,-0.2822596580788317,1.493594908949218,-0.2971018345759703,-0.21263721893315662,-0.054267469801145767,0.04645745878980234,GS
2025-11,0.6632847622609008,0.910667430033491,-0.0680499625122038,-0.2917065589141712,0.005290373129016223,0.0693809162732677,GS
2025-12,0.8840342201022381,0.6204257695515091,-0.13924040257708922,-0.11844523434608267,-0.4206758151740631,0.06418188680108416,GS
2026-01,0.2344593537792155,0.8788856392853376,-0.007254670954911805,-0.0814537632054186,0.1639013627814936,-0.08107381973326444,GS
2026-02,-0.9637763685738547,0.48337213279592084,0.5858280047836238,-0.09148980602261228,0.10963452097599335,-0.010619013648005438,GS
2026-03,0.5253373577035104,0.33247691283262565,0.18317062840366474,-0.17844988503485953,0.7144666073650902,0.09193962103570952,GS
2026-04,-0.06345947705672708,0.716365370890082,-0.5667097554617202,-0.21343079596742964,-0.23940016088182478,0.09158123775398641,GS
2016-01,0.0,0.0,0.21043820972330846,-0.772901345974633,-0.46429897375934953,-0.04580573951434885,MS
2016-02,-0.7676590093992237,0.0,1.1754953389463996,-0.774824003511377,1.0226434192082856,0.012724117987276129,MS
2016-03,-1.2211047778746384,0.0,1.1276203320039089,-0.756210151271172,1.2590426456852954,0.08794974300399772,MS
2016-04,1.0637444553003792,0.0,0.3119265579026723,-0.6673997738518204,0.2436907560472019,0.011548556430446055,MS
2016-05,-0.27437964355946054,0.0,0.44933647576877156,-0.8797287705974014,0.5196272914683621,-0.0508562532433835,MS
2016-06,-0.8410641103205192,0.0,1.5862477537328548,-0.9064091202876943,0.6814330581462014,0.11317659923455436,MS
2016-07,0.9825753709728517,0.0,0.480881253274175,-0.8000927813382694,0.21389696853460766,0.11640471512770145,MS
2016-08,1.902285479513312,0.0,0.3735287401909943,-0.8671482521907921,0.2759075856919046,0.0,MS
2016-09,0.0019571232900469585,0.0,0.3981631442734759,-1.0612274724348494,0.5699594013057664,0.05279366476022873,MS
2016-10,1.0115160086521764,0.0,-0.31830743047888294,-1.1273756415938303,-0.33735641683925555,0.23234433765148355,MS
2016-11,1.9001969001612997,0.0,0.5067867833520914,-0.6390507904736299,0.7370281610936587,0.021363173957273718,MS
2016-12,-0.223684024751137,0.0,-0.2076997370730708,-0.726599363424493,-0.3688791649561973,0.010624169986719778,MS
2017-01,-0.1889524293178971,0.0,1.1125257047475592,-0.8077766261798934,0.3581990834630577,0.0745729303547964,MS
2017-02,0.513127437905031,0.5250825959263621,0.863738114293056,-0.7258300583182457,1.3271206248254328,-0.06175481504127178,MS
2017-03,-1.5506479815091014,0.5515718303783439,0.9527541210511257,-0.6330125144084323,-0.0003203162027719749,0.016943629846855712,MS
2017-04,0.16487263661751642,0.649455135595728,1.0633969001610504,-0.6618950108102284,1.1934947867814345,-0.03748798462031411,MS
2017-05,-0.7693788400007029,0.6721837180373227,0.315545129650004,-1.1171552316948679,-0.18124185595227638,0.06757656458055927,MS
2017-06,1.0593137471347969,0.6983862316421596,-0.10651849657982894,-0.9799014028959347,0.038752800412004566,0.05799812909260993,MS
2017-07,0.5522090868816271,1.123339744338923,-0.06973859900021324,-0.9120272441178815,0.2198521886858797,-0.02976716769820209,MS
2017-08,-0.7786917329305078,1.0839569767091912,0.3943294034649186,-0.9480196352769507,0.0067246241415331596,0.05862697448359655,MS
2017-09,0.46422425902939624,0.5578002622249971,0.27495745307663644,-1.1893818852975555,0.20210021655163166,0.04275466284074603,MS
2017-10,0.12456579972488716,0.7056691832286272,-0.32856959090424454,-1.0685665186776583,-0.3958216830222093,0.03219592735277921,MS
2017-11,-0.07925748477449565,0.4500988433534431,-0.3503173243218027,-1.2812815390919117,-0.03326716056466783,0.01679552119434824,MS
2017-12,0.014626540406779246,-0.1812131281247953,-0.3876357176367245,-1.1594395515715106,-0.3758887138074463,0.08259045621394856,MS
2018-01,0.07449755247628372,-0.13068171026373393,-0.5242808874096475,-1.0857107464378666,-0.22900188610765793,-0.009445386292080471,MS
2018-02,0.4183696021097373,-0.05112777986399079,0.35300327425089983,-1.1124466989040425,-0.025068489727724016,-0.03667481662591687,MS
2018-03,-0.03099860683335386,-0.09305867208349136,0.5260737653761414,-0.9596961650165251,0.43819427645658376,-0.038832487309644725,MS
2018-04,-0.8782241659023183,0.2201417687489851,-0.28103473315111227,-0.8382404352822173,-0.48849247447240385,-0.02878267758119879,MS
2018-05,-0.9544473453692266,-0.0019711136421976527,0.9307216975202293,-0.9842589171765717,-0.48772796445713323,-0.054649265905383326,MS
2018-06,-0.9979765622804033,-0.03801415470108623,-0.09187278415149217,-1.0126672195111703,-0.27411553196052907,0.07305148116192117,MS
2018-07,0.606220423255377,-0.4590750696237036,-0.41744023799637653,-1.0349048109484202,-0.12081367395635652,-0.03430715625837577,MS
2018-08,-1.0010334095293376,-0.5191008982386736,0.11209009491518039,-0.9730678494635775,0.3273242390253245,-0.046350263669164615,MS
2018-09,-0.9469390734799533,-0.6038179759712774,-0.11001672782294009,-1.1046980871153154,0.014094257834288845,-0.012514551804423735,MS
2018-10,0.5435189344910091,-0.8150035183799214,-0.11723379070433966,-0.9817604521106561,0.5641141684835246,-0.027998821102269478,MS
2018-11,-0.5620579113411851,-0.8338990320833002,-0.31682050857153876,-1.1850579127709273,-0.5235991089501628,-0.10673135233474818,MS
2018-12,-0.508353877611345,-0.927241066842829,-0.15225187727629652,-0.9804585521921909,0.3191080509848939,0.07467752885268153,MS
2019-01,-0.1086379738979053,-0.9747079579445544,0.040740375253967585,-0.8118961651367742,-0.29273533965493076,-0.007580543272267759,MS
2019-02,-0.9922875295546167,-1.118308236519261,0.45884847849456906,-1.0499072535430105,0.42698799108539387,0.005092297899427001,MS
2019-03,-0.23960790772951868,-1.367957621470849,-0.07742540362027155,-1.0101299313506182,-0.5780252069764352,0.15041165294490177,MS
2019-04,1.125577034215241,-1.2483010527179477,0.1423887816668162,-0.8530845533015937,0.3014306520181206,-0.15661987338287908,MS
2019-05,-1.109335502022113,-0.7741465521399824,-0.1838529747788081,-1.1376438061117256,-0.8170665519196179,0.07669712793733696,MS
2019-06,-0.11380789815468831,-0.8417183729610345,-0.20366871255037142,-1.3011695506204293,0.2720694537368537,0.02515913913307055,MS
2019-07,0.1499979048393753,-0.69657551149817,-0.39592819832440834,-1.3071768578554281,-0.472460289806703,-0.06889414547604977,MS
2019-08,-0.6432761048536304,-0.8620042848471374,0.10267885809290615,-1.11887513560441,-0.4939939264961789,0.02826294061606882,MS
2019-09,0.13930056154813417,-0.7072839414169241,-0.14747496967892396,-1.2853594327463178,-0.4010818080129222,0.08739962940086476,MS
2019-10,0.8019348386927703,-0.5112617496751634,-0.1692743823646573,-1.0546453454091127,-0.11861467352363782,0.07441067878443608,MS
2019-11,0.5444482827639856,-0.6058189930633748,-0.13771483618678407,-1.1472226143697,0.21761304622459285,0.0330425588157548,MS
2019-12,-0.047643310071749136,-0.20028711210126515,-0.16722025018352046,-1.1245527447540529,0.07024464846972753,0.028915046059365457,MS
2020-01,0.2640087564059416,-0.04779392856131805,1.0102640619330185,-0.8814296408084883,1.5856821435634016,-0.13827406117881125,MS
2020-02,-0.9912882318915299,0.09716651660441389,0.004584838600431976,-0.5878299725635255,-0.17951060275160385,-0.24502164502164503,MS
2020-03,-0.92734454662217,-0.025267678840371174,0.9333606752283666,-0.9028232708999799,1.3321820035142682,0.1701070336391437,MS
2020-04,0.4424639476145252,-0.4404972801489823,0.3659592316734429,-0.923223912200604,0.3255575444890935,0.12087553087226399,MS
2020-05,1.3253973732084587,-0.48530052501645404,1.4290494535670601,-1.0575719537869526,1.2300931541491817,0.09268434858641794,MS
2020-06,0.9780796306473897,-0.134943163377158,0.3009905472135831,-0.8768732672080884,-0.17142437437383193,0.018938383568951833,MS
2020-07,-0.2182227226938659,0.0006881686914350882,0.09961569333459629,-0.6873785026866521,0.056732255596911293,0.06937172774869116,MS
2020-08,-0.14232230102002139,-0.07824524100464994,-0.4560611192469258,-1.0222091815487326,-0.5019005054698247,-0.07490820073439419,MS
2020-09,-0.6806252027545238,-0.07333905843085207,-0.11133191095819295,-1.00698549961325,-0.43752234166136345,0.003175443238952136,MS
2020-10,0.4643002099030958,-0.12531760733838754,-0.007298277979975682,-0.4626224693245726,0.2857041237534917,0.2843576892640465,MS
2020-11,1.1319273963613934,-0.13901193801866868,0.16743906557194282,-0.7575981002962683,0.2910822772104148,0.1868966933661944,MS
2020-12,2.1848453379358204,-0.025941742898879842,1.3394259760101452,-0.7756893863835502,1.745492711788952,-0.016438830247447633,MS
2021-01,0.005610639820998816,0.15931230056953666,0.13343630665983394,-0.48621304478793104,0.7050336045641963,0.1463757916959887,MS
2021-02,0.9245678544658356,0.2320804776335646,-0.05557064536298652,-0.6185950330344672,0.7864395204451488,0.010282381829343157,MS
2021-03,-0.6632066609206287,0.8872731372790271,-0.3129181310268952,-0.6438516053569471,-0.439679119872452,0.06744645298496121,MS
2021-04,0.5873271023409926,1.1853365850050273,0.31247868270573426,-0.4838501253876551,0.16694468339007315,0.10175039134765917,MS
2021-05,1.7061435162869232,1.53853248184725,-0.024669363904749095,-0.5747995169387212,0.11778854649739307,0.008137432188064952,MS
2021-06,-0.1752273387864895,1.7942227809634492,0.6584409508263681,-0.5643743050897884,0.2590352802341307,0.054452274183215854,MS
2021-07,0.736157104056414,1.6652859135943476,0.6127381860357641,-0.41136331453342523,0.4681286587050696,0.08809234507897945,MS
2021-08,1.3457555573428797,2.3317252255087837,-0.28084409314060355,-0.5026214752393008,-0.49148932797227496,-0.06823003908431047,MS
2021-09,-0.654564488868483,2.78238853921334,0.5974638323725097,-0.5302535583263008,0.22888848920992094,0.06351869606903171,MS
2021-10,-0.011551961155825389,2.4774390805607465,-0.1473306840496002,-0.6069850693339823,-0.48135471004585,-0.0775298625197205,MS
2021-11,-0.7155487925467197,1.923249192764372,-0.06859422295778625,-0.534793799567243,-0.3994688792816584,0.03530417786464701,MS
2021-12,-0.025930582339255062,1.2119208228811988,-0.05160237600461633,-0.6362363808775584,-0.07612177851361318,0.051799410029498505,MS
2022-01,0.716466697031924,0.6501301857866315,0.24938437057237545,-0.4560165465953472,-0.011417458812742937,-0.11498765986089299,MS
2022-02,-1.2017150022185625,1.0128582104044797,-0.002952129775871141,-0.5700799257145904,-0.5232537037806321,-0.0368868044112054,MS
2022-03,-0.7177415734076078,0.11907893273354651,0.1946756384773356,-0.642081251833805,1.0176111604507645,-0.06988681231903138,MS
2022-04,0.17836267450667467,0.012199210543305689,-0.22377088543846177,-0.6793562894930438,-0.47702579420911967,0.0687703410216498,MS
2022-05,0.6288720357071671,-0.02943826332657047,-0.3789954856306304,-0.9043375962791336,-0.16399943020943067,-0.11703958691910499,MS
2022-06,-0.33494733370102076,-0.12912066948636994,-0.2925904185055616,-0.8609954468418901,0.3199007639336012,0.11890838206627685,MS
2022-07,0.3465626777735984,-0.18733051592142028,-0.5245625268938523,-0.7148862937550693,-0.1135876998615,0.010854998659876713,MS
2022-08,0.7690058535640479,-0.20951499977658863,-0.5938675722156568,-0.7170029403785597,-0.34371269491838125,-0.07291528569534667,MS
2022-09,0.38943679212077276,-0.251712332589333,-0.40222304134777315,-0.6339357097727262,-0.4324792647139786,0.05019305019305009,MS
2022-10,-0.5047973424969612,-0.048803869359250525,0.06373552048938884,-0.7781080978303185,-0.29330206933215097,0.13262527233115473,MS
2022-11,0.6835131291008174,-0.21569547654189689,-0.5148196708424969,-0.9452865776051734,0.11085669120005912,-0.08643904784804057,MS
2022-12,-0.4856081796994162,0.1306088175141439,-0.17921037450717045,-0.7895192539697974,-0.4416739478131528,0.15396762731938418,MS
2023-01,0.6833094578816824,0.02049306810159105,-0.20436870446871866,-0.6185397323551195,0.8037264937240467,-0.008552856654122531,MS
2023-02,0.2670235717118945,0.1562978330572288,-0.8927625598866343,-0.7161033743348031,-0.6757261395247918,-0.09017713365539459,MS
2023-03,-1.1059366775898378,0.7719328698607321,0.5448184669905408,-0.6453733133378248,-0.06109908343823388,0.03362831858407089,MS
2023-04,0.3573152240107426,0.5071740933111277,-0.3068408491008347,-0.7459107143340863,-0.25850440065733327,-0.09124266144814097,MS
2023-05,-0.8621957794426987,0.3950158889026522,-0.08471286086109447,-0.829971304663601,-0.33146459513453325,0.044549125168236836,MS
2023-06,-0.22618633436845503,-0.2821509931221751,-0.424588985887889,-0.8168762780723763,-0.3394419494044411,0.0820770519262981,MS
2023-07,0.6108322270036791,-0.2236589550386973,0.3136288205865294,-0.6207438928324998,1.1536379812952458,-0.07001667063586581,MS
2023-08,-1.0493493077717924,-0.20750220743005118,-0.9164161578689792,-0.8048517028927096,-0.7596851131647031,-0.04084507042253516,MS
2023-09,0.030166570718122603,-0.4761517437950788,0.1099964181877048,-0.736164079756297,0.133319961903332,-0.12228006941663327,MS
2023-10,-1.7191688032313297,-0.5341629086586469,0.46195935480535566,-0.5086340266594023,-0.534894283069553,0.1203041825095057,MS
2023-11,0.3121594348868587,-0.5988233554638827,0.729311493669087,-0.7076780989819716,0.3539831256072029,0.17540048873201197,MS
2023-12,1.7964199818537416,-0.7311482550138871,0.45536827741201713,-0.7793158547816077,1.4000295009052035,-0.05532455532455527,MS
2024-01,-0.8730448910083565,-0.3739623869297508,-0.27519140432927025,-0.6156762487405188,-0.8418887717097784,-0.013815869910747125,MS
2024-02,-0.8145226153649388,-0.705901985655632,-0.3904056598073743,-0.8510153757459673,-0.481214324982726,0.09447061740639717,MS
2024-03,0.7794244479702596,-0.8374615868105311,0.43819656997425616,-0.6085748181691771,0.3437597673910478,-0.026393294064340767,MS
2024-04,0.23031449344921825,-0.5428091106623999,0.007994626433106012,-0.7804513727435202,-0.24477319267333061,0.07713787085514823,MS
2024-05,0.6117634618662833,-0.5450597130597725,-0.6492404030279564,-0.9841522158950646,-0.3241858371848893,-0.0066969107798661165,MS
2024-06,-0.4369299081735815,-0.13885323612913775,-0.7172686944043667,-1.0391511041772818,-0.5994003876116999,0.07155284906481096,MS
2024-07,0.6839507907270448,-0.19881681158226547,-0.6308292347595327,-0.6831972200253457,-0.6432498370425325,0.0038563020093362876,MS
2024-08,-0.1858323469075845,-0.1446051440333314,0.02167426473508446,-1.0105422143535199,-0.29549930801749696,0.006065507480792487,MS
2024-09,-0.332686597162844,0.008765140183423656,-0.06612455649722335,-1.0287458907374318,-0.5538657338861416,0.12399517684887473,MS
2024-10,2.294807140090455,-0.08491106549123457,0.32898251641735027,-0.7137994548371935,0.9651816693280193,0.13212944752369027,MS
2024-11,0.8096019587086337,0.765386707465833,1.191377430582849,-0.6153690774765646,2.1230488201814226,-0.044693619709412435,MS
2024-12,-0.10500007294706881,0.9750981194622119,-0.09801259859371864,-0.8226572833235285,-0.16374026126529997,0.10836501901140694,MS
2025-01,0.904469379856894,0.43915237763427134,-0.07133147674382957,-0.6046379148255491,0.15653810772598664,-0.03840704004772921,MS
2025-02,-0.46731758034962617,1.0046020420597097,-0.019300441176417698,-0.8968941224914039,-0.09186062839838749,-0.12346827982007136,MS
2025-03,-1.1193386386892101,1.3057668169325551,0.7092818563000626,-0.7498526041069631,-0.05270579834970856,-0.0028313572818969845,MS
2025-04,0.3527015411544241,0.7458300389418238,0.34984374145194996,-0.7933718960642983,0.37300652435325393,0.10931677018633534,MS
2025-05,0.4822244495725335,0.6948211389785417,-0.07654572977812305,-0.8080501162619275,-0.005529439100840232,0.10022396416573365,MS
2025-06,0.44436506102077844,0.6551357379499655,-0.7277411603211059,-0.9431982928896698,-0.5568008924221228,0.018320610687022842,MS
2025-07,0.17261575014300604,1.0319168306121456,-0.9083767656871499,-0.871555795182008,-0.8392151642586559,0.056328978367959026,MS
2025-08,0.2339218665218976,0.829290042415446,-0.35696241202148377,-0.9630474223894755,-0.35809889144882245,0.056366585563665916,MS
2025-09,0.24227399707002398,1.1550095664805122,-0.422398674522426,-0.7962242813486838,-0.2987908310635366,0.03793985924504151,MS
2025-10,0.1378014544895257,1.2537859927592736,-0.20761946635969447,-0.7546457948573956,0.02697335628025238,0.03451889292979127,MS
2025-11,0.4890562695946639,0.6078558891459387,-0.25226244769302986,-0.7796600238955083,-0.2704695269967257,0.04635643210391471,MS
2025-12,0.5096305689754355,0.4523394121509579,-0.5901903539529364,-0.7758993415763171,-0.36110939854534807,0.03536245088548484,MS
2026-01,-0.0212526384063334,0.5845527446242105,-0.030496110363712123,-0.6688822510405633,0.6277251041735294,-0.08909910900890983,MS
2026-02,-1.0599689605348095,0.23233520977636327,0.6041501770594243,-0.5889745571906063,-0.4975949291558327,-0.006339814032121804,MS
2026-03,0.5929183296346028,0.10571437073004997,-0.053349587250452836,-0.6903908207809473,0.555337115626138,0.15810901136294597,MS
2026-04,0.24636634965445733,0.4564091936574553,-0.5536761772385287,-0.7086522781071587,-0.30842570496553207,0.0692586179757595,MS
2016-01,0.0,0.0,-0.06597281210082727,0.42070832204935393,0.9677469533744782,-0.02631578947368407,V
2016-02,-0.3575390213458678,0.0,-0.15603533248373916,0.22445518669537431,-0.5516368521600419,0.056578556578556594,V
2016-03,-0.43509287465983937,0.0,-0.11027988823464895,0.29857435907112306,-0.19483605228333828,0.009978917779339236,V
2016-04,-0.10583662921715488,0.0,-0.2988608919095264,0.3175950165750954,-0.28703419180806505,0.023796270526022845,V
2016-05,-0.10552257385954171,0.0,-0.1331088012183928,0.17065620328794523,-0.07631335833059098,-0.06048661139051226,V
2016-06,-1.0077200756430493,0.0,0.025168760221855744,0.6448916912012166,-0.3502980079205424,0.05237268518518512,V
2016-07,0.03513504870128984,0.0,-0.32590883319091607,0.5035566295693671,-0.17716491800782816,0.038355787737146096,V
2016-08,0.4366693685256254,0.0,-0.7621341709798249,0.2953107869198508,-0.5000903215076582,0.022242817423540284,V
2016-09,0.4787223492402551,0.0,-0.7302195034093966,0.35097942009633476,-0.36641341241254977,-0.002331304235202558,V
2016-10,0.05380508635018396,0.0,-0.697904594859925,0.40621237965389245,-0.47008582500476764,-0.06088536933662203,V
2016-11,-1.2766603203446019,0.0,-0.04665272632163878,0.507978045625728,-0.3713939440223795,0.008985346972629094,V
2016-12,-0.4623250258916226,0.0,-0.19684931499122604,0.7019971654511794,-0.01784934387555006,0.06014522537333877,V
2017-01,0.6021644864029779,0.0,-0.635962613441017,0.096556519646412,-0.3767284345244824,0.0652623416903595,V
2017-02,0.3629600634031998,-0.4134442764553069,0.0956097864766985,0.34577632545095427,0.9396162189868679,0.010554409802256304,V
2017-03,-0.0615553165861588,-0.29210634708327676,-0.773756982544162,0.22221520708608897,-0.6673023600207341,0.026530612244898055,V
2017-04,0.38119868672948726,-0.2919482622449228,-0.9145536812725791,0.3987256268625141,-0.45580009932175636,0.045725646123260466,V
2017-05,0.37933078329067527,-0.28676699933148425,-0.583618075685493,0.171340263297702,-0.3512583054478699,-0.01520912547528519,V
2017-06,-0.40361960580652045,-0.21314856531909093,-0.3848390037929071,0.3296370244813831,-0.43053271431033335,0.06166250283897323,V
2017-07,0.6153802537522594,-0.10402778554461317,-0.7632467121654034,0.29271905378124025,-0.5434468700141849,0.04139480158305697,V
2017-08,0.848101721286994,0.013196514177651528,-0.5390001174215411,0.30771977596073974,-0.16379638625199627,0.01663927691043554,V
2017-09,-0.26590035621771796,0.07640884795785732,-0.5240655450175201,0.19631510737671143,-0.49616488911674306,0.04505960800161635,V
2017-10,0.1558140382639482,-0.06072886921193456,-1.1263045119921757,0.08597630400037327,-0.8039818846986566,0.025522041763341052,V
2017-11,-0.19365428855729752,-0.03620410196827728,-0.15773652822451537,0.1314450240586168,-0.2093841165282455,0.01263197586726994,V
2017-12,-0.08983885835506195,0.4917377347775553,-0.09093715464478726,0.5170553740591911,-0.7984213646862747,0.08955501768758145,V
2018-01,0.15633728944598488,0.6536383566134751,-0.8872700336044429,0.013307896828613781,-0.43982160456357555,-0.008629528366370542,V
2018-02,0.4319076244024848,0.46319461548309565,-0.09465678332774871,0.20413855900616779,-0.1591666862115511,-0.027061966732741527,V
2018-03,0.1396071494950111,0.358131258306345,-0.3903956484384405,0.16857584233115375,-0.3043236406445378,0.06076711843387361,V
2018-04,0.9222171674347601,0.4525679543911548,-0.3921291173687369,0.16998526583090032,0.49263915795002133,0.03181628392484348,V
2018-05,-0.06580162623578606,0.6143577532077633,-1.5440113465056882,0.21140803359102575,-1.245874689729562,0.013272903852379336,V
2018-06,0.1620353896629762,0.47663549708185293,-0.24159731519615527,0.18910160580414118,-0.4388335901573764,0.032348242811501615,V
2018-07,-0.05479103396069026,0.5908741317902085,-0.4590631149395691,0.39316278883725697,-0.6374427979374455,0.07582205029013545,V
2018-08,0.5736651624161494,0.5892404492563781,-0.8826791782767885,0.27735220484842105,-0.5632872919896104,0.021790722761596548,V
2018-09,0.1881662476130467,0.501775612353689,-0.2549755568790446,0.35774159441231856,-0.7119827711344017,-0.08150337837837851,V
2018-10,-0.1334344153387733,0.5419053951883722,0.20915600252956137,0.499661585789511,0.19947311796274322,0.029808429118773905,V
2018-11,0.12479033379384684,0.6809993898230483,-0.08830546082372173,0.5421056907548414,0.026224737430944885,-0.06890393630478453,V
2018-12,0.2314699440779644,0.7190912164386193,0.10863006139318045,0.6389735931866412,0.7203286648531946,0.023255813953488413,V
2019-01,-0.6630447197275878,0.7448116638739497,-0.4093362821503141,0.41405931350980074,-0.22358429819568054,0.09895345204623562,V
2019-02,1.3985413837158447,0.47793912391802057,-0.333419952015001,0.5679372838084459,1.1155702484535361,0.05450927439414399,V
2019-03,0.7260869815291041,0.6430877383969478,-0.6382526131449455,0.7159089058783344,-0.24824800577631806,0.0527699150828953,V
2019-04,0.0448049063140607,0.6902121342036691,-1.1028173811775093,0.32392897477886257,-0.6535130984713664,-0.017348441200947473,V
2019-05,0.9450178627889297,0.4638906320060258,-0.7400568182905177,0.4098628025064958,-0.370839054850967,0.07576547231270347,V
2019-06,-0.13204210083468215,0.77218090080351,-0.5322972022093798,0.6793347724039013,-0.6502251218156452,0.025616181190577292,V
2019-07,0.15882716665429997,0.7827242941331216,-0.8954981899466025,0.4418660004009663,-0.8538092845036426,0.01730042512990071,V
2019-08,0.6589385667408194,0.9433342069942325,-0.20505240007021125,0.6149715402727882,-0.3437151749002527,-0.04869696442045379,V
2019-09,-1.3101182632959305,0.8656551969080859,-0.3396143895362512,0.9590055305324826,-0.7589094713295402,0.03984136668700433,V
2019-10,0.11899294491964989,0.5760994519712976,-0.23562098275561477,0.6914864410116671,-0.20322009326207033,0.03326879070586153,V
2019-11,-0.26101638674944894,0.8122556872605259,-0.8117350832353898,0.635485992106667,-0.6845036295639875,0.018398637137989837,V
2019-12,-0.3169640572876775,0.6674880301112512,-0.8694481497729646,0.7619966828121462,-0.7729468551843607,0.05888256942121117,V
2020-01,0.5697839136198666,0.38509794391604796,-0.030880865905234596,0.5986466837355654,-0.4622236669975006,-0.08515007898894167,V
2020-02,-0.06897422930951472,0.9028208745747134,-0.12683048966702584,0.5608650995881383,-0.562677267700293,-0.1135670292983364,V
2020-03,0.2042029073197319,0.45655582690966373,-0.3340469434297052,0.6034438155849295,-0.04096503012573295,0.10922077922077911,V
2020-04,-0.22896750705865526,0.3250100191703765,0.395694721458943,0.5363540490934953,1.065106056792373,0.09430979978925191,V
2020-05,0.8583882886037446,0.15012723430877176,-0.7688084778377008,0.4307805740191974,-0.39001258286927676,-0.010592200288878306,V
2020-06,-0.40660667091256053,0.040284408223196795,-0.6027176063372636,0.3268372728838612,-0.5485356990835435,-0.014382265477155931,V
2020-07,-0.5589204653002297,-0.02701261054260845,-0.6289587761727246,0.3145633349204095,-0.7605251594907831,0.11509133797794724,V
2020-08,0.25601993598759204,-0.14895515401357495,-0.6914166879800295,0.3771469578697801,-0.5708137628617588,-0.056722585723422037,V
2020-09,-0.36856414943302274,-0.15826480181058103,-0.47709900381620973,0.3048356877604754,-0.7610690379305541,-0.09132158130802137,V
2020-10,-0.9848758109863633,-0.12285046690909356,-0.5560887832527849,0.359367994091231,-0.8166539011150037,0.15944441255811292,V
2020-11,0.024875177624589837,-0.20927940087255792,-0.41963373840696977,0.28945832755432066,0.019764366393045907,0.03980000990050003,V
2020-12,-0.11985562553930365,-0.1602080489405602,-0.5776961356389486,0.3763056919904755,-0.6047861738610639,-0.11649607236372295,V
2021-01,-1.8673972365142169,-0.14554513342952208,-0.6852219340237056,0.4365835064143278,-0.8499085056518216,0.10081905377734657,V
2021-02,0.47066052292341054,-0.3838092973580083,0.10801119680672193,0.5737266194832102,0.2276723337388302,-0.003132801409760577,V
2021-03,-0.8881071999960196,-0.37983481751540316,-0.16636060468048666,0.37787721719218337,-0.5609280242136166,0.10311809477043954,V
2021-04,1.288830646771405,-0.5472601725762755,-0.8240884741926284,0.27934753989927064,-0.4791649318504381,-0.02541731582461615,V
2021-05,-0.9831659680039097,-0.47811092542787553,-0.7634028828208158,0.12116113808258595,-0.8911913426240726,0.028683657623093106,V
2021-06,0.1676105379159471,-0.8034284526055745,-0.8252341336073551,0.25667964248108804,-0.5329515902316168,0.053769647455821135,V
2021-07,0.7234425835444294,-0.79421329994848,-0.42440143707547723,0.38776612320288856,-0.7070399100471559,-0.06889141701428403,V
2021-08,-1.925188653143062,-0.5245129297761504,-0.4382599356271227,0.37773750677765017,-0.789480985250797,-0.027694814010317592,V
2021-09,0.02346187939210516,-1.011326729895303,-0.3310330165381681,0.40398757228530147,0.055069297461148345,-0.04928790840547337,V
2021-10,-1.285448532721662,-0.8436109281996028,1.4195651024132918,0.34815161142684753,0.05917167517825447,-0.08341900425906901,V
2021-11,-0.7727563693064109,-0.8739503019719569,0.4236874707317567,0.6955771336662648,0.08184047842552722,0.11841051113603607,V
2021-12,1.1273430460871394,-1.274355933821156,-0.18145061365339935,0.1775001631571947,0.12336598390074115,0.04364851957975158,V
2022-01,0.6369225145872026,-1.1172680411168456,0.7196878670590057,0.24658999459247338,2.5073941460358093,-0.04287544614258265,V
2022-02,-0.13973420336296105,-0.3834451666091479,-0.7405780677882984,0.16744118930051965,-0.6368811932825769,0.026103169670602888,V
2022-03,0.14351630867304732,-0.6314182915877805,0.012194025203048263,0.038714424018887084,-0.06352379421575458,-0.03895075245771784,V
2022-04,0.4874431169332115,-0.3316777130316847,0.19590444968778206,0.090231420744577,0.9940991381607192,-0.0025694478111213392,V
2022-05,-0.2951008195345728,-0.3451533290691742,-0.26321024472666427,0.06988885730862715,-0.0842782427890984,-0.07203266258384378,V
2022-06,0.2725737472579758,-0.25116645047995817,-0.25359555798405387,-0.11000812766342152,-0.02239432049904296,0.07730986800754258,V
2022-07,-0.14066259433669215,-0.21390634361183927,-1.3380689679347861,0.07018151196249194,-0.6917686395254705,-0.0615033061065734,V
2022-08,-0.48728483005549017,-0.3591783964730468,-0.5670896050573159,0.10413411919043512,-0.6859829295040761,-0.1059938869605761,V
2022-09,-0.10492813581716351,-0.14534877982550132,-1.0060809365766121,0.04603928512452314,-0.6368248431843099,0.16613548125398392,V
2022-10,0.4709590366280086,-0.18150226694793012,-0.8191913272803475,0.17001225091707967,-0.2204127392380835,0.049840985887497524,V
2022-11,-0.3595812850177838,0.2956128805139597,-0.07603682749905682,0.23437809594748338,-0.020803444545957405,-0.042599517205471615,V
2022-12,0.12849409462748818,0.46329917915164065,-0.6177801626037254,0.1701824492356777,0.009948646327808603,0.10807336728135652,V
2023-01,0.25674373859528266,0.23654046374643506,-0.7978435655549273,0.11431776281593062,-0.46794989598227876,-0.04274305090795516,V
2023-02,-0.2646171405393579,0.34765093139252395,-1.0845390867265894,-0.07500994998794258,-0.7653293399910499,0.025075739920764395,V
2023-03,-0.019592925705558695,0.3773754564804807,-0.7712223039710184,0.148515005863635,-0.7094274237803264,0.03223753012322095,V
2023-04,0.33301598720990316,0.40963430163003356,-0.9611380346424099,0.2477673375503143,-0.5997589489891877,-0.04840983173288704,V
2023-05,-0.47792006883183197,0.1362663555924565,-0.5564179797010557,0.06870304459408569,-0.332525746428868,0.07443410637411474,V
2023-06,0.2882357077033195,-0.039024697883619695,-0.5724048249037685,0.20259734256914366,-0.34061431338384984,0.001033992503554293,V
2023-07,-0.7594260192899587,-0.08372342848164378,-1.4210031859123433,0.02404612953833301,-1.2623601462087617,0.03542070152786758,V
2023-08,1.128356548962806,-0.19432798277406005,-0.981699567122406,-0.056917223169865395,-0.8125141247656275,-0.06376257378003158,V
2023-09,-0.48349907035901085,0.07130761815542996,-0.5333265533388076,0.1352274362049528,-0.49988209666380407,0.02210974960042611,V
2023-10,0.7906915453856478,0.004797308439575812,-1.0961314829368916,0.10789691121372713,-0.686966077724961,0.09412735644166448,V
2023-11,-0.03819863628858797,-0.03828168348242726,-1.2679442149430291,0.22123793509700737,-0.8359193632915632,0.01429195283655571,V
2023-12,-0.6344073549593814,0.0475610504769783,-1.2722942585051873,-0.03262855928605871,-1.1506976781683584,0.04959098203452195,V
2024-01,0.41923653281841705,-0.12384246433509132,-1.0446359572356787,0.004477416648678003,-0.6239597863807766,0.03628430787589476,V
2024-02,-0.11212319507817319,-0.09181816720250696,-0.6278640577513204,-0.020415414000880525,-0.3268459954553804,-0.012594911655691154,V
2024-03,-0.7577305595862326,-0.07210191247372759,-0.825914703470889,0.08028926048412706,-0.8999905063907236,-0.0375013666678814,V
2024-04,0.06687388673957384,-0.21696215906745972,-1.0807534592096426,0.21162952551038353,-0.7913657471868276,0.01620598258235506,V
2024-05,-0.27486606175297584,-0.25459703977277054,-0.9414955629759211,0.4184460152901795,-0.8753485181444388,-0.03666443103062811,V
2024-06,-0.878851267954358,-0.1496472569759588,-0.5215596890071509,0.4853693205104751,-0.7624001749506291,0.012183801346019818,V
2024-07,-0.1273229630869355,-0.39748120454652697,-0.5204323773511489,0.26826303193959067,-0.5777360483119194,0.04237838664068172,V
2024-08,0.3690679729379635,-0.3051073446994048,-0.6796514553498252,0.4788750604739042,-0.49842375372240644,-0.005132341080724356,V
2024-09,-0.5136841652018714,-0.4127043212892508,-0.12522862785274236,0.4194977211575419,-0.5401254280837132,0.05416758788414766,V
2024-10,1.054901873138513,-0.4212875428707588,-0.6829671629375109,0.12080702965173222,-0.23630502742473578,0.08910095078299785,V
2024-11,0.26561148393326534,-0.36819307781121124,-0.8321076772851455,0.11425585331383627,-0.05115273638301108,0.0030490740443560593,V
2024-12,0.42265020197911896,-0.30759880436406173,-0.6267257245354667,0.1702856626930876,-0.40440018632519814,0.08153078202995023,V
2025-01,0.5082886539877792,-0.041338829964934196,-0.9852015581044792,0.07834250926913099,-0.8475683413009556,0.06295857988165676,V
2025-02,0.7755630625590808,-0.04905946715596299,-1.0455067556395847,0.16786002970035294,-0.5821452112523603,-0.03378980182587399,V
2025-03,0.2799228847146512,0.277027588506587,-0.6671012363940515,0.29324903582299217,-0.4658161449064607,-0.014144149334562317,V
2025-04,0.20543934485570764,0.6841698138566965,-0.5923392585812511,0.16192413046472592,-0.2944773544990221,0.05873243140577955,V
2025-05,-0.0626628482079355,0.6399743305498348,-1.107269303836757,0.1081280192295983,-1.3831627585291533,-0.02776474484585878,V
2025-06,-1.0760141526323885,0.6540301460072983,0.533464035197691,0.337670655878028,-0.41299315070007186,-0.026996338036165413,V
2025-07,-0.4187466076881535,0.5824584022424885,-0.9926475098021185,0.11520475332423145,-0.971732377278283,0.020072353833586076,V
2025-08,-0.3427435449460825,0.45505826436604574,-0.7166794672611451,0.14963631487329673,-0.892791544513911,-0.029573275368950824,V
2025-09,-0.5920830412296236,0.33941163650840145,-0.3414734221459214,0.04342175352611669,-0.3898753487711318,-0.001856763925729421,V
2025-10,-0.22011942829893055,0.16746602481018466,-0.7753915754092676,-0.059734294263598456,-0.7410084374630346,-0.016564797590574942,V
2025-11,-0.25644654067200257,-0.15841661944336505,-0.9762245430851493,-0.026290064028080158,-0.9057898851149856,0.048669909325647076,V
2025-12,0.5472502746871587,-0.26813243846980894,-0.0720231143763572,0.05856018881396305,1.3432825952176577,-0.0823718040484438,V
2026-01,-1.0658969876505335,-0.2717093900313556,-0.56179695846691,0.11181805330510099,-0.8564537686821382,-0.0031825273010920307,V
2026-02,-0.030157024411731424,-0.5286339633917101,-0.35658839589416025,0.07076280314374993,-0.14719196503141405,-0.05593464379616875,V
2026-03,-0.19032786102464228,-0.6534433184743369,-0.8860630513035933,-0.043830734344455426,-1.2284218568186578,0.0913431252279433,V
2026-04,-0.06625245740393837,-0.7692698721436839,-0.2428212388606045,-0.03445201367319584,0.5668156235451721,-0.012790132458379011,V
2016-01,0.0,0.0,-0.05033688141249981,-0.21221039840203987,0.7166418123154845,-0.023764031526152363,MA
2016-02,-0.3038432993571898,0.0,-0.3356333027442552,-0.45584537483076265,-0.31916061093855996,0.0872171253822629,MA
2016-03,0.11404834230165233,0.0,-0.2342683958097528,-0.5589229840353315,0.11252654821813333,0.02846534653465338,MA
2016-04,0.1714642372312693,0.0,-0.4335242442633946,-0.3654902942095779,-0.24148378383366093,-0.011267913794989592,MA
2016-05,-0.5889462862078143,0.0,-0.8822351502589111,-0.8413423764934251,-0.6791360592042851,-0.08176587740650587,MA
2016-06,-1.3759635578761207,0.0,0.09594381685835462,-0.40949654859001655,-0.6779155213830375,0.08386552596698404,MA
2016-07,0.5258532481140477,0.0,-0.29358577196962066,-0.17416448350709698,-0.2480007029512026,0.014674819344079992,MA
2016-08,-0.00801590725008962,0.0,-0.7332622107846795,-0.7718209179072644,-0.5589561614768386,0.05313903801906439,MA
2016-09,1.1409695507860016,0.0,-0.9412943037716599,-0.5341615319500966,-0.38030186320793746,0.053578859758634856,MA
2016-10,1.0251575551203977,0.0,-0.4081965848226307,-0.5024149584679051,0.13498534271561155,-0.04502814258911825,MA
2016-11,-1.1048627702005773,0.0,-0.1750985821790666,-0.5453508180245975,-0.33091745661939964,0.010236790404301699,MA
2016-12,-0.43819755070752753,0.0,-0.004274668648564564,-0.7466458528836704,0.15730122090258564,0.03193449334698051,MA
2017-01,0.15148775633976588,0.0,-0.33946441635230795,-0.775282745579401,-0.2178529973216185,0.03878198770085306,MA
2017-02,-0.0641327207160271,-0.27107393877439595,-0.5512112820662417,-0.8008329319403324,-0.5244621324959566,0.018237372290652143,MA
2017-03,0.09666298973789714,-0.22007185095841644,-0.5230964923591552,-1.0437680117785968,-0.4223962035683031,0.036196549137284206,MA
2017-04,0.5993063103534185,-0.24494820705900064,-0.6065551531012208,-0.9984684214293434,-0.1472866421935853,0.05638009049773762,MA
2017-05,0.5264084035605928,-0.24637306590200203,-0.44593886909308245,-0.5886521645419742,-0.3123756046723885,-0.0115651503469546,MA
2017-06,-0.3392257141940039,-0.011165026453039774,-0.2856577581904524,-0.659540050201691,-0.4506143156040364,0.05416883342000345,MA
2017-07,0.48619478466387744,0.1936524894731722,-0.722699160106255,-0.5395854669360722,-0.6621503870085804,0.04299926005097432,MA
2017-08,0.8847803371197794,0.20118631617828248,-0.4233062586341794,-0.673336303395733,-0.018484404962104746,0.059277944190446075,MA
2017-09,0.4755439796671586,0.38140830148776195,0.27638644046736893,-0.2702784070948161,0.8240271554746318,0.05529096591754734,MA
2017-10,0.2945209880704256,0.29336151972788915,-0.9884593836121073,-0.43460247905846655,-0.6959125476434147,0.011423735984768424,MA
2017-11,-0.4353127794330887,0.12280247582330381,-0.09398607494699732,-0.3605123762675537,-0.4538155360666081,0.005926235794464052,MA
2017-12,-0.2580891728509779,0.5494809865736701,0.21903054499481361,-0.4946518989549375,-0.7513908450760306,0.11831161630163556,MA
2018-01,0.4942526737278687,0.6729453321107274,-0.9276966459190905,-0.6710280917421535,-0.5725571245541969,0.03997520917260622,MA
2018-02,1.238435329288398,0.7526229034545003,-0.4604117745726936,-0.1775318990964681,-0.38160276222381934,-0.003396901072705738,MA
2018-03,0.5596070943976332,0.9165262614099453,-0.27198784671263615,-0.35078515128750803,-0.30858178666996017,0.01919512049273453,MA
2018-04,0.17072881721604832,1.145623235600504,-0.31891037927692567,-0.2365776277137961,-0.2230719978907435,0.06647500586716748,MA
2018-05,0.4424467681135377,1.0823764038743167,-0.8666671279975369,-0.09070335644900207,0.234661099004253,0.03366892226439999,MA
2018-06,0.5103697437388365,1.0500094575228456,0.02758933115220288,-0.360662686548189,-0.04547056955539993,0.008834956623556378,MA
2018-07,-0.4366415253939327,1.2337422731486127,-0.04483093267463685,-0.11629514663259105,-0.46089431827873184,0.08868372461092067,MA
2018-08,0.7575696943792213,1.2784730241366182,-0.4762557597941689,-0.2725530130272732,-0.33293898694145413,0.032661368482263864,MA
2018-09,0.36925150110852484,1.1592700183527282,-0.4099367205618238,-0.2293468197627249,-0.5094787406018145,-0.11098076020647585,MA
2018-10,-0.4226814334968637,0.9957963048880847,0.604829582149878,0.10007592642658288,0.4183481508759469,0.01720770651887049,MA
2018-11,-0.024927637084941362,1.024437417907329,0.6321446826687228,-0.0651958017052119,0.5194675178334007,-0.06175081729022891,MA
2018-12,0.37136974167860143,1.0448742784753953,0.3806686660824443,-0.045495950789508716,0.6013639778470034,0.1210663127039433,MA
2019-01,0.39150588066611514,1.1317922476348465,-0.1562825230982082,-0.08335080507685542,-0.08348361349403938,0.06457819437592494,MA
2019-02,0.6270941128837274,1.2696407184080756,-1.0136754318294845,-0.09931483083533921,-0.8677491990364259,0.04754622549701115,MA
2019-03,0.5900167236828368,0.9746886476404935,-0.526137593286995,-0.2270551350526314,-0.07517738861164534,0.08130944481309443,MA
2019-04,0.36070186750291267,0.8314060167634916,-0.718963706178672,-0.07941414138469326,-0.11904539736643292,-0.010800638219531256,MA
2019-05,1.0416026460158327,0.9289407555263752,-0.35773803738444865,0.270940786581361,-0.3338662910587408,0.05182182885975428,MA
2019-06,-0.600662947502504,1.1187643550045268,0.2266643794373285,0.2733536354777407,-0.2996667351568808,0.030552060396350944,MA
2019-07,0.2541798132627039,0.9211255344816173,-0.8252033491433456,0.06970907134802451,-0.8084914102934712,0.03342363310313279,MA
2019-08,0.9025255795690029,1.2668224231736664,0.11756363682584024,0.27890327270361875,-0.0840173388530096,-0.0348532398006276,MA
2019-09,-1.0493934734146153,1.1821821874202443,0.42639586217482495,0.49448019887016437,-0.30962340057210685,0.02054244290577989,MA
2019-10,-0.1581417274343788,0.9525849978493546,0.23898387986843742,0.33007684924593733,-0.12673403334929995,0.05570132693605223,MA
2019-11,0.17816169245028254,1.3525445008761388,-0.4926395920951449,0.18773191542258502,-0.6510911916264839,0.021765374236614177,MA
2019-12,-0.2550453874782194,1.470428231276555,-0.7084682452551344,0.041836777929588294,-0.8054708053844013,0.05949195538103358,MA
2020-01,0.5760018144259738,1.0275511064575753,-0.26412409980341056,0.2078216385844939,-0.45677465791546923,-0.08130801272590105,MA
2020-02,-0.0022700522659860924,0.9822763336682663,0.16216916789384273,0.40223392657479756,-0.17047037480000596,-0.16776151374509107,MA
2020-03,-0.2622974932633552,0.6880443623281729,0.006399056399990454,0.3568926546236862,0.597100691482684,0.14006263137574515,MA
2020-04,0.1111452138673668,0.30073452077247287,0.7871002652538859,0.34869914846499867,1.2670263948654747,0.09429560505719436,MA
2020-05,0.8581387540133473,0.13426848881440454,-0.5366242192455192,0.1060060672707,-0.5212272581115557,-0.017261536345505757,MA
2020-06,-0.4960261797815375,0.013455491473143469,-0.15210613458435995,0.010896198388322394,-0.3662279955687886,0.04478656403079073,MA
2020-07,0.04607035039857199,-0.020662737252300663,-0.4348427900440248,0.06881384286630528,-0.5225327260192663,0.1609511051574013,MA
2020-08,0.6555833214869373,-0.06521845805773852,-0.2445816864332735,0.14108723494166936,-0.011247058404886516,-0.05590492124848567,MA
2020-09,-0.354533211399953,-0.08588046080494367,-0.10115080559720867,0.042485992268301326,-0.37510519763128797,-0.14547176729405997,MA
2020-10,-1.815305673025706,-0.05000437593138296,0.34474333726696765,0.14893172115525877,-0.8896673080806171,0.1658383094361211,MA
2020-11,0.0815415137566324,-0.17566079123009276,0.34984263212289246,0.05064359432320894,0.6340466989280491,0.06072688238000312,MA
2020-12,0.20802520786697762,-0.1500846842334991,-0.07461898380019397,-0.003407388439013352,-0.35511635452190204,-0.11276564984820003,MA
2021-01,-1.7975661017972213,-0.11522136553735347,-0.03993679710283274,0.18657737307642938,-0.5981874127239152,0.11872250285155594,MA
2021-02,0.6490426276560379,-0.34262454845591994,0.511733525981143,0.16930975701916193,0.771106561889722,0.0062339780936846445,MA
2021-03,-0.7310766382676736,-0.29053634940138173,-0.18564610368847423,0.10922060364973818,-0.32800941249709764,0.0743153262694689,MA
2021-04,0.7224074831180587,-0.31598247432212107,-0.4727167331829219,-0.07340720780587832,-0.6525072111181427,-0.056212778571235966,MA
2021-05,-1.6344203774697863,-0.31109112504636127,-0.3228653680039692,-0.05386025893257517,-0.6690951073296192,0.012506067441395707,MA
2021-06,-0.10233153419817219,-0.7243343451176306,-0.3360607954790239,-0.07903151589631233,-0.4071004071906475,0.05834578833084225,MA
2021-07,0.8086772142528508,-0.7286717877817445,0.6746141069222995,0.035937406828764756,-0.05887122783070728,-0.10287769784172662,MA
2021-08,-2.633333412996815,-0.6755178828753697,-0.2883466121738886,0.1401966582543425,-0.6570069881386315,0.004187828566337037,MA
2021-09,0.5567578538769989,-1.409173720947255,-0.08632030812244817,0.12366718096267794,0.5028065869959273,-0.033747412008281685,MA
2021-10,-1.1099536211157732,-1.1109033615013322,1.454393327814932,0.15669219916960084,0.1335323929785921,-0.0614037772812146,MA
2021-11,-0.5588987576271656,-0.8842185499215254,1.2374394003324556,0.39427960390512345,0.16220631002081112,0.1409842481166228,MA
2021-12,1.4406007068448299,-1.2295243957704074,0.2818791985671035,-0.050623575301494264,0.23024924143958178,0.07674498370776872,MA
2022-01,0.9599094565790329,-1.0619850103618436,0.4904980050440502,0.11517991933543577,1.9176962867518041,-0.06615168166494112,MA
2022-02,-0.4825182328609888,-0.20450791179856512,-0.5392995029812605,0.06242169775305195,-0.8600336101930798,-0.009551152676312569,MA
2022-03,-0.34398295766486064,-0.6277922423790449,0.22655027265416638,-0.12892751330571736,0.2819298207625512,0.0182246075251844,MA
2022-04,1.0586789381281088,-0.48669997692834427,0.16292409752522816,-0.18128182974555485,0.4342351649460618,-0.015164327188680327,MA
2022-05,-0.4582261504377487,-0.20854474184708557,-0.27491866737647,-0.22405574109403364,-0.43543397996812844,-0.1184602175157412,MA
2022-06,-0.35412356154726976,-0.05413960949697782,0.03022553070098857,-0.2852808199774903,-0.10578107228389293,0.12314535242362257,MA
2022-07,0.39618846566511456,-0.13165771917587143,-1.3275011691317178,-0.27737428592595237,-0.8067919013504083,-0.08316471064346409,MA
2022-08,-0.8633718708125238,-0.15312649194314074,-0.6695246535123958,-0.2553296510809453,-0.9681501660202023,-0.12340385282340716,MA
2022-09,-0.36512282936448476,0.08822935356515382,-0.8501372082555849,-0.3501681040127648,-1.010570104951331,0.15606229543574446,MA
2022-10,0.3861844184807257,-0.10869179691773004,-0.6110848140214988,-0.22675088926856862,-0.6518571538611708,0.0859622923277954,MA
2022-11,0.09555258877823523,0.2914005797398704,0.17604837532575507,-0.33111639416176974,0.24569869209414608,-0.02432316287064895,MA
2022-12,0.384508486180319,0.4927666595762229,-0.3842961401880545,-0.3452017001632565,-0.06911469624197787,0.06750645994832039,MA
2023-01,-0.12030672460867654,0.25981679858687384,-0.4278755022940667,-0.04750437395365118,0.23962607838630892,-0.04131481226791378,MA
2023-02,-0.2424087318295641,0.07093402985139435,-0.960975740756408,-0.317858914583174,-0.6887775401539349,0.022867471953633922,MA
2023-03,-0.04040748792984174,0.1964976252562875,-0.7120892865310989,-0.270992075366163,-0.6200156152040399,0.04737727910238432,MA
2023-04,0.5975309410693387,0.4005021287672025,-0.878359198918848,-0.21877291799192453,-0.5865136358610624,-0.0395029325905889,MA
2023-05,-0.3980116196352798,-0.0848675548419611,-0.536203807572624,-0.09024226307919776,-0.4671369930451364,0.07748717376756642,MA
2023-06,0.3407893684301751,-0.12545526671029822,-0.5294418747247776,-0.18673575096950323,-0.4936090612018644,0.003933442020547018,MA
2023-07,-0.7104027637678898,0.020839952475098986,-1.181683575637451,-0.2595606352963842,-0.8919768785048745,0.04657816728959907,MA
2023-08,1.3588030978193788,-0.21994919384470676,-0.7729892849840798,-0.2894310604895759,-0.7519040822109618,-0.040539874883010696,MA
2023-09,0.03700712660321356,0.15902798267055046,-0.9500016161525842,-0.22375574813782384,-0.8169546375767349,-0.04802854502515652,MA
2023-10,-0.42848945919450626,0.22576216101208696,-0.26841681140510937,-0.14855727418683934,-0.43109967575669783,0.09958204125657266,MA
2023-11,0.034808413751334456,-0.016242183921814028,-1.4067521770015277,-0.22332393153777455,-0.9856315449319404,0.030629260875962627,MA
2023-12,-0.38790784597062666,-0.013394698376779148,-1.0302112753722288,-0.32404851051062783,-1.0439745262987679,0.054940871344611786,MA
2024-01,0.4851329934284086,-0.18257210043025257,-1.306620899080986,-0.3003059967654985,-0.9930033592923851,0.056838686394803384,MA
2024-02,0.1760471107742259,-0.03807491408052399,-0.13306282293174382,-0.22070566127926786,-0.2683458898542239,0.014341813214956423,MA
2024-03,-0.37099617472109325,0.03030546691164601,-0.8593140017204365,-0.3654575884483545,-0.9555182011601391,-0.06175307187342194,MA
2024-04,-0.2899579016368884,-0.005062860710667242,-0.9387655558561634,-0.30230895112484146,-0.6155132719571607,-0.009149418070100612,MA
2024-05,-0.6438164986902831,-0.17441716170831106,-0.9064152979665907,-0.2095312383330626,-1.011936411267224,-0.013217155143148251,MA
2024-06,-0.5330818497093953,-0.17971315597883183,-0.8514594515864258,-0.27479414759873966,-0.9056680275803982,0.052659342675626775,MA
2024-07,0.4257723890173874,-0.3571101933698881,-0.4650741487181888,-0.20444172512045228,-0.1734319810304512,0.04233392160707661,MA
2024-08,0.3684274660286011,-0.11158361250976193,-0.5750439995223644,-0.33262878206499,-0.5771754883499098,0.02163461538461542,MA
2024-09,-0.08103373262835219,-0.2716498336553663,-0.9186700087314328,-0.21422705230994551,-0.5112865250477097,0.013074168797953867,MA
2024-10,0.32521970141448026,-0.2859191956168455,-0.9291421080032228,-0.20251510920307209,-0.7398355785406465,0.06674879831966729,MA
2024-11,-0.016977008619842977,-0.13954822801023578,-1.014352827544208,-0.16012113020909283,-0.6054597782478373,-0.011946458660709314,MA
2024-12,0.25692019530416393,-0.15241371333700843,-0.7171247887063229,-0.2161145723377357,-0.517548583415183,0.056373112592933206,MA
2025-01,0.13686077453586307,0.009869704876901648,-0.49899589588167464,-0.1434088858537069,-0.5127119137933885,0.037583892617449655,MA
2025-02,0.4644348156987042,-0.09627252407580736,-1.0622345234215267,-0.34856245999819824,-0.5478038418745599,-0.04891437362329987,MA
2025-03,0.043932802730135646,0.03444057164210386,-0.7233705426346707,-0.1678913934663071,-0.8392808229959273,0.0014704801117566557,MA
2025-04,0.40869992066676797,0.19263404576289145,-0.6212629370934866,-0.2326896679364691,-0.34555836381608995,0.06849717348212314,MA
2025-05,0.04252156364301733,0.3761945057626729,-0.9263794700342053,-0.2545237119216393,-1.0351893919682134,-0.04040126425724888,MA
2025-06,-1.2261234989518526,0.547149543874012,0.6250791047337736,-0.012138371591907874,-0.21476471502046388,0.009415723900902284,MA
2025-07,0.05641165886081387,0.30823957351690845,-1.0397503318891081,-0.25911201061825506,-0.9350052808886727,0.05087781521546386,MA
2025-08,0.14722054551688965,0.1830011595739948,-0.8814823251853435,-0.1598354632372333,-0.6078151476509691,-0.044482694611789,MA
2025-09,-0.736832855195182,0.17523884463117506,-0.38968051105071144,-0.24576156128757118,-0.34004495543410457,-0.028292390018190505,MA
2025-10,-0.4578748425580125,-0.1437456001086461,-0.8614026411575131,-0.25943907624195156,-0.7184701892949324,-0.0026353574089893472,MA
2025-11,-0.05316371801310745,-0.3672167656302633,-0.7299527654856214,-0.3412917781634336,-0.5393533479767003,0.03695604635906413,MA
2025-12,0.3567698699480441,-0.3525520522643932,-0.30927795461466845,-0.3234963821111164,0.554832005858979,-0.05479403908336844,MA
2026-01,-0.8212022184712665,-0.34151612848360224,-0.42219908973517944,-0.06972855849367732,0.024928694276401778,-0.040047596028706334,MA
2026-02,-0.4720285123952945,-0.4775025388855344,-0.26328231720844397,-0.169840601293267,-0.439937831660931,-0.03393244499535175,MA
2026-03,0.1571506660487632,-0.6277003823477474,-0.5235690418816303,-0.3215109332896574,-0.7988769216774977,0.008259823576583836,MA
2026-04,-0.45527451870335434,-0.6690865346368278,-0.6673431926321031,-0.24816272673152603,-0.5536012140965677,-0.01823351626501235,MA
2016-01,0.0,0.0,-0.34469181621234796,0.14135314793459033,-0.4907558504420608,-0.013026355649803145,HD
2016-02,-0.07789425931650316,0.0,-0.27448145412502667,0.10829278759408974,-0.6199349481665324,0.08092899529363629,HD
2016-03,0.0013449248736530214,0.0,-0.9340796575969199,-0.16612065901572076,-0.8118467263871776,0.003407477520113611,HD
2016-04,-0.2044098096738448,0.0,-0.44859636045395435,-0.18184299545354535,-0.34416767271522325,-0.008112442222431793,HD
2016-05,-0.5454423573027518,0.0,-0.3552948370482399,0.332159880503934,-0.5945759330448783,-0.03357108892058969,HD
2016-06,-0.5419396435079722,0.0,-0.819571781802034,0.0465010702641386,-0.45621362918001535,0.0826608935248967,HD
2016-07,0.5070827895507497,0.0,-0.4235390138246132,-0.2218332681177027,-0.23974164578899332,-0.024904562806762343,HD
2016-08,-0.7512443164368188,0.0,-0.5634865696518149,0.0967616477222591,-0.5308516475560766,-0.04054809843400442,HD
2016-09,-0.8671739289335714,0.0,-0.44870253781263625,0.01837074527171705,-0.9926034713963671,-0.05178276498591283,HD
2016-10,-0.8053374210799551,0.0,-0.09722281844884689,-0.1303189757581651,-0.2754624265705393,0.06618852459016411,HD
2016-11,0.10006109579584009,0.0,-0.23590916610974322,0.10495355257635057,-0.3230483361781959,0.036133000192196674,HD
2016-12,0.06107404496058143,0.0,-0.5006657753504195,-0.11326995018444883,0.005009268088503464,0.026061955110369128,HD
2017-01,0.057671816818084115,0.0,-0.8194963800559891,-0.365958703777351,-0.4539857563227855,0.053330922896140276,HD
2017-02,0.17052219518833703,-0.41631913622117916,-0.5039125378151512,-0.3450329090767832,-0.5047348095468932,0.019394147429846464,HD
2017-03,0.12048492087416561,-0.33233706506620136,-0.7524907946691652,-0.2558151097316811,-0.6583378527086724,0.06313662766226114,HD
2017-04,1.2071973583441429,-0.3669973667285776,-0.7132710059804139,-0.17454275714525824,-0.6401828080113168,-0.016549212130810065,HD
2017-05,-0.48033281179985665,-0.2838796267424355,-0.5072413560896729,-0.05552300553165358,-0.5331524553887363,-0.0007246376811594901,HD
2017-06,-0.14765942379917185,-0.3041041698020864,-0.3768547196794479,-0.14892977251645437,-0.39833674288581955,-0.0248166948674563,HD
2017-07,-0.8754588929294883,-0.2389547402504033,0.02025325793253024,0.09413743722396302,-0.4830625089247052,0.007766669420804728,HD
2017-08,0.07934804805889577,-0.506931998416822,0.03749579031979756,0.24728376341206215,-0.466316994288914,0.09133393457407579,HD
2017-09,1.0329660103567737,-0.3832551212191817,-0.7439073731822287,0.22934899465096792,0.031399886108324115,0.01359777627526082,HD
2017-10,-0.27071533837846173,-0.026411514197178975,-1.1259245240412106,-0.5159351593190724,-0.8408234690621034,0.09020160094871055,HD
2017-11,0.9150154274169218,0.07316303333965093,-0.455712906018691,0.11598388144935906,-0.6168576005568948,0.053980556122102064,HD
2017-12,0.9476173442865858,0.30867351210883204,-0.5725150805324538,0.24920718884928128,-0.0037692378489181857,0.05998838934399808,HD
2018-01,-0.19109665824485003,0.5244109887965189,-0.6413602237314655,-0.19627013762130976,-0.6906823107912377,-0.09267936469299587,HD
2018-02,-0.9627819680305428,0.37379170062874,0.2052225694964308,0.0933693513069149,0.6022044641468025,-0.01656606304493624,HD
2018-03,0.3258850594703846,-0.009508320704095576,-0.8085631114282856,-0.17087049253985434,-0.5946200676656604,0.03682738866534829,HD
2018-04,0.48946365739410375,0.059229406212035166,-0.19604117192559795,-0.15512087842396288,0.4235533169648991,0.015062816549365143,HD
2018-05,-0.31148070544535505,-0.03352947231541678,-0.6450536356032904,0.028750418205603423,-0.7068149943599353,0.04587869362363928,HD
2018-06,0.7188948947716451,0.021303106124540613,-0.8984196515921248,-0.1301629282466421,-0.3846698152556762,0.012391573729863659,HD
2018-07,-0.378882861673862,0.21359386119528503,-1.1818663197042902,-0.4072880572382586,-1.0474262080636578,0.02166462668298652,HD
2018-08,-0.2007126823643649,0.46220960593601845,-0.7325450042294039,-0.06419499018779516,-0.6741003481429223,0.031747933389241645,HD
2018-09,0.3540353281578126,0.30463913480301474,-0.2882629953540502,-0.053526485058035936,-0.22817767584889972,-0.15095215977705523,HD
2018-10,-0.8149010751468332,0.1148381520351509,-0.6836033057840536,-0.12348457230642237,-0.9521256216120638,0.03138676148796504,HD
2018-11,0.14354360114134157,-0.13992421187376164,-0.21290486082718613,0.09015734797373802,-0.4431043306897111,-0.047139163296426534,HD
2018-12,0.6571426237156387,-0.3063468917588495,-0.42167442981032444,-0.17622399349527837,0.4338466465672324,0.06818814361258019,HD
2019-01,-0.178603725924122,-0.29720023488878416,-0.6698430742095848,-0.2924301118550957,-0.6697747341219968,0.008728504429390327,HD
2019-02,-0.6262809541280876,-0.30145456885263777,-0.09427743169612937,0.018479653164136037,-0.1968074662562493,0.04423350122691461,HD
2019-03,0.5252802480002899,-0.1444835133173021,-0.9297931071913129,-0.20159692239357135,-0.33839629089564677,0.061529899202275695,HD
2019-04,0.1417669932697787,-0.10935147441824018,-0.5012091599382023,-0.37201912632563755,-0.32883690200854865,-0.06798322264942325,HD
2019-05,0.19811857400109437,-0.16510681921913586,-0.6465683664730459,-0.10205170273023663,-0.5076031200708245,0.10313144571535715,HD
2019-06,0.4035599954394781,-0.038493824366499195,-0.6450214360999156,0.008477769508980042,-0.3449484949828017,0.027480310499178318,HD
2019-07,0.19483891973518627,-0.11829005872556986,-0.7892749780817103,-0.41494322896849034,-0.5113337474403358,0.06656005293923006,HD
2019-08,1.4031456507791529,0.046913337686556464,-0.1969635243219755,0.10688080239423026,0.39563750563793315,0.024249004705030774,HD
2019-09,0.06370438886035361,0.5188405862247291,-0.7526671199868558,-0.0034608185756370216,-0.7146483061592356,0.011004543160020308,HD
2019-10,-0.2951070189165005,0.5584087220928401,-1.1273137966275744,-0.3612518242613116,-0.7719210464361317,-0.05996604753345314,HD
2019-11,-2.086342633958715,1.1482164136519792,0.6454012645022141,0.42483525673264627,-1.0367914591475074,-0.0033462580336751646,HD
2019-12,-0.716880933697705,0.3372956596874102,-0.2738573384832248,0.36093132462494176,-1.0170498175742835,0.04450010658708181,HD
2020-01,0.4230317185476317,-0.1328030468039486,-0.8859738332773752,-0.09179986392353988,-0.4762215230887455,-0.04495127302413393,HD
2020-02,0.6289388430935885,0.12206372142210946,-0.5686394738703243,-0.22840044290672246,-0.6433359872545237,-0.13719414467357627,HD
2020-03,0.0008231925813947255,0.36169231163241355,0.28256988748055145,-0.03098107539233705,-0.06130869708070111,0.17739938080495365,HD
2020-04,0.5228812981691816,0.1818703066786517,-0.5325038687538122,-0.17988835036735096,-0.4150670216757016,0.13031816986589528,HD
2020-05,1.4913931133177325,0.18604148714003726,-0.8649107429474795,0.0641697355246727,-1.0240811581930511,0.014190666728702395,HD
2020-06,-0.0743289481735661,0.2648663282341615,-0.5916802555415734,-0.15656411465065942,-0.335524593776808,0.059822002018533826,HD
2020-07,0.1998050442946506,0.1675849546542168,-1.1013887518842531,-0.3566138765822265,-0.44214818514133963,0.07362998874556315,HD
2020-08,-0.10522125832191835,0.11388382386761736,-0.560709465545177,-0.08522003659891664,-0.4324707881704081,-0.02060234649034398,HD
2020-09,0.2512510118633225,-0.08406611980297402,-0.35863072591689166,-0.20302850098179265,-0.40765620813512377,-0.03960151490202524,HD
2020-10,-0.19171348239767377,-0.0728289107604151,-1.1469256102825416,-0.40468582424747723,-0.768457078487008,0.04012001714530644,HD
2020-11,-1.0326452091166558,-0.02507431621758607,-0.7089014509818437,-0.16479057930185204,-1.0554092751730453,-0.03729498063133596,HD
2020-12,-1.3277747626098984,-0.024195685553282716,-0.9697853242586763,-0.11973311133478168,-0.8895549337019676,0.01956251872779413,HD
2021-01,0.6795329743078923,-0.07243286822376133,-0.6418989185285848,-0.3424614351102393,-0.631650651369356,-0.04605760349315646,HD
2021-02,-0.9927539929838886,-0.04784391753844017,-0.5252049522851224,-0.0877523459246056,-0.9235928190916843,0.1889441485850094,HD
2021-03,2.3319911637641426,-0.3115836181783588,-0.820148930798233,-0.08075741051255256,-0.7144342637104314,0.06033908343821737,HD
2021-04,0.447556554111074,-0.03897270526860522,-0.7925619788314057,-0.08365125616051464,-0.43592900169078225,-0.014697667923474267,HD
2021-05,-0.7564696516997633,-0.0847426726987352,0.15504433482748278,-0.040714149974466665,-0.08701050822563303,0.005173085781100539,HD
2021-06,-0.2246909364282032,-0.4638120642279886,-0.9295960563593572,-0.08783675243205527,-0.550064946588657,0.029186788395784147,HD
2021-07,0.2655653085731344,-0.5559486460691966,-0.7145459685557857,-0.3749803105564848,-0.6841877340537765,-0.006130766859608894,HD
2021-08,-0.6174955355083336,-0.6521838844184183,0.11396857761985305,-0.15816025378993573,-0.4779244056522158,0.011475635812254303,HD
2021-09,0.6786598655350717,-0.7270193485760699,-0.6647617305255268,-0.2703872696410025,-0.8486529981416676,0.13246567408265486,HD
2021-10,0.7670488957756499,-0.5758349257545188,-1.0503243004554008,-0.3367447267422374,-0.6567439878469488,0.07764974878907305,HD
2021-11,0.7918779121243269,-0.2698897827654128,-0.09690520548347596,-0.09226696324463825,0.8469975547433385,0.04022892238972653,HD
2021-12,0.04241051471004501,0.5359540610177079,-0.5118037771012507,-0.026638863708470843,-0.8179943990818382,-0.11572421566785651,HD
2022-01,-0.9183890194604223,1.1337146255574426,-0.2290920881081604,-0.0766978815678751,-0.038704463672012385,-0.13939725029591188,HD
2022-02,-1.5611897016249587,0.3519929276367131,0.21743023590947977,-0.014355519890788477,-1.185022348393734,-0.04651572859359565,HD
2022-03,-0.8493972371687979,0.26890304593322456,-0.45236267708281286,-0.09974192808327934,-0.5820651927628133,0.0035876761475015506,HD
2022-04,0.9124421760368102,-0.5136651753912103,-0.204004092628602,-0.19260127354622572,-0.2507787474761146,0.007813075845802375,HD
2022-05,-0.1606292969121799,-0.24016549613417232,-0.21510688710536024,-0.10816874334363812,-0.5741296247734422,-0.08834930154318721,HD
2022-06,0.05232536804509601,-0.15178140608426813,-0.6107812725598512,-0.12543887065622641,-0.7984680168317457,0.0972723626153229,HD
2022-07,0.09314940802337289,-0.0915324990408797,-1.4249104575198535,-0.44351565971235807,-1.0211853811473015,-0.03538658380552007,HD
2022-08,-0.03384420538368598,-0.09652982538321804,-0.07462052299746638,-0.10443614593260361,0.3939669913221394,-0.0432788873308827,HD
2022-09,0.8323574532549182,-0.02323647611415553,0.20581262543218545,-0.15939314237632585,1.5085255955795147,0.07320261437908515,HD
2022-10,-0.31115185110986415,0.03488919184718084,-0.650631101594659,-0.40623588639305147,-1.1085518102290688,0.10069021518473398,HD
2022-11,0.281126623702098,-0.2562206541982939,0.2316206205595379,0.20571974872321866,0.8223199207319394,-0.025082995204721348,HD
2022-12,0.37386478727155636,-0.41344300207062795,-0.39176209177817894,-0.03528867294381314,-0.2582450476399728,0.026313073986172553,HD
2023-01,-0.5031800141709464,-0.34227404524706895,-0.42553241022686683,-0.3241000139842574,-0.46242432641409886,-0.08526040619344455,HD
2023-02,-0.9257411130796217,-0.20108077053295398,0.4677173356721653,-0.04658529400303323,0.005330751177145682,0.002418113871180516,HD
2023-03,-0.2331578436790012,0.05078508079982135,-0.5918138763948835,-0.1103641384648262,-0.15696301766395862,0.01838450292397642,HD
2023-04,0.09098206343317196,0.33368054060019714,-0.32292339284645116,-0.22236288647067087,-0.5561080144832825,-0.05010228618598134,HD
2023-05,-0.49310396263392,-0.20240619690900485,-0.1679289227479977,0.1617801407425109,-0.09735087270163766,0.0959307817281898,HD
2023-06,0.6582665120466824,-0.34030636331475295,-0.4621188744280466,-0.06909838428834394,-0.44929551833065867,0.074674205336827,HD
2023-07,0.4856665230245576,-0.2243179604931693,-0.868509953999955,-0.39077917122911304,-0.6127995597785468,-0.004266649557295166,HD
2023-08,0.3086531067883529,-0.1636072847969575,-0.9368702518968095,-0.15259145732015736,-0.9359669462188683,-0.08521537420664327,HD
2023-09,-0.964335325169932,-0.11046060001928862,-0.6955047473753692,-0.3265952217207524,-0.7184900333804048,-0.057793900119743724,HD
2023-10,-0.59823603626566,-0.41088255193124723,-0.9652837882142609,-0.46040408952430234,-0.6095939011949011,0.10854857399170204,HD
2023-11,0.15481903329969998,-0.3911161545189027,0.3499140415201025,-0.2117657689285256,0.8667422316141629,0.10543885086151672,HD
2023-12,0.7408293458977703,-0.4545368983317381,-0.6089381483252996,-0.042819490534173124,-0.21948796233895276,0.01851512933138122,HD
2024-01,0.0364643697173406,-0.3976422891045892,-0.4645909106955959,-0.36261876295870943,-0.15355478775639048,0.07831451588751448,HD
2024-02,0.47713606598906505,-0.27197517770059154,-0.6131295244257748,-0.27281773445583274,-0.4757299483567635,0.013886574459812229,HD
2024-03,-0.37753210218751315,-0.02217896142751423,-0.34483952327008655,-0.25344538085642454,-0.21161272965698757,-0.1287185668109352,HD
2024-04,-1.2752666506731678,-0.002338826342842148,-0.43011264579939423,-0.14649141673773475,-0.7809776643292187,0.008928852139466148,HD
2024-05,-0.38075673543450617,-0.31104839095077247,-0.13992727869178148,-0.1557243273707298,-0.34127652379835893,0.027982923561122863,HD
2024-06,0.07448242827264913,-0.23663848521274922,-0.08062766733894709,-0.21588379122729268,-0.2711857209610983,0.06947770468944192,HD
2024-07,0.6555940925518313,-0.3318997158356402,-0.3881323763483374,-0.3417656101960684,-0.36666134633037767,0.00700093534763746,HD
2024-08,-0.14053474523520718,-0.28622176784113745,-0.40243016338802917,-0.12559234596865243,-0.30313903199982617,0.09958342715604607,HD
2024-09,1.1788998416340368,-0.3784716049671386,-0.872948744127214,-0.2794478831431827,-0.5468609822103944,-0.02825986791583479,HD
2024-10,-0.40873503747390144,0.04380492519321831,-0.8609285570408195,-0.14744722889504186,-0.7273535586296309,0.09562193772720096,HD
2024-11,0.34805347127850916,0.0676451404819757,-0.4474979825866364,-0.09342470636260192,-0.679005469816385,-0.09355164454702836,HD
2024-12,-0.6449769408397324,0.1325505598796279,-0.4091359740334804,-0.2831057826149847,-0.30767452394830186,0.05912310018301903,HD
2025-01,0.1774615965500732,-0.2434583193682997,-0.5727872435826848,-0.34212599550954725,-0.4080274134210577,-0.03734034560480848,HD
2025-02,-0.4542384527723664,-0.22868277149461436,-0.34586729400807975,-0.324982043432147,-0.16508378914112198,-0.07005905460599915,HD
2025-03,-0.2859895954360651,-0.4812550295832074,-0.44899986537685843,-0.33871866657570004,0.0127952693635318,-0.016393442622950727,HD
2025-04,0.17615958189126782,-0.48264534002767273,-1.1057586659416951,-0.45171124701117865,-0.6415526659614029,0.02164391353811146,HD
2025-05,-0.4621750839468854,-0.03852366364420004,-0.6108145391026761,-0.3628534951936421,-0.2914134515111984,0.0016981709863310712,HD
2025-06,-0.7260238671548077,-0.10442455148282587,-0.4612207997807718,-0.349260383772411,-0.48919004916273506,0.002390083930854381,HD
2025-07,-0.035269249386974774,-0.3345485973309777,-0.5700431614676926,-0.44435058675141,-0.6394273990934334,0.10682599534213155,HD
2025-08,1.037082211570284,-0.5084712716178051,0.10490917906200124,-0.21646762035079745,0.24693623649650062,0.0017534630896021142,HD
2025-09,-0.2879437927339833,-0.26323512798174786,-0.5478777842639935,-0.2465183209006118,-0.2682659821743221,-0.0631642119476884,HD
2025-10,-0.7715032937934128,-0.6011493333351038,-0.9760925007030637,-0.5461129981314511,-0.667198440765062,-0.05973575336981185,HD
2025-11,-0.8864728470620598,-0.7247031340011952,0.44343917600050536,-0.2835835938658854,0.3650665655665087,-0.029664745791580294,HD
2025-12,-0.7265581055538727,-0.8922565115319971,-0.5124973736436104,-0.22606549515972013,-0.8337170488994706,0.08858463518811077,HD
2026-01,0.450982516242352,-0.8125165243538597,-0.5241122040452869,-0.41958916135759255,-0.013293013508414706,0.016366568126847447,HD
2026-02,0.20416202567064992,-0.5591377850080956,-0.937734385819568,-0.5049275244524828,-0.7974150604347789,-0.13035775668314875,HD
2026-03,-1.3656846460576606,-0.4716535528151407,-0.34318978684848633,-0.48174196132795494,-0.19526827007801947,-0.00027364772416305083,HD
2026-04,-0.49523090620208876,-0.6623439829724876,-0.31908066530978424,-0.6029052958799368,-0.08955613072619416,-0.023083941605839486,HD
2016-01,0.0,0.0,-0.42751522156018845,-0.7676695900113452,-0.39353653213691037,-0.05766035227650379,LOW
2016-02,-1.0171113494128317,0.0,0.15041080933469608,-0.45492911053392954,-0.07124433263563447,0.12167166284605879,LOW
2016-03,0.7315839313147205,0.0,-0.8915851803070722,-0.8170598949518703,-0.6961146491184801,0.007231567363622071,LOW
2016-04,-0.14704754457563413,0.0,-0.46299679658360615,-0.8547493124406245,-0.3578518258160708,0.054003433744342244,LOW
2016-05,0.3109382469261653,0.0,-0.006389070614455872,-0.41491925760440224,0.15653452829498551,-0.011994669035984007,LOW
2016-06,-0.16855383281044659,0.0,-0.5902379444468121,-0.6616348769099036,-0.4843315922586803,0.043764988009592276,LOW
2016-07,-0.09898920158032994,0.0,-0.35796350340966604,-0.7713814484347431,-0.2953401611859117,-0.06950028719126944,LOW
2016-08,-1.5886704582726798,0.0,0.897885364190871,-0.329347816524371,-0.11440235564987765,-0.05679012345679013,LOW
2016-09,-1.2153147504143083,0.0,-0.3572595708100886,-0.6289264383555523,-1.0927802170219938,-0.07248036649214662,LOW
2016-10,-1.1649261771229222,0.0,-0.11295855406614602,-0.5636262486477605,-0.3821046932155914,0.05838772270241677,LOW
2016-11,0.0155470332290775,0.0,-0.15653191292445937,-0.48183917785217667,-0.2535716655643928,0.008166666666666655,LOW
2016-12,-0.4781089504909278,0.0,0.525944339760427,-0.6678985995401714,1.3720807065102276,0.0276078690692676,LOW
2017-01,0.08236835596866268,0.0,-0.6020803810687906,-0.9233959396503074,-0.3224223456216162,0.01753539253539249,LOW
2017-02,-0.4068119570233132,-0.5572259588582311,0.2672550710074505,-0.7174309522495055,-0.026458261365468767,0.10545454545454547,LOW
2017-03,1.8927609716303395,-0.42952298149294205,1.9005955920479016,-0.6148669883046433,3.580577475810997,0.0324656750572081,LOW
2017-04,0.5151207742067366,-0.40772195016990326,-0.730189778331271,-0.910904370310551,-0.43418921193060833,-0.07189361407397143,LOW
2017-05,-1.244326000648001,-0.4219715279984966,-0.012224089685371996,-0.35983796351740494,-0.17303432292739598,-0.01582089552238808,LOW
2017-06,-0.4144303969666059,-0.8057556367863007,-0.023718647587659618,-0.6359709937482687,-0.26446643089802163,-0.0016681831968455851,LOW
2017-07,-0.4763952070807936,-0.8354975539338707,0.6074147563230792,-0.5235835175927226,-0.39026062656102245,-0.04542002126689948,LOW
2017-08,-1.1365227483249631,-0.941658110311994,1.1846590396976966,-0.28772028775427855,0.5129643340331606,0.08195416931890498,LOW
2017-09,0.8698611512225733,-0.8885113023994056,-0.4323215334176942,-0.3337163278187264,0.024983785387257165,0.005147815855272908,LOW
2017-10,-0.38527180737042077,-0.5779179285617648,-0.5420101045636266,-0.8482340430654869,-0.6510757523923589,0.04287386596429599,LOW
2017-11,0.10377263040752432,-0.41626943532269056,0.4361893001277386,-0.41122978197742804,-0.2936396023039684,0.11477480005612462,LOW
2017-12,2.472974806756905,-0.47234313945353534,1.3503264648146482,-0.44705636341992694,1.671266271329323,0.13115166771554443,LOW
2018-01,0.6451345970722259,0.049409284727998125,0.40251760343889337,-0.6131988238260331,0.7789108628880493,-0.14454211639034165,LOW
2018-02,-1.8233718655067976,0.24325868313438656,0.1766673868581105,-0.48739627258903184,-0.47444707859657487,-0.02055150884495316,LOW
2018-03,0.25515265414068977,-0.19316999609503857,0.5710686838253198,-0.4487348687935473,1.9596873673680488,-0.056042496679946874,LOW
2018-04,-1.1893259216382024,-0.453091870417313,-0.13345778147542164,-0.6943776471291794,-0.33610731855307624,0.15264490714687695,LOW
2018-05,1.7060742625010414,-0.7558538918173904,2.670374924095622,-0.45854825193775633,5.2005303384812525,0.0058586598315633065,LOW
2018-06,0.03541087649673728,-0.043021471755384344,-0.9122202436420843,-1.016551856405346,-0.5450817654691361,0.04441208591190393,LOW
2018-07,0.14112307092626739,0.05594070563190761,-0.8584015826145222,-1.087925145136377,-0.4998990165654203,0.09480655280585593,LOW
2018-08,0.84511784910587,0.295224577355828,0.5275719925694103,-0.5628491466194554,1.2233518609381655,0.055820863843786483,LOW
2018-09,0.7550467147631582,0.7380383790238052,-0.30973341236045626,-0.5990262011774965,-0.011259301986925449,-0.1666499145642778,LOW
2018-10,-0.9689354052803549,0.626012056759227,-0.7385388362886883,-0.9772973490502433,-0.8469680343101028,-0.008925340730913,LOW
2018-11,-0.33543259234417955,0.4573940712214471,0.10784495720572711,-0.8865267082634357,-0.38244152241690366,-0.021297310453937013,LOW
2018-12,1.1625543154452394,0.23520616569508526,-0.2679237534456437,-1.0935739119693448,0.18037703455899165,0.046505844317333844,LOW
2019-01,-0.4123729228081288,0.07594000853733275,-0.26088871564330235,-1.077266157831601,-0.5996853141405069,0.09279942965779475,LOW
2019-02,1.2604332181935598,-0.2904976538244531,0.3032539817084611,-0.7958627051928885,-0.0024142327995956663,0.04164401435250631,LOW
2019-03,0.47467710677642905,0.5687803087801362,-0.32855944111150115,-0.8445307598290562,-0.046140398290236986,0.03799582463465545,LOW
2019-04,-0.11872582881188382,0.5309575446004775,-0.2817310166190763,-0.8229873022444455,-0.44594072892349984,-0.1755832662912309,LOW
2019-05,-1.389059128175507,0.802944057788881,2.523079527572493,-0.4622651821643312,-0.4104311408963968,0.08184923151988288,LOW
2019-06,-0.01297181831089152,-0.18098056358710687,-0.3280435942890326,-0.8652844148700893,-0.26077311645458995,0.010260457774269982,LOW
2019-07,-0.13781884255492316,-0.18739463426343128,-0.24966829482024602,-0.8603577913794652,-0.2573120864456054,0.10647321428571432,LOW
2019-08,2.00614771842354,-0.26053504573899167,1.3328901742262311,-0.54404936220306,2.862860076423658,-0.019971757111155952,LOW
2019-09,-0.7691241417220267,0.06015925840681203,-1.072975154172467,-1.0098475714376243,-0.5341387468475502,0.019967064635652454,LOW
2019-10,-0.16640422280350026,-0.33515449097989747,-0.5588457094260166,-1.0981939586320564,-0.356860341468323,0.051160443995963645,LOW
2019-11,0.0892615240950443,0.22703047547521019,0.04903516388407386,-0.689047722563115,0.7030131174010076,0.020831333397331342,LOW
2019-12,-0.2722236121574599,0.4409735687739951,-0.6695142915941064,-1.0815612160757693,-0.7770486027100711,-0.025014105698702216,LOW
2020-01,-0.2862601015882388,-0.06498456445076357,-0.4659966901438689,-1.0380679803788604,-0.16915240267275944,-0.08323688271604945,LOW
2020-02,-0.03575820070176655,-0.046960723001211485,-0.04377708575493176,-0.8731278087612174,-0.24173589851773644,-0.1925302472382956,LOW
2020-03,-0.4755041362358129,-0.27852385049772527,0.7514174121602502,-0.9435982265364732,0.0006169780001985435,0.22436482084690557,LOW
2020-04,1.040799078265414,-0.5399720433038379,-0.1588659009766534,-0.8295375614418014,-0.11279950999038223,0.24443971480259652,LOW
2020-05,3.497579130484997,-0.22594378490522737,-0.8155225969955553,-0.4641029449412549,-0.6445331879396279,0.036514451855652386,LOW
2020-06,0.22497849190733907,0.41335046097891076,-0.537023826447404,-0.7201999430614245,-0.5044393759185091,0.10634436102631795,LOW
2020-07,0.675487936087731,0.39013777946872913,-1.0276745447467115,-0.730755246991505,-0.6676051103504204,0.10596569724086513,LOW
2020-08,0.17651076854042586,0.4100767315836911,-0.3990012468668855,-0.4377876644488086,-0.4457479848757792,0.007079765356348355,LOW
2020-09,0.7262698097335311,0.07038891938599671,0.12177203315322885,-0.5894739518757078,0.005876760043296467,-0.043452062131762226,LOW
2020-10,-0.25076423811605475,0.20305733562032563,-0.7270286522093662,-0.6193799651813406,-0.8828358473602522,-0.014418702316791543,LOW
2020-11,-1.5159982359507655,0.33256129456235645,0.5415152407884191,-0.3349091675842331,-0.9854691646445413,0.030040480079539744,LOW
2020-12,-0.2727672837187154,0.03609509358019116,0.20019735597679686,-0.4083564936324364,1.1336318539437373,0.043160507446221796,LOW
2021-01,1.1212723007218783,0.04547300646738281,-0.8272880160343995,-0.7522973746846678,-0.6082958693820355,-0.04256444150693983,LOW
2021-02,-0.9579496608861726,0.29661443792843784,0.17721038471476186,-0.7673521804249719,-0.7113853214601272,0.19052878641446913,LOW
2021-03,2.3585570254249753,0.2462160564385942,-0.24931752451337694,-0.7634722370101623,-0.23916780946357555,0.03496462947929957,LOW
2021-04,-0.05144681380829957,0.7944232194045914,-0.5742458378928846,-0.619408015108938,-0.6166805549706894,-0.007227295646815013,LOW
2021-05,-0.5984881683379006,0.7236322448800522,0.7156367958059544,-0.45770373412084336,0.14274129427791904,-0.0044582392776523205,LOW
2021-06,-0.38540089473248756,0.020132170935105286,-1.030674027714105,-0.6402666485379362,-0.6238345664099441,-0.0024375035428830794,LOW
2021-07,-0.3234648193062161,-0.1177624954733319,-0.5296865120963128,-0.7800184669101843,-0.6598472938485456,0.05813160586430288,LOW
2021-08,0.7214877657613269,-0.48977702634962555,2.677418522234896,-0.32203706616957783,4.60294016630188,-0.0050480640137479105,LOW
2021-09,0.4022705236034173,-0.4331230678992808,-0.5405667372400702,-0.792496501370843,-0.7550538075521613,0.15679818643061472,LOW
2021-10,1.0418298290556245,-0.47759118221209723,-1.3679156130617098,-0.7362563358117687,-0.7164858803329719,0.046052631578947345,LOW
2021-11,0.4849410802077647,-0.08944254730854584,-0.5290650918756847,-0.6402859589450035,0.24658012340039098,0.0567821936750077,LOW
2021-12,0.27212166289849377,0.9182683092646877,-0.5640969030604498,-0.5630125337800804,-0.6797230613102141,-0.07871855478642575,LOW
2022-01,-0.557252397788441,1.2785040071407927,-0.03804295247558716,-0.6840461303606313,-0.12057462195826965,-0.06863059513446657,LOW
2022-02,-0.519024649332185,0.5638208397294259,-0.5384311790350345,-0.7689233474917093,-0.651055792907428,-0.08534605735648582,LOW
2022-03,-1.380321835857921,0.8929493447794775,-0.2014066465581217,-0.5738694070372568,-0.5616618800790992,-0.01812412606217062,LOW
2022-04,0.6955207754794349,-0.24852148857392958,-0.27846781772158957,-0.6261512082498392,-0.4774134109980572,-0.01226926658268046,LOW
2022-05,-0.4207301407355895,0.03249395114224579,-0.10789127762938841,-0.6286418859112591,-0.40523811033322055,-0.10563966062219265,LOW
2022-06,-0.18106666646939984,0.014007844798334038,-0.2279599073931799,-0.6968341867747541,-0.4191609608504392,0.10274057539682535,LOW
2022-07,0.15719620201853235,0.048115716746587524,-1.2328480687891186,-0.7259128214171968,-1.075261575384261,0.013663199325274045,LOW
2022-08,0.817762058467685,0.17899492767646136,0.6160727459271133,-0.39486484192258176,0.33944898494369413,-0.03261593077435099,LOW
2022-09,0.9917170255478424,0.17732383215330427,0.09415046784883979,-0.5447606380272351,0.9708013690688256,0.04369266055045884,LOW
2022-10,-0.5595037739777952,0.34359905372983257,-0.22161834975583677,-0.6743077770382627,-0.8525311963755445,0.09026480606526732,LOW
2022-11,0.1497649065866394,-0.1452696891124272,0.5663123765872409,-0.603239819856948,1.063377480545767,-0.06263542454018634,LOW
2022-12,-0.1521680402564086,-0.2573909484766551,0.11074012476179025,-0.7049367735265751,0.10913165779481561,0.0505859584990862,LOW
2023-01,-0.2775748854941251,-0.32697987167912157,-0.42559142578663933,-0.8613508206912391,-0.27510542741937594,-0.01197359668423481,LOW
2023-02,0.2138327459291073,-0.2478263456627578,0.2503111291452369,-0.7459600358032723,0.05461301030795366,-0.028121601325806656,LOW
2023-03,-0.5210172935924066,-0.01498595415297255,0.03943681700924378,-0.7529111217217254,0.00756363796569466,0.04454865181711609,LOW
2023-04,0.5481104244624899,0.31761458494919637,-0.4288241194285313,-0.8082387596161342,-0.6537823505949238,-0.03224160799918385,LOW
2023-05,-0.332866480126913,0.012583751290370192,-0.1145676568518185,-0.7325092640072568,0.029170328094975898,0.12214022140221403,LOW
2023-06,1.1094199990034248,-0.03188958968861389,-0.341256839270195,-0.6767929535712496,-0.2772598545374868,0.04289002677690612,LOW
2023-07,-0.05173338615481515,0.19649585770531725,-0.9664863457051305,-0.9984923741401521,-0.26942164321002343,-0.016171171171171173,LOW
2023-08,0.06277684955478642,0.1748059861629554,-0.02269938625146092,-0.7311868504384723,0.49163977750899474,-0.09825557437846255,LOW
2023-09,-1.2566142299242167,-0.01908992379912636,0.11146178783193653,-0.6046956433792532,-0.3330133885500675,-0.07773546585427771,LOW
2023-10,-0.9448708992162982,-0.40037288195477316,-0.6792049542836264,-0.9468665280541294,-0.4543349553554646,0.043327460911693594,LOW
2023-11,-0.718118859147852,-0.3675384536846146,0.19509743611714656,-0.7665716075947805,0.34010688892811086,0.11930768824864124,LOW
2023-12,0.9500842364785802,-0.5549478313187568,0.1464496011384463,-0.7120132042045082,0.5830001367864382,-0.03879879313596091,LOW
2024-01,-0.6694912894306615,-0.37204828327477596,-0.4618680883615872,-1.0008201403295853,-0.6012536080736183,0.13075678061699958,LOW
2024-02,1.2123713080950678,-0.4484417012063366,-0.126230609393965,-0.8420898818370154,-0.05135722515400194,0.0584255042290176,LOW
2024-03,0.2619196384958814,-0.2829284183213771,-0.2370804429925161,-0.9236445691818066,0.12190725525996919,-0.10068846815834775,LOW
2024-04,-0.8628407966640909,-0.08642848403037368,-0.5345968299488839,-1.0492257356969852,-0.6493646120134374,-0.029391660970608302,LOW
2024-05,-0.9383645701288665,-0.36811443948943384,-0.3555279299613203,-0.9651687339391967,-0.25352669608925144,-0.003755868544600971,LOW
2024-06,-0.39355930650532966,-0.4980676710931504,0.1541811745358515,-0.8482484921363381,-0.07032344986525081,0.11903864278982113,LOW
2024-07,1.3328407360500512,-0.7247619239010114,-0.14843505056790923,-0.9696633199464422,-0.0419813614291936,0.012170470816137424,LOW
2024-08,-0.06606897028103002,-0.49810480474317786,-0.21629265154736765,-0.8654920856018647,0.08299296393463115,0.089952153110048,LOW
2024-09,1.0232237606559496,-0.5187239126902431,-1.0036580389072136,-1.064314522727284,-0.6828824775804095,-0.02923998931175331,LOW
2024-10,-0.42613872703370487,-0.0805404742409928,-0.6900167118578882,-0.9446019631701044,-0.6257403736122947,0.04050174983288124,LOW
2024-11,-0.348806968979018,0.020923425745832364,-0.07205931646945411,-0.9610587309628394,-0.3038893993831143,-0.09410075205018709,LOW
2024-12,-0.6510456542328235,0.11619686072221153,-0.5295101849103915,-1.009469787016452,-0.5074122146374412,0.05827875349380496,LOW
2025-01,0.16499566042343117,-0.2984168897179201,-0.7308141378567468,-1.1550605103714637,-0.8281467270531525,-0.04383475244402402,LOW
2025-02,-0.5338687312953797,-0.09421173404333374,-0.28584955468959067,-1.0565881262209917,-0.45005097792095405,-0.06200527704485481,LOW
2025-03,-0.16032576492266318,-0.5333497363426611,-0.5533186522761706,-1.1991744764805614,-0.41626471441885976,-0.03639240506329111,LOW
2025-04,-0.08417324478401692,-0.6736062996551226,-0.969424001099515,-1.2670796447263082,-0.7501079998651717,0.009715380405035612,LOW
2025-05,-0.5906675450930796,-0.41755603662801183,-0.25634153090466055,-0.9678943796200808,0.16081872136071212,-0.01707548448299223,LOW
2025-06,-0.9490363169269199,-0.3675890711990088,-0.3054618717065139,-1.1410266019288668,-0.2390487444150601,0.013006112413254112,LOW
2025-07,0.10326434148875643,-0.5549426530788896,-0.04198378704763996,-1.197233459671599,-0.018060179743912486,0.15425097541057986,LOW
2025-08,1.7913814878061345,-0.8237388013043766,0.21424540117530547,-0.7664259384750389,0.7415151365993116,-0.026177187328040197,LOW
2025-09,-0.5591117293276792,-0.5113933215848275,-0.37451018731341446,-0.9373810972570665,-0.3189682490635997,-0.047747820471423896,LOW
2025-10,-0.6328521217349335,-0.8654541448197396,-0.8702572220987955,-1.1832748581814385,-0.535956614253542,0.0182681303776544,LOW
2025-11,0.25189663942338064,-0.8948922890367531,0.12480264806100994,-0.8846494381299523,0.2605067860719518,-0.005452880452880504,LOW
2025-12,-0.33284631958188676,-0.7209474590048222,-0.588920398044804,-1.0550312708539626,-0.9309942509566527,0.11237600970995665,LOW
2026-01,0.6620810191287574,-0.5815464217938281,-0.15651664393858233,-1.1530750194805495,0.027202090122945624,-0.009293400556851461,LOW
2026-02,-0.1034030741709915,-0.3429819534964274,-0.36899795751752207,-1.1717814235091746,-0.5599074699873929,-0.1069461851050093,LOW
2026-03,-0.9959480355447411,-0.2763658016557987,-0.05270683922317309,-1.2979016714631075,0.44376670499028303,0.015479481182224086,LOW
2026-04,-0.42146981874802675,-0.4255434103428426,-0.2696167624701596,-1.2524295247680675,-0.14779388871431676,-0.08756648100841746,LOW
2016-01,0.0,0.0,-0.6962922631971526,-0.25088797799043344,-0.6644793341760528,-0.006824050165990414,NKE
2016-02,0.05261861760813046,0.0,0.11832968931406371,-0.10190293469049494,-0.3644193017362351,0.0005571030640669772,NKE
2016-03,-1.4391766279184781,0.0,0.440039925334282,0.20711294463192959,-0.41380727466734624,-0.04101707498144025,NKE
2016-04,-0.87078875518668,0.0,-0.27362367726627157,-0.11574158733260512,-0.27688905355828225,-0.06328623959744539,NKE
2016-05,-1.306113750859079,0.0,0.026017253265004724,0.030692489726873735,-0.5670803476443459,0.0026859504132232814,NKE
2016-06,0.08549827703448112,0.0,-0.17681233201867314,0.4690868157987638,0.431141853400432,0.0053575108180505815,NKE
2016-07,-0.6974505529079162,0.0,-0.3316786649143428,-0.23653179609709704,-0.3572934274400141,0.03853248616519789,NKE
2016-08,0.43998744183678073,0.0,0.6473842226671777,-0.036551872065968403,0.5032809903005574,-0.08407341622261699,NKE
2016-09,-1.8001203976700662,0.0,0.2134287518937005,0.034985605414368785,-0.48128767979717885,-0.04675716440422306,NKE
2016-10,-0.7180253979455667,0.0,-0.13115088423241508,-0.3258085712449702,-0.3571384365615264,-0.0022603978300180794,NKE
2016-11,-0.6415160645129028,0.0,-0.6850906437428472,-0.8097362981554393,-0.5642265145625802,0.018803806071590268,NKE
2016-12,-0.2730279132449736,0.0,0.25422025654809843,-0.2535975428150584,0.06935464595469625,0.04069379586390931,NKE
2017-01,0.2914208077854194,0.0,-0.2359405605735594,-0.5168524824385746,-0.022524201070082267,0.08055555555555571,NKE
2017-02,0.60961920135905,-0.8411829697439985,0.05273044672012984,-0.32058575592184124,0.054259388485466624,-0.021949772592446126,NKE
2017-03,-0.730926889687747,-0.6521849438439016,1.4548507224728395,-0.056884333990979405,0.08527737391678863,-0.005661140315406432,NKE
2017-04,-0.34519408092330633,-0.7008978937460979,-0.6215215686673146,-0.645296927321846,-0.41129070573882454,-0.040463603090687306,NKE
2017-05,-0.8104553023737282,-0.7960980911961066,-0.3538152983061076,-0.22867695915637487,-0.4218885797833996,0.113583386310659,NKE
2017-06,1.8723155343565572,-0.851275841210582,2.260450933092758,-0.08124563240061186,3.7181289657167214,0.0007611798287345817,NKE
2017-07,-0.43451473644632965,-0.5934910490174845,-0.14287967018241535,-0.4624051896198646,-0.20798499259314351,-0.10249096786461309,NKE
2017-08,-2.441189317967068,-0.5692494489534652,0.7381422325584623,-0.4056368219316896,-0.48169248598884684,-0.018220338983050866,NKE
2017-09,-0.872074667098795,-1.0040686620196588,-0.5788106018673428,-0.27493738638352794,-0.5188679599027968,0.060638757013379285,NKE
2017-10,0.36702121699410417,-0.9253719324938939,0.05434207931006526,-0.21620980801366396,0.10071969823707962,0.09867751780264489,NKE
2017-11,1.0603007764425854,-0.6778136240720816,-0.4719889555094273,-0.44802425030175064,0.23164009318509624,0.038703703703703685,NKE
2017-12,0.5643136080849956,-0.3493242971221519,0.3323296575351739,-0.240091899965589,0.7670477210240804,0.09056872882866807,NKE
2018-01,0.1682492889974095,-0.20318962923123338,-0.0780908602837174,-0.8683696581783046,0.5660628884043388,-0.01732875592610761,NKE
2018-02,0.2875560983314169,-0.21385489277916953,0.06034487760315387,-0.8351984692985611,0.9122841811690834,-0.005822658459490926,NKE
2018-03,0.5165555354696802,-0.2702007834037683,-0.8931651870004227,-0.7036103549885803,-1.0524926536454182,0.02928380187416324,NKE
2018-04,0.35309980977567024,-0.025759525195713433,0.03174179188628593,-0.7078926684055497,0.11247204930052054,0.049910583644935835,NKE
2018-05,0.19953991737093427,0.12100781671520475,-0.25117609682222447,-0.8813385603910308,-0.05714766166548072,0.11288324558686913,NKE
2018-06,1.8632352683074116,0.43320976580247433,2.048512322884941,-0.6150871303203318,4.4899600022836195,-0.03478502852372334,NKE
2018-07,-1.145020296088215,0.4225796061217876,-0.39431114222331337,-0.7520586554409445,-0.4776001341528206,0.07150064869540129,NKE
2018-08,0.5118749694846012,0.3407262036173369,-0.28083453664242347,-0.6311570279481701,0.08438647903313755,0.030674021256558603,NKE
2018-09,0.33614589860819055,0.9873785941844722,-0.0393760587124275,-0.24918291603566026,-0.1036158233971958,-0.11434538571987996,NKE
2018-10,-0.45569684519951115,1.1992983553023095,-0.17118958048452984,-0.633092035585837,-0.3476914202336621,0.0041267501842299215,NKE
2018-11,-0.1803515998020818,1.2301333306281041,-0.35982798770253,-0.9391683981189564,-0.1965516459755882,-0.013063261412006422,NKE
2018-12,1.3235948059020268,0.696975195478654,1.1453655582300926,-0.6404679647276174,0.8323109338231091,0.1044021415823917,NKE
2019-01,0.21183997684396613,0.893435780214948,-0.8950307061807771,-0.6993468832629365,-0.7908122419603901,0.04699703743603556,NKE
2019-02,0.23253894563438135,1.0633790900018487,-0.8524040128033228,-0.7844614811423782,-1.0905925680270323,-0.015176848874598137,NKE
2019-03,-0.6357027892405628,1.0084712595108405,0.5738429571344424,-0.45337105451317267,-0.41374119819049615,0.042967219537678014,NKE
2019-04,-0.06369869425217159,0.565155690908171,-0.5922894139573668,-0.7231134064691777,-0.5654155473519372,-0.11920861507638358,NKE
2019-05,-0.5574926496892206,0.4418578867160288,-0.32018363581472004,-0.4145411360338552,-0.6765847163707199,0.0882854705715097,NKE
2019-06,0.11299713873847328,0.1683450345970826,0.1272344522750571,-0.5774135290063412,0.4587900149467282,0.024689745264532936,NKE
2019-07,0.14093002740540891,-0.23170597353745317,-0.6699759273125335,-0.7197370008183184,-0.5304918166156575,-0.015170831208566993,NKE
2019-08,0.16836768609491265,0.14058991965496656,0.19893971168141786,-0.6868477173367913,-0.20680304603465116,0.11145631067961159,NKE
2019-09,1.7061169007197237,0.004911259338525315,0.02596018381500789,-0.4597825467855092,0.8732422591042511,-0.04658746797111579,NKE
2019-10,-1.1221346457401724,0.4070542213714424,-0.7110074488678482,-0.3179351748532794,-0.8634018414719119,0.04678719765453221,NKE
2019-11,0.0036432993705373786,0.28630581739703365,-0.597212661285047,-0.6570551771139921,-0.5190282857428795,0.08355700781888209,NKE
2019-12,0.8813830429836684,0.38786197625417995,-0.5049052654896481,-0.3971683128365671,-0.13712945628476225,-0.04943457189014533,NKE
2020-01,-0.5354355772777971,0.17265905418925015,-0.9373709554816058,-0.6679575914992364,-0.7534714998070668,-0.06934058463630188,NKE
2020-02,0.2055028978581383,-0.21110772003009196,-0.16538219952598524,-0.5738059144139205,-0.02687116085881848,-0.07426345264183098,NKE
2020-03,0.5425239457387219,-0.1945802026013428,-0.44821833730795796,-0.4422581997839911,0.26242507518147545,0.05365597054182003,NKE
2020-04,-0.8417159948141704,0.16132379707105787,-0.6572652348716223,-0.6668220972918205,-0.33594004548615614,0.13354967548676977,NKE
2020-05,1.5482009789542492,-0.07842865878342448,-0.5151317083018545,-0.6890466596025963,-0.2638482344713661,-0.005285179475886248,NKE
2020-06,-0.33545248245573234,0.17146731047876393,0.30768895124566037,-0.4507231899360254,-0.18294642938902947,-0.004538410449413277,NKE
2020-07,-0.45826878886213257,0.07466378867123703,-0.6002605715166328,-0.693852803440666,-0.5860363631676567,0.14878238630045582,NKE
2020-08,0.5495606614798626,-0.055671156888352294,-0.3548365577793008,-0.4933325170971668,-0.1743254514079998,0.12205981995934567,NKE
2020-09,2.699301622445206,-0.044330606236278235,0.40955948041223444,-0.11319475110522408,2.37940707001517,-0.04356452726017945,NKE
2020-10,-0.2524889672074716,0.03703942785464943,-0.90763764967589,-0.49332811128461573,-1.0223429259292733,0.1217642283755751,NKE
2020-11,-0.3090679595800436,0.21978245357843648,-1.279783164903824,-0.5874164894885643,-1.1104287386338567,0.05242421805901731,NKE
2020-12,0.07793962055698775,0.13171526208037998,-0.059905691343714776,-0.36314498549508467,0.6756359726206936,-0.05569562227824887,NKE
2021-01,-0.729251516262595,0.09084240951071396,-0.6679256260988107,-0.7127088111211499,-0.584421357683088,0.01092233009708754,NKE
2021-02,-0.4250309559745006,0.21348945015247422,-0.13452784757396055,-0.4993327930096987,-0.2173598274573928,-0.014005602240896309,NKE
2021-03,-1.0703856470808135,0.24107897255869445,0.022764987397080796,-0.42202756533603436,-0.2786944677675708,-0.0020292207792207417,NKE
2021-04,-0.7789523554524331,-0.1151432274664608,0.23899969911967966,-0.3371507292576381,-0.6277657690924633,0.03098820658804402,NKE
2021-05,0.20968329981569217,-0.026778019346983074,-0.2632490609724344,-0.5172271803370689,0.34216148291090476,0.13213947617544952,NKE
2021-06,1.8938922472820852,-0.26609368177050907,3.778604194703199,-0.054497786593380976,6.049669216132087,0.08431468190370017,NKE
2021-07,1.2923705956500375,0.2611901283029031,-0.976385423639871,-0.388984206531409,-0.5114409871641311,-0.014909067540646581,NKE
2021-08,-0.8004019164465515,0.9108176764851841,-0.3956233453178848,-0.4358844466099452,-0.8085380610120598,-0.11846826276991318,NKE
2021-09,-1.4948913969153497,0.3504503991926863,0.6089703391277388,-0.053938059777567986,-0.5808403902812335,0.15192777325538365,NKE
2021-10,0.9868294797858423,-0.7057561896122047,-0.7041229793092352,-0.3072849926575197,-0.546708742355259,0.011627906976744207,NKE
2021-11,0.15053665214765408,-0.3195556499290395,-0.1353684159212347,-0.4222487007634108,-0.30844419436133697,-0.0133993776592366,NKE
2021-12,-0.7017939490079986,-0.1561245687153174,0.003322551533766664,-0.4781490980697692,0.8735479256669486,-0.11161174047373845,NKE
2022-01,-0.8782555543921394,-0.40202560024977424,-0.5649323552118974,-0.6967970475558168,-0.8690292464900163,-0.0777423561802637,NKE
2022-02,-0.653211561305184,-0.6012551749639541,-0.4616632377063174,-0.7002905217769552,-0.5987837824132215,-0.012334040380234224,NKE
2022-03,-0.382033203039387,-0.6521471355741755,0.539641469162973,-0.42426041839357453,0.2732861113071927,-0.07333757556474707,NKE
2022-04,0.14388629207541334,-0.44643535879869545,0.4404052635404651,-0.6247216093776493,0.3212908194104273,-0.046866952789699545,NKE
2022-05,-0.868829629569126,-0.23924279067314272,0.33705267540929296,-0.5869022507496441,0.160405487546822,-0.13796829971181557,NKE
2022-06,-0.6174512907409485,-0.46793241667077956,0.6726939498165099,-0.4514694264448689,-0.004071210907562014,0.12452987881320521,NKE
2022-07,0.41240482007517415,-0.9256319641086663,0.43702655025249254,-0.49886544548969847,0.11429897200869704,-0.0737643998513563,NKE
2022-08,-0.7001629218277368,-1.0129487350168824,0.012771242664639647,-0.5885742776400139,-0.45905246541661754,-0.21685055165496492,NKE
2022-09,-1.7616985238289544,-0.9060895623771279,1.9330924432603278,-0.3009285245141297,0.08097287720066354,0.11501024590163933,NKE
2022-10,0.0406957234230434,-1.038056046167628,-0.21756764190497405,-0.42959170670972974,-0.4093031464461931,0.1835515736273834,NKE
2022-11,1.3251921565569638,-1.0862288805460814,0.6784081180809842,-0.5481708023414209,0.6100327731458571,0.06997282608695654,NKE
2022-12,1.7054026752832723,-0.9414208415131379,2.163831979357608,-0.17183299201790186,5.227258156392367,0.0881632653061224,NKE
2023-01,0.0716886366480217,-0.5623657892557617,-0.8065024789076691,-0.48527633437898465,-0.4266443389056992,-0.06701675418854702,NKE
2023-02,-0.6420612932476396,-0.3673476748031113,-0.32772869835265583,-0.6286778728893938,-0.325317572610031,0.03528991333869369,NKE
2023-03,0.07668322888331312,-0.37942738808111376,-0.04973435339014537,-0.5596730373506787,-0.06131519509661238,0.03331032102174669,NKE
2023-04,0.3517593121761828,-0.2038726310532881,-0.5173121428051396,-0.8126468340269243,-0.562566518514515,-0.1693669617504594,NKE
2023-05,-1.5630897249099245,-0.19806770824127817,-0.17961486363314672,-0.3784598610957145,-0.4433749923949492,0.0519806957570883,NKE
2023-06,-0.09826376042467104,-0.6048616756323073,1.091686155927861,-0.20973937093411302,1.5257941547720053,0.0001911497658415584,NKE
2023-07,-0.77367661915509,-0.4137985270558479,-0.6292032589181445,-0.6076089869488337,-0.982595619777227,-0.07864309603440045,NKE
2023-08,-1.227519692025115,-0.6844663420198849,-0.30244729380071655,-0.43147272125196234,-0.3580851122332918,-0.05673096867869731,NKE
2023-09,-0.3258949070330506,-0.6534038310876816,0.9887638028701773,-0.28321169326684553,2.901972545185021,0.07476635514018692,NKE
2023-10,1.705996566450853,-0.3185357322328745,-0.29596112538313585,-0.35975252403660696,0.22053798343319153,0.07294117647058829,NKE
2023-11,-0.32176048335915924,-0.08610171997639474,0.28829145066338646,-0.45923487053543977,0.2526498431897099,-0.012109077040427074,NKE
2023-12,-1.032749657484146,-0.3952377570168945,2.6526150469603142,-0.1854442422276788,-0.1253182123095422,-0.06485860438181645,NKE
2024-01,-0.9904791128661147,-0.7773517758050972,-0.055194654299530264,-0.5210554996332212,-0.6682932086430136,0.023635050056765472,NKE
2024-02,-0.2894645090561686,-0.9971883943358181,-0.08622317982869959,-0.5631546882587353,-0.20507066880629846,-0.09245815688646908,NKE
2024-03,-1.9043385145612781,-0.9242683972011273,0.5323343187815592,-0.3710515244084424,-0.5833000549585875,-0.018331296522608675,NKE
2024-04,0.34893613165244347,-1.3831395386593326,-0.33322008685822113,-0.5761293510207323,0.11995168048921422,0.030217292892711578,NKE
2024-05,-0.07098527391105428,-1.3569930480476864,-0.3003043755481367,-0.5628499954984931,-0.4791372452398674,-0.20388882785894757,NKE
2024-06,-3.3448555357920364,-1.1032982313001898,3.737074032808573,-0.13019409164986342,-0.558773676295803,-0.006761418518007378,NKE
2024-07,-0.3862080256993813,-1.5756360261195252,-0.1922514812244937,-0.1406850863766535,-0.3665111308349157,0.11294804112253387,NKE
2024-08,1.3856049599188232,-1.7992507430389628,0.046296915520247034,-0.44171940366514595,0.42711544691192016,0.06565971788790415,NKE
2024-09,0.6305705047381844,-1.3747854925859564,0.17812398255424833,-0.3941418255646437,1.344052394620118,-0.12744523837413624,NKE
2024-10,-2.1699366636384574,-1.1452852433800589,0.2556939835724288,-0.4402835318299657,-0.4835425017699329,0.021210900792052678,NKE
2024-11,-0.5926927405824676,-1.5559886723561538,-0.26618140932285284,-0.7606371862956425,-0.6114325235197089,-0.034441961351386774,NKE
2024-12,0.008300830830163424,-1.668221868948382,-0.49869662500381057,-0.5024889699266102,-0.06915426937987698,0.01620149761742673,NKE
2025-01,-0.45623302542307265,-1.4607419409387652,-0.1927439177592781,-0.7070246918184145,-0.45014036304826394,0.03295819935691302,NKE
2025-02,0.4077175123609524,-1.4115415598859278,1.14678054462561,-0.49016232824541317,1.4364662481940034,-0.19675745784695198,NKE
2025-03,-2.262876410388963,-1.4579017725855867,-0.4010516079112654,-0.5269196302337543,-0.2986749135346493,-0.1115775875989019,NKE
2025-04,-1.0628825729295261,-1.6706575589879435,0.8647571342899943,-0.34756290049321986,0.3732844685166894,0.07433660487095595,NKE
2025-05,0.10542308744940598,-1.758615187664969,1.1603739665097335,-0.6235536858401153,1.455144390023936,0.1801725596345798,NKE
2025-06,1.394075263196425,-1.6495111465866892,3.003201477132098,-0.3428695392455964,4.640785616812264,0.051462155963302614,NKE
2025-07,0.6050954935711085,-0.7667968120024284,0.873523556432007,-0.5372187518716158,0.5401289546841576,0.035855487389229834,NKE
2025-08,-0.09171115230041116,-0.5194427817414645,-0.45476996424174837,-0.9031471826678771,-0.17546836171425234,-0.09410371150302721,NKE
2025-09,-1.2185842129644513,-0.931005490540327,-0.3183396217667849,-0.6378500230863235,-0.5624394064360086,-0.07365974139183495,NKE
2025-10,-0.8658974625614861,-1.338640876573576,0.47891864941955153,-0.6205642485334045,0.5047681615761375,0.0006273525721456341,NKE
2025-11,-0.005548531341120822,-1.101287076525136,0.29328543729449436,-0.7448683122537936,0.1595262197292158,-0.007993730407523492,NKE
2025-12,-0.3741633581303529,-0.9154904779055231,2.2431800504901234,-0.3395944980732479,0.5976166569771519,-0.02986253752567547,NKE
2026-01,-0.5999874816469422,-0.9278549429078966,-0.36722428739136076,-0.8867380691222096,-0.4028398699524543,0.006026058631921849,NKE
2026-02,0.08021877872348421,-0.7630661459494428,0.16209954046545966,-1.006006292337047,0.5998585079154687,-0.14489234256111383,NKE
2026-03,-1.595227908447858,-0.8225716699380531,-0.4779364084037857,-0.9547099308623485,-0.24159836812179228,-0.16016660355925783,NKE
2026-04,-1.2438998448444332,-0.8025464099913562,1.3579455263261728,-0.5239066592023502,-0.661735507800173,0.06785392245265998,NKE
2016-01,0.0,0.0,-0.22442579301388052,-0.04944656373748331,-0.319603310397912,-0.038966365873666864,SBUX
2016-02,-0.6237405370605814,0.0,-0.22668381371325985,-0.17343289516953497,-0.852841009231841,0.025608194622279257,SBUX
2016-03,-0.9901808868763466,0.0,-0.3839146669297824,-0.32993527188688604,-0.1721164928388439,-0.05805243445692887,SBUX
2016-04,-1.126323234308583,0.0,-0.06653007981782989,-0.09834861563831848,-0.20975889900602274,-0.02032250938811575,SBUX
2016-05,-0.7137803954335717,0.0,-0.5560705682814029,-0.34845355847135545,-0.43643208008309625,0.040586245772266105,SBUX
2016-06,0.7413731897399304,0.0,-0.46899002740254186,-0.4899925048402107,0.21182791537455112,0.01625135427952329,SBUX
2016-07,-0.5277038068097394,0.0,-0.3420165437877679,-0.037203355189538545,-0.4002565204616853,-0.027931769722814415,SBUX
2016-08,-0.8080897257946948,0.0,-0.07016007800562182,-0.22077980633985675,-0.20263210654012986,-0.03706953279227909,SBUX
2016-09,-0.7926123703603033,0.0,-0.85541306312063,-0.38569846995204377,-0.883053227316453,-0.019817767653758533,SBUX
2016-10,-0.24999512095284906,0.0,-0.8512875652654945,-0.8016975317788712,-0.6419144100267707,0.09714152916569829,SBUX
2016-11,0.43540664141658686,0.0,-0.3829769970620166,-0.2745891587272464,-0.21715913526804909,-0.04215208642236823,SBUX
2016-12,-1.4482402690337477,0.0,-0.36237796964671626,-0.61990916803564,-0.312459178745505,-0.005528527200353794,SBUX
2017-01,-0.4469976563318554,0.0,0.2194494717330454,-0.4211568170341483,-0.4104238166597991,0.034689793195463725,SBUX
2017-02,-0.13013435895533185,-0.7422842660425657,-0.09497105811367638,-0.29161655932330516,-0.14280861642862933,0.026649473457984074,SBUX
2017-03,0.26989673926252444,-0.5841259033583978,-0.3652110845280347,-0.3695529873093251,-0.3694765056084914,0.02867908729328028,SBUX
2017-04,0.4296780832365214,-0.5779542002136617,-0.3323717086477089,-0.23679417335763667,-0.3299205229173005,0.06349206349206349,SBUX
2017-05,0.6245845286277152,-0.5101939081932886,-0.39772731417230006,-0.6183810316860929,0.11408716578294753,-0.0834290088021431,SBUX
2017-06,-1.6091557629044824,-0.31157714506628725,-0.5310248039599765,-0.6749392575145351,-0.6346257846211164,-0.07432150313152386,SBUX
2017-07,-1.7288861686957027,-0.7084842818542952,1.6224690169891258,-0.15196574670954718,-0.03888133577201996,0.020974289580514283,SBUX
2017-08,0.38127996813667675,-0.9413050240773808,-0.0948791087759449,-0.14929542952636246,0.33357214842594884,-0.020985199911641272,SBUX
2017-09,-0.9201528694860872,-0.8183107779097226,-0.6278652295110945,-0.5542522484840282,-0.666347758988816,0.021209386281588305,SBUX
2017-10,-0.1675244212226643,-0.8915889429368564,-0.6482662260163404,-0.7618736882864787,-0.6742591091302318,0.059655324790101716,SBUX
2017-11,0.39142293947530105,-0.8415206535781187,-0.4832491676020629,-0.35478059339938284,-0.3863588949050277,-0.006672226855713115,SBUX
2017-12,-0.574190793260254,-1.06740914783998,-0.32629355039478947,-0.6477850022440912,0.009232233923388306,-0.010705289672544027,SBUX
2018-01,-1.0218097071622572,-0.9429169026854094,-0.20450951451335292,-0.5148652743662694,-0.6600654268160189,0.01039677487799695,SBUX
2018-02,0.7476225416127171,-1.0672967368418105,-2.1203533237919086,-0.6424997392170413,-1.0547986968057697,0.013859722805543928,SBUX
2018-03,0.8658720835672925,-0.7443100132915699,-0.985259479917197,-0.8673075056902216,-0.6124663417871891,-0.005385252692626352,SBUX
2018-04,-0.2736054704691631,-0.6687658203612912,-0.5847389213409542,-0.8327403106784848,-0.2996943109497059,-0.010412328196584775,SBUX
2018-05,-0.6850577067696417,-0.7802922450831573,-0.48904107572361605,-1.0508276806403847,0.01027149403872877,-0.13804713804713808,SBUX
2018-06,-2.4222910209630903,-1.068017338632826,1.5992036124965776,-0.15666709145943755,-0.09124847360113392,0.072509765625,SBUX
2018-07,0.5974230844939229,-1.171579938782742,-0.6525289300867779,-0.49342738157422744,-0.16396143650620776,0.027316184839517588,SBUX
2018-08,-0.11990305122953814,-0.9456292270461986,-0.5855964995789026,-0.6630079063222145,-0.5511896433475533,0.06359406159982273,SBUX
2018-09,0.8845340996244042,-0.9270286997000748,-0.6354546592467506,-0.7305999834406908,-0.41854021392600255,0.025000000000000133,SBUX
2018-10,0.91163074001859,-0.5219100799888398,-0.7883383333155379,-0.6272594736716879,-0.5039368993721839,0.15121951219512186,SBUX
2018-11,1.5673600639239373,-0.12536736927209055,0.37454848004496366,-2.3859601030098398e-05,2.725246815194022,-0.03478107344632764,SBUX
2018-12,0.8988405830591445,0.35431295375777844,-1.0447702353088686,-0.44552601525825697,-0.6933674320336163,0.05798426925187483,SBUX
2019-01,-0.2886174971541118,0.669003699142213,-0.31126977393592115,-0.2374267477438374,-0.4535905448634944,0.036479944674965514,SBUX
2019-02,-0.0034849581114541725,1.1280166948828871,-0.7193134694283039,-0.11947364583374705,-0.09586175800010874,0.05804837364470394,SBUX
2019-03,0.7952472236416531,0.8522111704608025,-0.9170084284658424,-0.5060439119189397,-0.5416827802719992,0.04493142046350318,SBUX
2019-04,-0.04195744239909944,0.6880111437283332,-0.8797235321798336,-0.6929341481192721,-0.6330325466206724,-0.016294508147254083,SBUX
2019-05,0.9605641301118092,0.7357613072080644,-0.7364840084655397,-0.5291365504251295,-0.6190226567616384,0.10214723926380365,SBUX
2019-06,0.38429727706792943,1.2838271962714791,-0.5886255143652628,-0.40949597947592087,-0.33711980474124376,0.12955747286390196,SBUX
2019-07,2.166793091216284,2.523179633723505,1.3977586719228972,-0.2609732571360622,3.3940529567145665,0.023654059381544856,SBUX
2019-08,0.7549283220382934,3.34549432109734,-1.1070814383596181,-0.5033241754383075,-0.6387266639127661,-0.08436634974124446,SBUX
2019-09,-1.9818950609678545,3.459846599777968,-0.1012965834219328,-0.4810965339578445,-0.9146904518187544,-0.04363827549947419,SBUX
2019-10,-1.07978391682893,2.7972783954623526,-0.8903883068012107,-0.6671237133407046,-0.7139765580054384,0.015393073117097256,SBUX
2019-11,-0.610982312777226,1.7261846249464945,-0.43671082873126477,-0.5325279074812863,-0.781881435365731,0.02910124526258806,SBUX
2019-12,-0.12012918745545964,0.6356753611757242,-0.48355663046450514,-0.6104586857651532,-0.1322958327645889,-0.03511771669078001,SBUX
2020-01,-0.3893528130621658,0.21255971292691211,-0.1560809114084311,-0.5018405650670819,-0.48513611182104155,-0.07115594329334785,SBUX
2020-02,0.17398548067510833,0.09062354367960743,-0.5061518838189746,-0.5778919020494355,-0.15462897001410603,-0.16172585852656296,SBUX
2020-03,-0.21034321035120596,0.09828124520106829,0.053761534235709556,-0.41014042068607165,0.16493589156054947,0.16719187675070035,SBUX
2020-04,0.410316658396194,-0.17687512180673254,-0.10198864505988126,-0.3420208544992982,-0.26747824340102055,0.022048897555122293,SBUX
2020-05,-0.41191357885178387,-0.07177386395365287,-0.3942230027558386,-0.5289375252686549,-0.2299478532491427,-0.05635456413266804,SBUX
2020-06,-1.0201682105996719,-0.2684750631176593,0.20044082487783274,-0.4151315862022616,0.4142767669451753,0.03996889580093321,SBUX
2020-07,-0.0031894550832358096,-0.4079477687898725,-0.21279636267353108,-0.5445300661847788,-0.21965462894770965,0.1097652160909226,SBUX
2020-08,0.20961491861290374,-0.4848216954105595,-0.13826259190272588,-0.5322601385150031,0.2029815078841305,0.01711359655033018,SBUX
2020-09,0.8984480907185257,-0.3656068108798588,-0.633434853643988,-0.6176462232449088,-0.5115637694463577,0.012056173820879756,SBUX
2020-10,0.6004922420756198,-0.2805235358397547,-0.97699834805779,-0.6524192599649,-0.8247564223115031,0.1324780730462103,SBUX
2020-11,-0.21411579895623412,-0.17362835283356795,-0.635702329466718,-0.6952772937343541,-0.2993574003353195,0.09143451624089693,SBUX
2020-12,0.6891503541164415,-0.13735347481171015,-0.025991385787068794,-0.7803163784818161,0.7003900977825313,-0.09500105909764878,SBUX
2021-01,-1.4650242718216577,-0.0755180980349388,-0.05261657835437813,-0.8573000045402865,-0.5726018515974202,0.12065535400819205,SBUX
2021-02,0.6683007078184978,-0.11907312096730285,0.03844711658664445,-0.7990340619486095,0.5268523661905617,0.011487050960735212,SBUX
2021-03,-0.6430108326394447,0.032761380749367026,-0.6785593300201601,-0.7941165039553537,-0.6808605958262335,0.047697708032211406,SBUX
2021-04,0.19895656796188835,-0.005548210113336867,-0.3766116562323281,-0.6746070160532718,-0.7681125779220297,-0.001281040599132921,SBUX
2021-05,-0.4727383183851914,-0.0523822767980348,-0.7751556501519941,-0.828265644030608,-0.8703943234283814,-0.018253576714356123,SBUX
2021-06,-0.6155922848809665,-0.046716718063322005,-1.0697330258388673,-0.9822675621117748,-0.7905965562150206,0.08613065326633151,SBUX
2021-07,1.326194652360319,0.14415577046649738,0.10114037669658663,-0.6601408381971062,-0.12075424820469591,-0.028777644119552193,SBUX
2021-08,-1.0893702763811417,0.5281214802668276,-0.733953256306125,-0.6547612943266209,-0.7023009003238327,-0.06107088414634143,SBUX
2021-09,-0.5348144242383902,0.1121177146268587,-0.4229689941826715,-0.8197869467505747,-0.35131367526994706,-0.03845763571790961,SBUX
2021-10,-1.1631449910976546,-0.27840951952604515,0.3782870802262544,-0.6887472077224748,-0.5408810848327231,0.03809624314056559,SBUX
2021-11,0.4076521096813062,-0.711008809187617,-0.07229131410157319,-0.5571204072870506,0.2596755914520208,0.06689031208701834,SBUX
2021-12,0.41239287856523593,-0.581418557162684,-0.2660899763025856,-0.7826837211305577,-0.568772029723522,-0.15940924249642685,SBUX
2022-01,-1.3447092804893557,-0.6859011196235333,-0.5807820007056316,-0.6200822516733832,-0.9309719322734892,-0.06166402176377239,SBUX
2022-02,-0.41642944704931006,-0.9023858231003177,-0.6381451520425674,-0.8029539231123383,-0.8274795739654313,-0.008939357332689024,SBUX
2022-03,-0.33561791910758654,-1.2718877969310969,0.8073157532016255,-0.6370816865457257,0.43510603966704897,-0.17954656265236468,SBUX
2022-04,-0.9172417528624128,-1.0413202459612814,-0.4604066630181408,-0.711193664672804,-0.6150919350405417,0.05898083494280204,SBUX
2022-05,0.5020811097586415,-1.2647887801871525,1.0686782817433056,-0.45282184007340803,2.953838484905775,-0.02679573512906841,SBUX
2022-06,0.8831995003503157,-1.055335326462325,0.01882900688043947,-0.8084002749969251,-0.21566683896506755,0.1098457546489835,SBUX
2022-07,0.24041607111379099,-0.8067144137700333,-0.6206167068670634,-0.9564449945152247,-0.42735816967958806,-0.002857513962852276,SBUX
2022-08,0.5309281109669435,-0.9356555324923899,-0.1710509213234987,-0.8703488831184799,0.5174175161710094,0.0023446658851113966,SBUX
2022-09,1.514208672327046,-0.6298420939107096,0.4466411095042797,-0.4551919574557668,1.8920071914794716,0.027550357374918732,SBUX
2022-10,-0.6953552922974737,-0.26645913688065404,-0.19830928816941124,-0.7326437498167464,-0.8287102328994564,0.1870494498545594,SBUX
2022-11,1.3692659211635934,-0.1935092118247748,0.11088296055553798,-0.6197534774833866,0.753875645595363,-0.029298955891753686,SBUX
2022-12,0.31480778988971436,-0.0530292457411828,-0.667512932469562,-0.7334603111852983,-0.5375206199592336,0.1002085391285259,SBUX
2023-01,0.1836438329579262,-0.06837028989371798,-0.7537392269559402,-0.7533997817217062,-0.26256764744686667,-0.059856344772545866,SBUX
2023-02,-0.5307204469900405,0.8537359296805475,-0.23606903103431545,-0.6108825730489496,-0.5094266897595611,0.019949066213921895,SBUX
2023-03,-0.06791562497168639,0.960104328193243,-0.6608009628581373,-0.9355985782560364,-0.4350542619297875,0.09758635039533914,SBUX
2023-04,1.4747614813285979,1.2851205115761686,-1.1996148855819215,-0.810213788579669,-0.6809880581580348,-0.14151658767772524,SBUX
2023-05,-1.313229457476624,2.2803846030684873,0.5920024152764026,-0.5500075574601784,-0.4358575186222746,0.014574362371646332,SBUX
2023-06,-0.7421538225931535,0.7699660330908245,-0.7935676477118591,-0.6607409657158613,-0.8248066616241214,0.02535640439656106,SBUX
2023-07,-0.34818802181636066,0.20929819092750823,-0.6539191858797488,-0.7247142540673256,-0.28236878651820974,-0.035555083846317115,SBUX
2023-08,-0.3375789189249679,0.09869882993437884,-0.21629765031187406,-0.6957374748295451,-0.28460768241322143,-0.06327720919995594,SBUX
2023-09,-0.4726202628252427,-0.09134172443833743,-0.8315218736458252,-0.8217559413746405,-0.9988462213277344,0.010573308270676485,SBUX
2023-10,0.5901590088481254,-0.45364258807214025,-1.1253900666502885,-0.8422798750215899,-0.3952152234843825,0.08242269239711697,SBUX
2023-11,-0.19485718258355744,-0.1647386793996834,1.9009506735139985,-0.3421579998047999,2.885318329468141,-0.03307915368918479,SBUX
2023-12,-1.3491490046046757,-0.4608615586038923,-0.4663815162796908,-0.6517455953720074,-0.960387643763825,-0.031100744196378982,SBUX
2024-01,-0.5746717241427902,-0.6795843011949058,-0.7932642143331148,-0.5800176137514991,-0.8413860511320534,0.026252436088501474,SBUX
2024-02,-0.25276902188270334,-0.8514440353796024,-0.12898462744003386,-0.5822860400840709,-0.06543614793301793,-0.03697497765862379,SBUX
2024-03,-1.1077586299582851,-0.791328684109736,-0.7062444433665362,-0.836898769754043,-0.8747899768355607,-0.031666859993040086,SBUX
2024-04,0.15272094093361838,-1.0855775035977473,-0.8680740701056721,-0.7579908809442852,-0.8113813870356961,-0.08660757067561098,SBUX
2024-05,-1.7709223030859187,-1.2187471626857609,3.1440158543384267,-0.12186359198630418,0.37098600702640583,-0.029639344262295197,SBUX
2024-06,-0.7752545782295657,-1.317163832544646,-0.3147892606837684,-0.5455050633352976,-0.344796196753017,0.0013515339910799007,SBUX
2024-07,-0.2753451149830528,-1.2607880204875452,0.501645333616658,-0.4649938063723577,0.7714798006130118,0.22054258334458088,SBUX
2024-08,2.9354755462075994,-1.4634726243638725,3.2182275461095533,0.2423100137289347,6.350238667859763,0.03096317593718889,SBUX
2024-09,0.06974940790484063,-0.8530573100323681,-0.0912005233736959,-0.5319947138093511,0.672105224801715,0.0021452322213879604,SBUX
2024-10,0.13115821047122408,-0.7192924989495175,-0.9836665957663698,-0.7552226253155077,-0.6316031650555619,0.055228513325484174,SBUX
2024-11,-0.16262293581317064,-0.7549742865829191,-0.5554828224293725,-0.8684170004548911,-0.6852120644113259,-0.10944314839233193,SBUX
2024-12,-0.820609183465404,-0.7811718240906917,-0.1024716861469288,-0.7133520453249932,-0.04950224806514334,0.1800683371298406,SBUX
2025-01,1.963097305033807,-0.7257405193226567,0.05690549307154076,-0.5722379571837356,1.5556769206256218,0.08136280281826092,SBUX
2025-02,1.0012239173105888,-0.25106754114186064,-0.8225151556860455,-0.5697234488401897,-0.4413366917184391,-0.15298107818636197,SBUX
2025-03,-1.5798295404705591,0.13796103639940602,-0.06557640867186507,-0.7366047771714382,-0.5772821028941298,-0.18398314014752382,SBUX
2025-04,-2.005408577375974,0.013615237607095734,0.43419474630271715,-0.6279844617474493,0.35778090060679446,0.056043388429752206,SBUX
2025-05,-0.0916288364198109,-0.6719536688249877,0.8590018070910013,-0.5941267241454954,1.1307303381914542,0.09158718513083874,SBUX
2025-06,0.3417686724879405,-0.2583524585308891,0.09598257740138248,-0.8343758240461231,0.3866760096243491,-0.02699675142825131,SBUX
2025-07,-0.41875200223755527,0.0560853616404106,0.37864221602346176,-0.6831921915852696,0.8447018154146206,-0.004259728298411258,SBUX
2025-08,-0.7297478602876403,-0.005566190370099124,0.3476693004029121,-0.7995836840655621,-0.0095683438122777,-0.04069834662966809,SBUX
2025-09,-0.7000920769347498,-0.9005732988634196,-0.1450663987735262,-0.9056785230152139,-0.22414086041432205,-0.04411232975774371,SBUX
2025-10,-0.6001554268413491,-1.0547517384658303,-0.05630498703431812,-0.8700010901899755,-0.5167477791536608,0.08498297818686162,SBUX
2025-11,1.2255167131032176,-1.1216556318761932,0.2441428759659743,-0.8249110816647982,0.2810251792991278,-0.033352701917489735,SBUX
2025-12,-0.7865283628061007,-0.8196108960639552,0.4308475171009897,-0.9459056333815984,0.7530825140250212,0.09196922337100255,SBUX
2026-01,0.4810136309910782,-0.7081145962800479,-0.2920144002242258,-0.8335604187459993,-0.35250931625732973,0.07288340856545195,SBUX
2026-02,0.8815832605327258,-0.6622127693192333,-0.3020853453255406,-1.2693497743556081,0.07692736292204326,-0.08599281682914328,SBUX
2026-03,-0.6650335841466293,-0.6907898716179193,0.39667601499668004,-1.0690676365142164,-0.049290853752233715,0.17570450207701804,SBUX
2026-04,0.3287539525916481,-0.6237499327936378,-0.07724396212157898,-1.0679739456532575,0.6120282840874233,-0.03791061879297175,SBUX
2016-01,0.0,0.0,-1.0614000376547592,0.22439699318229434,-0.9078462501783156,-0.04608105328121792,MCD
2016-02,-0.7734523376809116,0.0,-0.9358532176792054,0.3110609860001882,-1.3059231320376563,0.07246064265689012,MCD
2016-03,-0.1504350587931854,0.0,-0.841437088248907,0.2981658002829811,-1.1186713857949373,0.006434747637241056,MCD
2016-04,-0.15900003163807633,0.0,-0.4972379689980897,0.13969219790597517,-0.3083537923872844,-0.03506493506493502,MCD
2016-05,-0.9170316128142556,0.0,-0.5367584988242398,0.3067345245058493,-0.7353479005881307,-0.006833005487110411,MCD
2016-06,-0.07922984212749196,0.0,-0.8492900185849241,0.08225975036431057,-0.6857012886196203,-0.02230793286771604,MCD
2016-07,-1.1285306452214865,0.0,0.1783148253030141,0.16619720833758242,-0.3497545718898489,-0.009382663396950708,MCD
2016-08,-0.4597714338651738,0.0,-0.4470475761718889,0.009256013170056025,-0.6460192056932281,-0.0025831449790119088,MCD
2016-09,-0.05341147845360472,0.0,-1.1123193954756359,-0.3836922818959471,-0.9339604282529248,-0.02417179238156897,MCD
2016-10,-0.3256395542067274,0.0,-0.2724602020117956,-0.23919788057098643,0.0833148036577623,0.06778723874820303,MCD
2016-11,0.11738160083149449,0.0,-0.7249681119139136,-0.6205516562276746,-0.24575915728956801,0.02050538525269263,MCD
2016-12,-0.24022194820750592,0.0,-1.104404280578293,-0.6316961476911295,-1.0777902063054126,0.007002232595900049,MCD
2017-01,-0.24681419973431815,0.0,-0.9106820584243422,-0.6577805025322744,-1.2211946557945377,0.04141892572810635,MCD
2017-02,-0.02160242810529527,-0.5776783138982627,-0.7159911998125839,-0.7723769143751842,-0.6624797317102844,0.01538610412231467,MCD
2017-03,0.03794568880724529,-0.430818696637276,-1.125673410009422,-0.5390294066816507,-0.7172876768613302,0.07957686076431902,MCD
2017-04,1.5781640027195913,-0.47922542071636937,0.6195741059494319,-0.29242867589582217,2.0388233258607684,0.08509887005649719,MCD
2017-05,0.9228523293158472,-0.4114232693969657,-0.7239545970716826,-0.47334796066344104,-0.4040742532287197,0.01505043931012029,MCD
2017-06,0.13110718743753808,-0.06146150164819619,-0.7434442983159302,-0.6468773376056981,-0.7596576808184347,0.012983890358259309,MCD
2017-07,-0.22380400115675045,-0.03587580173606662,0.2347484177479726,-0.37288894078331297,0.8434177204201604,0.03718648627264809,MCD
2017-08,0.751897809711722,0.18823678388381918,-0.7460571306569074,-0.4374857846211707,-0.2630554024532638,-0.020596536730490667,MCD
2017-09,-0.9133944004106194,0.44485574723026877,0.1979592758662642,-0.20677748059143367,-0.0670313944564484,0.06534776851779744,MCD
2017-10,0.43086148411684994,0.25495784224480866,-0.928771431343193,-0.5367224726015931,-0.5940127581624978,0.03640883170054088,MCD
2017-11,-0.007044261223089628,0.4333721826451691,-0.6979205444443987,-0.6497346318627386,-0.6791649002192259,0.0009170428893905402,MCD
2017-12,-0.38377228500546917,0.4976006281463985,-1.078695506151086,-0.7084600879845568,-0.924581032052672,-0.005708647543871792,MCD
2018-01,-0.9630947573279558,0.5322888422317208,-0.7911047659658819,-0.5773144437776433,-0.7954929021677466,-0.07244116813155654,MCD
2018-02,-0.6269573745814313,0.16405721085889327,-1.285686268205062,-0.29924508440646524,-0.9971565045382208,-0.008635182637933836,MCD
2018-03,0.4666397643937454,-0.04736689937967186,-0.3906002076117664,-0.3064162347723348,-0.941078647914982,0.07068526940568898,MCD
2018-04,1.101505517289456,0.06568924916343322,-0.3857114124269801,-0.42501701795073416,0.92327651693008,-0.044348452123830095,MCD
2018-05,-1.1827096549622116,0.04011791363664004,-0.32156421788972517,-0.6590837095553574,0.2349507762404285,-0.014539701672442451,MCD
2018-06,-0.312963494185143,-0.5103344930261499,0.35922699612753617,-0.3509729251614487,0.8282281272789239,0.005427719593303237,MCD
2018-07,-0.4919742901989954,-0.5703686010877529,-0.9119786549625689,-0.6349079190293132,-0.9300791802974127,0.036116180048661795,MCD
2018-08,0.005924967724384315,-0.7503738305906398,-0.64239417505352,-0.6139004586347004,-0.41309085607431195,0.031261466206795374,MCD
2018-09,0.3459316666721813,-0.785878623255466,-0.24589281219348472,-0.5499282134336013,0.1199182738788967,0.05742546075571053,MCD
2018-10,1.2298058035532877,-0.48712517022865875,-0.5132740724437063,-0.5223751539011902,0.8127841907534264,0.07213997308209952,MCD
2018-11,0.6277609226713375,-0.12830756308207675,-1.0386372212694828,-0.5557007287880884,-0.8442429862370033,-0.05799648506151134,MCD
2018-12,0.44479649689606177,0.11175224618713686,-1.3993568417714242,-0.6794352843044523,-1.6796416100121554,0.006796375266524324,MCD
2019-01,-0.8405032867651124,0.27535036966481463,-1.0149647947081049,-0.5326454966063872,-1.0143258720449373,0.03481138318994059,MCD
2019-02,-0.04093070517125874,0.36592620690165983,-0.8022518801618622,-0.26493692808978553,-0.3596510760967743,0.03300076745970837,MCD
2019-03,0.3057728163274218,0.562377481598346,-0.7604746519254817,-0.715557981602799,-0.672834661986329,0.04036651807825642,MCD
2019-04,-0.09248521231176549,0.4281570451238246,-0.8981683857283936,-0.792054600080235,-0.48255415659802964,0.009402523208759783,MCD
2019-05,1.339613745706491,0.12427399706131625,-1.1914283439378084,-0.6898786696211564,-0.5005576666852602,0.0473411154345007,MCD
2019-06,-0.688358695359106,0.9122754256437644,-0.9788141419441939,-0.46049782904041386,-1.0719968983553376,0.014748100197016667,MCD
2019-07,-0.05112535509264731,0.9391856335922186,-0.9954789716014365,-0.5323684441810992,-0.7171133332565898,0.039884617518167076,MCD
2019-08,1.0001371650674042,1.2130479604558428,-1.1140017461765856,-0.4734600802883855,-0.7134390504494856,-0.01498986450442763,MCD
2019-09,-0.6752980263686265,1.454233175318327,-0.5655798559133872,-0.34192999194177,-1.1172901648385654,-0.08388843758461961,MCD
2019-10,-1.6577806801777515,1.4018061927611793,-0.11006278208441514,0.08330915641603254,-0.4325744381807826,-0.004906597304327187,MCD
2019-11,-1.0084037265926802,-0.0738365429480919,-0.3470308281350729,0.06747770869277704,-0.5983566741333998,0.016099328699578086,MCD
2019-12,-0.359251327073694,-0.6812160369286233,-1.2504844155523076,-0.5567763404006562,-1.1905045829034482,0.0827876520112254,MCD
2020-01,0.8137006463746304,-0.8061131374260108,-0.9650791987569004,-0.43304992432299105,-0.45839221133942454,-0.08687904967602578,MCD
2020-02,-0.09899181852284014,-0.07063352424398071,-0.935516878278268,-0.5542924291945501,-0.7723800208991771,-0.14842410265507666,MCD
2020-03,-0.09584310013051764,-0.10294247007490953,-0.09155108461851151,-0.39196809805627447,0.9476387219105095,0.13429622942851194,MCD
2020-04,0.0475554318279373,-0.20949685505088284,-0.29206618728449285,-0.4153212214350404,0.683709658303945,0.0,MCD
2020-05,-0.7995195299767429,-0.15733562140305452,-0.7655101784261484,-0.58161637212233,-0.6868869791477871,-0.00991735537190086,MCD
2020-06,-0.39755864866169743,-0.41518557669133377,-0.8264160555620725,-0.6098733152255637,-0.5662916455887481,0.05317504482779967,MCD
2020-07,0.1318410827598498,-0.3815800295839848,-0.6698279965970902,-0.6085410709848058,-0.48713086601296396,0.1055010861269301,MCD
2020-08,0.17246274123801789,-0.3238391939481374,-0.9354402431051073,-0.573621732910372,-0.4824036222493068,0.02793414763674984,MCD
2020-09,1.084126307677916,-0.28507191891570505,-1.1383680061575452,-0.622768652647965,-0.9901774961503935,-0.029551560239718944,MCD
2020-10,-0.037590605222839454,-0.2307235790006378,-1.2311398517987442,-0.7089974005170957,-1.2592705087424312,0.02693781942078366,MCD
2020-11,-1.1494733127706447,-0.09541280006078279,-1.192420986454573,-0.5782722103418012,-1.1108596465425407,-0.013167444271643292,MCD
2020-12,-0.9497461423559734,-0.1613296655238101,-0.7591311197597885,-0.5701385323604558,-0.7095508489335951,-0.03141416263921004,MCD
2021-01,-0.27471804930990457,-0.20332298751155398,-0.9005869217398206,-0.7810914364480689,-0.8442206970809273,-0.0021151968760168005,MCD
2021-02,-0.5549311496372379,-0.35794840115251036,-1.2019995962530405,-0.7858444975757917,-0.8831620348362327,0.08734170335344316,MCD
2021-03,0.6286640979548072,-0.5379324943476411,-0.8630789589605357,-0.7391327739073079,-0.10000624457266273,0.05328401479556133,MCD
2021-04,0.30881453352266824,-0.450321031105198,-1.2170021555664854,-0.8521011638592098,-1.0184685673271354,-0.0037965072133637756,MCD
2021-05,-0.5259347498809921,-0.5298083653726824,-1.1495743433638097,-0.9348671521089398,-1.2432149800325918,-0.012433307926829174,MCD
2021-06,-0.5184742716836938,-0.5309093534758567,-1.056804760308781,-0.9423333415466418,-0.6601371104068998,0.05074526072065999,MCD
2021-07,0.6671107324211356,-0.6117953342098292,-0.6016948822925956,-0.8073762548010378,-0.5720442197514882,-0.01625120506817257,MCD
2021-08,-0.828366955102772,-0.6017927628168016,-0.9271491268614018,-0.867578303712246,-1.1742711906076004,0.01539969200615987,MCD
2021-09,0.7442969395897385,-0.8365856497948774,-1.1116894753165891,-0.7948602471199329,-0.9785382256738416,0.018383197757249947,MCD
2021-10,-0.5212557752466861,-0.8327151686420746,-0.9802158221458945,-0.7329037335518118,-0.3722492599323012,0.0016697504400018381,MCD
2021-11,0.05380235202810381,-0.8565732101492753,-0.8611758421374318,-0.8728236932711724,-0.5979299166148228,0.09596323661921069,MCD
2021-12,0.8158403156542601,-0.5367493337276735,-1.059872150930559,-0.7816920448223259,-0.5551954957769768,-0.03214667434021212,MCD
2022-01,-0.10275945890685019,-0.059756016960644004,-1.1149201256875594,-0.8895711404728329,-0.5407548349867162,-0.05135066258919474,MCD
2022-02,-0.2645468622504787,-0.028440975169734345,-1.2326400872853138,-0.8328256134250489,-1.068888405653547,0.010252966196552471,MCD
2022-03,-0.07320250846567239,0.13198425285444676,-0.6006862818241225,-0.6371270634042915,-0.7739804438939891,0.007622761921645127,MCD
2022-04,0.9527564921421052,-0.07807798428456375,-0.9236898628595883,-0.8859473377038176,-0.45728069116460207,0.012227304714989229,MCD
2022-05,-0.1034574476722855,0.23492498204092171,-0.9244673089164962,-0.7571230454198384,-0.5489860080381652,-0.01572955592248182,MCD
2022-06,1.032575118723871,0.2815789712144167,-1.3632289150598595,-0.7305987240589219,-1.1393091473629782,0.0668373653540526,MCD
2022-07,-0.2633224554033172,0.7508485223270887,-1.2914111400337778,-0.6819094705125661,-0.8716130477028454,-0.03686998262021024,MCD
2022-08,-0.0595990944320486,0.5481722628179164,-1.4774677387969706,-0.7436497316590474,-1.4288548929446634,-0.0853705692803437,MCD
2022-09,0.20329060889578773,0.5796259383733775,-1.2064588109355265,-0.6393773277968611,-1.0781780880924112,0.1816516347237882,MCD
2022-10,0.6015409606838075,0.48432411947370535,-1.0077383756892981,-0.4897326718961152,-0.47579559274098654,0.0061220433313455835,MCD
2022-11,-0.9104465123520965,0.7824476958268595,-1.4005765076283232,-0.3963213778643224,-1.349157290539519,-0.03394049547591771,MCD
2022-12,0.24978930147903528,0.4984200973419407,-1.1164761545564281,-0.6312946665612201,-0.6237196190603931,0.014683026584867198,MCD
2023-01,-0.6112758747635806,0.3585609659949442,-0.723065381120074,-0.6701087345805635,-0.6332931369210458,-0.007376355354911546,MCD
2023-02,0.285317588529507,0.4763785218717651,-0.8270735275268513,-0.5081428219996551,-0.5560971201434673,0.059489969950458965,MCD
2023-03,0.30478669806115466,0.7746915543086963,-1.076224187742215,-0.7001564971178612,-0.8396836547864447,0.057721053236748254,MCD
2023-04,0.7782527576363988,1.1938795899996872,-1.5034056113051595,-0.4505259250124448,-0.774174799297447,-0.035982171975214694,MCD
2023-05,-0.36642503531764703,0.6562692398254777,-1.1838392006275584,-0.6194009565165205,-0.9402012078973392,0.05221019395579596,MCD
2023-06,-0.09431331684842527,0.3496041420244765,-1.1838604084715239,-0.6251520640932231,-1.203506657850375,-0.01743292966098664,MCD
2023-07,-1.071660682688211,-0.02979634990197764,-1.5536988407593015,-0.6731502149123499,-1.182829153712429,-0.03595709870932551,MCD
2023-08,-0.3458821429498252,-0.16786100253050826,-1.1026230984069494,-0.5401123127498367,-0.6899240996748925,-0.06301855483481689,MCD
2023-09,-0.466822866040174,-0.20662081454163503,-0.6082282279582448,-0.5565502646242083,-0.7783834841425247,-0.004789696115918729,MCD
2023-10,0.32311112549986565,-0.31333374867997077,-0.9418889226039406,-0.32462951750769403,-0.5711922867662074,0.08145272183127061,MCD
2023-11,-0.20783954399231444,-0.4012689272804731,-1.204189677753855,-0.4587086394501054,-0.7561031611077228,0.05205684367988028,MCD
2023-12,-0.06460558422461307,-0.29702456589702064,-0.9966218215329324,-0.5741627905187882,-0.9700710029996401,-0.012761268306554774,MCD
2024-01,-0.3487779755931782,-0.3512599609970178,-0.9358880292889783,-0.5551849054560186,-0.6437823543759893,0.004176718395563883,MCD
2024-02,-0.5622683489303607,-0.2710521195118837,-0.32797598056032223,-0.41196590488213797,-0.5290413311749136,-0.035354440818960886,MCD
2024-03,-1.0844923523819323,-0.41102542788818386,-0.4880931073074566,-0.5624218747474677,-0.7537133631377485,-0.03159498940638594,MCD
2024-04,0.15377842162415573,-0.753158771859437,-0.9534860015657327,-0.4169272952339662,-0.5624957525730754,-0.051817449046175024,MCD
2024-05,-1.264685752055939,-0.8228492571295556,-0.20189654243735936,-0.4529518846319054,-0.2526670826098682,-0.009229648220863917,MCD
2024-06,-0.4742793706759042,-1.064514067189187,-0.5600967341834464,-0.4520203270245288,-0.3834479736827723,0.041430030643513804,MCD
2024-07,0.272324650253046,-1.0674561143191679,-0.4079370833980726,-0.3676344263083263,-0.1422030996938154,0.08764565106516553,MCD
2024-08,1.0211308025606334,-0.9851885258397415,-0.5204771870444089,-0.3988177705590682,-0.16490054237988966,0.0610323558056487,MCD
2024-09,0.55577566546856,-0.6931488258203232,-1.255595498712997,-0.685424788692524,-0.8686669320282587,-0.040727519972802884,MCD
2024-10,-0.6301189873016381,-0.4781512465132917,-0.20102869063860065,-0.11677763205585916,-0.7019387217595574,0.013360739979444869,MCD
2024-11,-0.6919388921096471,-0.6189298319087394,-1.0740078154613417,-0.6429452664955597,-0.9391738992084128,-0.014793313282506881,MCD
2024-12,0.2254568758774547,-0.7533031802411138,-0.801352931049483,-0.6487417307818786,-0.4539158293012229,-0.004117709701465966,MCD
2025-01,-0.7562258409537245,-0.6535550577350054,-0.9655883408704848,-0.7391984992730284,-0.7033234009799965,0.06800926751024772,MCD
2025-02,0.8374913760378243,-0.7448851716252163,-0.2919856170254754,-0.5396464370330782,0.7638387736854909,0.018956713279711712,MCD
2025-03,1.1029316013173378,-0.4583895739857248,-0.632235005069621,-0.5926655785649589,-0.019275419287486,0.02332055943139766,MCD
2025-04,0.6931293219084711,0.15257307556288735,-1.4039996566753532,-0.4784100152916333,-1.1459686717976678,-0.018148065166597394,MCD
2025-05,-0.8908086150444829,0.29567743035199334,-1.0570970816060423,-0.6253177105247316,-1.066448041549357,-0.06379580127787188,MCD
2025-06,-1.5040274490258636,0.29809989322899516,-0.6452851629476486,-0.4511695360665943,-0.4991608904664752,0.027020439430342158,MCD
2025-07,0.2861439417651415,-0.05562862907099341,-0.923391194934308,-0.592289406203786,-0.6840410982099998,0.04488896423122557,MCD
2025-08,0.05196724321975895,-0.05648335491741683,-0.8612014329647346,-0.4904114037579086,-0.23201486743291022,-0.025276615075116027,MCD
2025-09,-0.5503684198834876,-0.30886807672117894,-0.6200739921382843,-0.7163288614468925,-0.4900183378208967,-0.01797603195739006,MCD
2025-10,-0.3650920964330735,-0.6093925530537715,-1.0759153619821347,-0.8606435254580026,-0.8664158671298665,0.04488135593220344,MCD
2025-11,0.6402835049586145,-0.5562994221582167,-0.6853558312494187,-0.6970292475054989,-0.44008273126544445,-0.013982610952504526,MCD
2025-12,-0.4715491985995939,-0.2427884463746364,-0.522124664361273,-0.6479239300721716,-0.5705016132984645,0.030664955746388944,MCD
2026-01,-0.0629330461637232,-0.37097565327015225,-1.240207459351341,-0.9603415261128797,-1.0841911973945617,0.08274541101356747,MCD
2026-02,0.9997910340878073,-0.21446683582127263,-1.3039109110653804,-0.7604560083560008,-0.5887792202655302,-0.08367485331839486,MCD
2026-03,-0.6284262180457988,-0.18721283866306754,-1.0263782795662622,-0.8376311453054963,-1.2890116364298916,-0.05534283599858436,MCD
2026-04,-0.7530821074759425,-0.45807368403221177,-1.064427186409504,-0.8136060161978909,-1.0292123954440713,-0.0532034469838889,MCD
2016-01,0.0,0.0,-0.8880883362448387,-0.8900805317966942,-0.8461474578004494,-0.004547521600727578,COST
2016-02,0.10052278698982232,0.0,-0.782041195031593,-0.6381179007267361,-0.7765565940312251,0.05032739454849988,COST
2016-03,-0.5471337061556485,0.0,-0.48643684110400903,-0.642122577239877,-0.9004632628933421,-0.057194635737585986,COST
2016-04,-1.1134560477221118,0.0,-0.283202871409466,-0.7723461156221975,-0.36631718779266575,0.0043057050592034685,COST
2016-05,-0.37423555538726405,0.0,0.21090988331975055,-0.0786168376673046,0.2718540158656909,0.05558107487367936,COST
2016-06,1.0008627830202643,0.0,-1.0612885005193327,-0.6411433811873111,-0.32381427825855297,0.06483899042645769,COST
2016-07,0.2293837321945438,0.0,0.000332793536327,-0.6981660595611527,0.8832243970375123,-0.028129682604549733,COST
2016-08,-0.811806167746444,0.0,-0.6751750542569251,-1.0305447768391822,-0.7291889969160753,-0.05907912257341097,COST
2016-09,-1.2643784620950322,0.0,0.1222867087493641,-0.44670948156138823,0.6317591925710084,-0.030388797854908223,COST
2016-10,-0.4336503912980234,0.0,-0.6733238496694665,-0.8735447317730985,-0.2494699600452263,0.01820556153018904,COST
2016-11,-0.41978740190269986,0.0,-0.6725725577496294,-0.9576960489257955,-0.5875198159941694,0.06661637118068642,COST
2016-12,0.6487848103360021,0.0,-0.4458216901586854,-0.8514391548123891,-0.24359477524838394,0.02397793181496688,COST
2017-01,0.024378784816294925,0.0,-0.7931295974901357,-1.2262404575748191,-0.31219580255549945,0.08364992747116107,COST
2017-02,0.6595272923558679,-0.4495992564495704,0.024344550760654296,-0.6007901599639056,0.6197256006374703,-0.05354411014788374,COST
2017-03,-1.381561665661458,-0.32954180755147133,0.10112772870246053,-0.6450597636919002,-0.879276683513415,0.05859375000000022,COST
2017-04,1.10468931775157,-0.4447121925178598,-0.5013376995019275,-0.9534839972256488,0.05649097791788779,0.019340883064002945,COST
2017-05,0.015106425290621589,-0.2470577910618904,0.03663741022203778,-0.561950082653146,-0.19812026825871634,-0.11359380851329415,COST
2017-06,-2.142207931129081,-0.1835022973755943,0.8026326420435425,0.2079166255599825,-0.330820417915612,-0.00887198986058313,COST
2017-07,-0.6005836508252052,-0.7286938614133681,-0.01538676133863546,0.12697699347278293,0.3827196207369224,-0.008027848820687633,COST
2017-08,-0.28172148314287043,-0.9039245239615243,0.860511713572491,-0.09417593557371677,0.1207822698655668,0.04812719329656945,COST
2017-09,0.2816434283944405,-0.8619099123084025,-0.6635993599473623,-0.7569597102700512,-0.34784553502559407,-0.019542193372053207,COST
2017-10,-0.7199953014321141,-0.6460991012897802,0.5379362885734397,-0.11144381349020237,-0.5652104809396555,0.14837270889957477,COST
2017-11,1.9121240432155662,-0.702005251509382,-0.131524425495851,-0.527190359384721,0.4511581834414846,0.009163733462798751,COST
2017-12,-0.17685876502677716,-0.2808934952763094,0.07277713054048253,-0.3721264582548191,0.6834383728192953,0.047026279391424675,COST
2018-01,-0.3434128770200151,-0.4745713647670556,-0.6077866523666333,-0.7805088268966407,-0.5490795421868286,-0.017747401068290203,COST
2018-02,0.28060926716263623,-0.557792686485867,-1.0606280085452822,-1.1963929800232436,-0.6283548710503923,-0.012980937901999723,COST
2018-03,0.3895127030245359,-0.5528947536641607,-0.5148255181148037,-0.7871248212541941,-0.035012366363943295,0.046327014218009444,COST
2018-04,0.66118641039656,-0.25811851462602065,-0.9609159466641763,-1.0218755436225373,-0.3607980788497445,0.00837957196240513,COST
2018-05,-0.4094862907643638,-0.2976109594320394,-1.148399389372182,-0.9725366271361016,-0.7366156914674923,0.05418304323413814,COST
2018-06,0.8607211178686197,-0.4066790036631653,-1.007537214518605,-0.9383364209540699,-0.19626527709309458,0.046604527296937315,COST
2018-07,0.17672782704677864,0.2805832746978309,-1.0411557605722952,-0.989675250636671,-0.8621481134162484,0.06854961832061068,COST
2018-08,0.46967922992932204,0.6421036829244775,-0.41152168491917585,-0.7276306123469058,-0.41606294370563246,0.007477258655998353,COST
2018-09,-0.05027011969794352,0.7520758690121964,-0.4487655806070617,-0.6478748526730159,-0.30839926827993686,-0.026567079512148983,COST
2018-10,0.40562840673833345,0.5720848411600329,-0.39023824890497855,-0.654625932868509,-0.6736868738552199,0.013986013986014179,COST
2018-11,-0.06320681234575443,1.4824383399819154,-0.5534961127156844,-0.8157938502512072,-0.32544507833393094,-0.11920498084291198,COST
2018-12,-0.7523115274262995,0.7202379761333845,0.3752286950716985,-0.5988965193935785,-0.5003394198881063,0.053613180359958656,COST
2019-01,-0.33574469182372296,0.48670850831179013,-0.9633996454320232,-0.9835669581198567,-0.692813738673614,0.021881612220673974,COST
2019-02,-0.33109977451731903,0.5702960189976006,-0.7871943494868056,-0.9109002166470073,-1.173288701886421,0.10696429473258928,COST
2019-03,1.7511506064194118,0.39476214727947473,-0.11010178096730903,-0.632818891230888,1.177677408351796,0.014006113417582844,COST
2019-04,-0.3842619797195279,0.6302717020772486,-0.6007005806507589,-1.0380466778384458,-0.4546270876523458,-0.021551336272833566,COST
2019-05,0.8830221505484038,0.29866828981942123,-0.7209262552595588,-0.8436184164004464,-0.6279990550350213,0.10300271301788766,COST
2019-06,0.4010404613593565,0.6883573509858517,-1.054422400546141,-0.8953761482745992,-0.8583981188668023,0.043023304289823594,COST
2019-07,0.49510266857701307,0.617551463653518,-1.0978754769881942,-0.9257488414964606,-0.5488125830046031,0.07178544306327184,COST
2019-08,1.482090062666068,0.7775055468107501,-0.2612540806439041,-0.39056071704473233,0.6441423965704701,-0.02256199888122301,COST
2019-09,-0.8179072734144439,1.029545038438177,-0.5282228160541688,-0.24302937041330597,-0.37777112070903174,0.03349866463181983,COST
2019-10,0.027911044403886687,1.0159529118562762,-1.202894050498853,-0.35057373997505875,-0.620270606345296,0.009081512108682688,COST
2019-11,-0.7345483336668696,0.8623982962477864,-1.2299082696908745,-0.6469140845205625,-1.0182231860350146,-0.019645862296041372,COST
2019-12,-1.016651834953604,0.6607621771304402,-0.7315489879597549,-0.33432424226132335,-1.2812373087596707,0.03944471396051785,COST
2020-01,0.3714487613409036,0.4818405959509619,-0.9168033479354337,-0.6067427483693403,-0.06996389033293321,-0.07787032383140657,COST
2020-02,0.057413511977764446,0.7302023563435405,-0.4340918756324097,-0.5943478244772429,-0.6746776913727865,0.014210628771656575,COST
2020-03,1.3040994979734322,0.6848855283834493,-1.4202555856366907,-0.0974984108839366,-0.9361521661956996,0.06506717850287913,COST
2020-04,-0.7158773464350854,0.8752563153986133,-1.133214227554397,-0.1876017372351641,-0.8627272227647148,0.018057307622995067,COST
2020-05,-0.482083255511357,0.5420194257033488,-1.4422678226748602,-0.2759674113690596,-1.40643495278858,-0.017064363095659507,COST
2020-06,-0.49338256803163455,0.18521379981505673,-1.4447249512841167,-0.4057161294698078,-1.1657915571699193,0.07596167699178813,COST
2020-07,0.364830366045713,0.03629918179889345,-1.1014411706623852,-0.4455468410729693,-0.5576126105555734,0.0679543400395004,COST
2020-08,-0.15467160557347204,0.00754817598808386,-0.6615550160640539,-0.40579206789112715,-0.31587161605243086,0.02112653982384094,COST
2020-09,0.9673092925033235,-0.15108199309334275,-0.6422741211718701,-0.24141678331258767,-0.7205327249100177,0.00930104061147441,COST
2020-10,0.5582404039826465,-0.05803864916834516,-1.3174862515689945,-0.4078670729260171,-1.0175272497287482,0.09549878345498786,COST
2020-11,-0.5418472112515692,0.038172654184330156,-0.8044810996496111,-0.44474781566674426,-1.0646773193260353,-0.0130760688506385,COST
2020-12,-0.9483144783927488,0.0035122879441964877,-0.8139672279361199,-0.22379024394489247,-0.815613686482049,-0.06461503839770466,COST
2021-01,-0.8962173079504968,0.008473160510938174,-1.187896643980252,-0.41689347474499605,-0.941952638720909,-0.05894382292794409,COST
2021-02,-1.1211466247776825,-0.07814929036520606,-1.1358697052420175,-0.41262761789848623,-1.2663576428772427,0.06487281094209396,COST
2021-03,0.2519815043835394,-0.3035986273595792,-0.5462523555092564,-0.14457311809304052,-0.648322460790388,0.057919692695516334,COST
2021-04,0.3999778306092635,-0.6100136516507132,-1.267669631786186,-0.5656471117074557,-0.9883376182896618,0.016594803131737335,COST
2021-05,-0.09470464022817052,-0.5697483716438965,-0.3456514856184916,-0.4862470145857468,-0.014614442343155488,0.04601389625247654,COST
2021-06,0.456785901694205,-0.5700385016886989,-0.8204293126390079,-0.6536593930902257,-0.6028179490628268,0.08808621885503909,COST
2021-07,1.362618773761262,-0.4172962926969615,-1.300839836811429,-0.5626714471193176,-1.0941479451972584,0.05996861822104527,COST
2021-08,0.7597641126443112,-0.31195316626189795,-0.6601488793635353,-0.4157802682670272,-0.5388208796037683,-0.013484757366887146,COST
2021-09,0.2611512737678627,-0.09110212413933409,-0.22593656921258842,-0.43985526113196094,0.6515323760845652,0.09566012520222267,COST
2021-10,0.35141310253645186,-0.2674371034378071,-0.9157615368255477,-0.5159210544736936,-0.6791467868373577,0.09732297618283359,COST
2021-11,0.9829851593348378,-0.27820430756807835,-0.6500431423712495,-0.29265555830476564,-0.36300828199549195,0.05251662473917218,COST
2021-12,0.21292800135323667,0.3628877194112694,0.33374855210557025,-0.0008410546220933533,1.0481275901415643,-0.11022381975839324,COST
2022-01,-0.8647108969978475,0.8448017763005896,-0.33843727325631534,-0.2692120687703794,-0.6909353079320965,0.029506694708785197,COST
2022-02,0.9262217533420023,0.5694801143323309,-0.6988635785228726,-0.41789992921575225,-0.6642925093115374,0.10902103559870535,COST
2022-03,1.2772469798928303,1.602379875682913,-1.263790500943572,-0.17667317624891243,-0.6248388938416558,-0.07512310778770737,COST
2022-04,0.12604713958109265,1.6970465567033528,-0.10662636212601348,-0.053099526005069474,-0.007167086527271942,-0.12318826290154017,COST
2022-05,-1.8573217455905522,1.5321569966571875,0.9230282695509867,0.1360915880282284,0.6653444510531411,0.0280001799208347,COST
2022-06,1.6228562095108057,0.7728020697896254,-0.07935220264474402,-0.13198918265177761,1.0466678630282855,0.13135268765451014,COST
2022-07,0.49231740756730624,1.2498437506953148,-0.6426553857980294,0.024525155433026174,-0.32086355737959504,-0.03546497012356653,COST
2022-08,-0.03520515491674732,1.1404165082722764,-0.9336226486202537,-0.0921849878999948,-1.2191871854846474,-0.095450991399186,COST
2022-09,0.05263710591336988,0.8099570321106795,-0.1301621746033397,-0.06229161937240812,-0.06588823030163343,0.06383261669400242,COST
2022-10,-0.3900085296350939,0.78644288729825,-0.6183640117138226,-0.21604897748031263,-0.554372666606808,0.07527396974873946,COST
2022-11,-0.03912187732468771,0.4317166992352281,-0.6782286733631387,-0.25131285973676093,-0.4180875553621842,-0.15345565867741373,COST
2022-12,-1.4243740041682764,0.10201162019109246,0.16266779547959487,0.05398367287616434,-1.0247576722393954,0.1196813989151082,COST
2023-01,0.36463497290754127,-0.2510728308515598,0.20092306792266465,-0.30036128893143166,1.4180499519407221,-0.05110384300899429,COST
2023-02,-0.3946233474237432,0.3160968649597208,-0.6084777804957846,-0.37447955792818394,-0.5462689704061319,0.026217147781128824,COST
2023-03,-0.008834310679451458,-0.07138563684816533,-0.8142512627309944,-0.3153732597444481,-0.7295885591311962,0.01278418036400275,COST
2023-04,-0.006864279038435651,-0.5191868486540651,-0.43446034674623507,-0.2837154045114447,-0.6873983779163078,0.01867512332628629,COST
2023-05,0.12393413851420407,-0.5490979772208705,-0.47932076878293084,-0.24184693186232648,0.10227867216083245,0.05243453313528801,COST
2023-06,-0.09045167751741881,0.16378954545173274,-1.283681592081246,-0.43497463242520507,-1.0172697078728123,0.041392777047405405,COST
2023-07,-0.07704855568595838,-0.3101715004962465,-1.1959073086982965,-0.2781095515773129,-1.0063060074347219,-0.01847210619140427,COST
2023-08,0.01525328588187771,-0.4684438052032944,-0.7619801366450647,-0.35420966416322214,-0.8141913449061126,0.028560620389634694,COST
2023-09,1.585803679582026,-0.4123887790798671,-0.7033769430011632,-0.2391478022479471,-0.2225259597617105,-0.022158881941890307,COST
2023-10,0.021190733264901278,-0.22536062795690598,-1.1094833324551092,-0.20406647487102664,-0.47586821357923925,0.07492242595204512,COST
2023-11,-0.2952428778617783,-0.11975024734384046,-0.39231706428940283,-0.26009813791136677,-0.5879341276626818,0.13892825276859289,COST
2023-12,1.2461219624359,-0.16765628055550397,0.23637659729114172,0.17320517804843702,0.4668560676374696,0.0527188940092167,COST
2024-01,0.4577641202664894,0.3347406898302549,-1.035449279306541,-0.06363272765872208,-0.9801026084568454,0.07209770618105416,COST
2024-02,0.3899770233116726,0.38423520045498916,-0.9308386832932124,-0.06397097443362987,-0.6032075952708974,-0.015134811427327088,COST
2024-03,-0.7941962613565724,0.5268555412916665,0.770906685979256,0.15341111667580007,-0.04680589050637924,-0.011691380716131627,COST
2024-04,0.44663371670114543,0.4551561584867032,-0.8809341199998572,-0.1673861022243838,-0.7063498462107713,0.12033839054743778,COST
2024-05,1.2403810425884911,0.5719779934083364,-0.5929656557081744,0.020736861061896497,-0.6098964502270301,0.049512612174086534,COST
2024-06,0.3919738051994965,0.9813283233499166,-0.7838241449550429,-0.006813662040778455,-0.6524368085803781,-0.031550280658357854,COST
2024-07,-0.7249460384200083,1.0340719640254563,-0.4455559932843514,0.167035316431676,-0.4568474960514825,0.08561429360839945,COST
2024-08,0.9918696420272043,1.0087733047638618,-0.4537175275731371,0.09798360004806975,-0.06035299353424268,-0.006560566470980911,COST
2024-09,-0.536769432057187,1.2965510203720794,-0.6067920216532153,0.16926302903986037,-0.5298909166775074,-0.013925102758832741,COST
2024-10,-0.15419738148144968,0.6943860308880468,-0.9389862279966977,-0.02308929822903628,-0.524560916831218,0.11323957322987388,COST
2024-11,0.570785535549184,0.5858729188167418,-0.7178030751251099,0.12727002033786708,-0.5450974577090394,-0.05721338851375879,COST
2024-12,-0.24336803948235095,0.8885748844301469,-0.727923889852311,0.2133006208492146,-0.5850346185551293,0.06942076021783361,COST
2025-01,0.32949626890410505,0.4361611775547706,-0.8801595549182498,0.02914607848996079,-0.6839738910957894,0.07131320405328934,COST
2025-02,0.8780021407093743,0.39004929029702584,-0.2054181996045977,0.09133671074897974,-0.25653138136625453,-0.09806312837896225,COST
2025-03,-0.7229397289073973,0.6959085706736474,-0.0725079816916507,0.23644494536119037,-0.7158584248047164,0.05151982965131752,COST
2025-04,1.0602081515443433,0.8183036747371529,-1.081638376705456,0.23261387886983806,-0.6033531559533485,0.04729456077113103,COST
2025-05,-0.1858699627560429,0.9435239863952546,-0.8655861049854546,0.17574592070420425,-0.6458090552884307,-0.048291197370329164,COST
2025-06,-1.3198480969642803,0.45981526063648587,-0.27717552981748805,0.09749979696036867,-0.3446876273414981,-0.050812677773262926,COST
2025-07,-0.7295373210671244,-0.06481559262733912,-1.2505500655743325,0.059864214212962605,-0.9724407498239166,0.005308332798219073,COST
2025-08,-0.5775668461943898,-0.08923544136718943,-0.47693283283145105,0.21531560166420166,-0.427929259223429,-0.0187578512572657,COST
2025-09,-0.48708025053561,-0.49623137208243523,-0.40476864829745685,0.10647841854332898,-0.5114759815602457,-0.013919628520592031,COST
2025-10,-0.3286098177026705,-0.5136555617802053,-0.7764562979116125,0.03975746933313512,-0.425700389831155,0.002343517917459792,COST
2025-11,0.01949676344438202,-0.5447706508958028,-0.8793618793282968,0.06983715422414573,-0.7976534592650816,-0.05609097495115367,COST
2025-12,-1.156277903404001,-0.6168418138467466,-0.5813986728486299,0.20941566680245863,-0.7359463160771571,0.09183412410456793,COST
2026-01,0.47981490861969045,-0.7115034730916484,-0.7063256508785217,0.022785285435133605,-0.20993526494813963,0.07501411240933442,COST
2026-02,0.9071222683372442,-0.49567100291989036,-0.8305815480046251,-0.1712351681211578,-0.4789796613057889,-0.014197677644354645,COST
2026-03,0.46881987481012455,-0.49978664900144937,-1.1679020593004539,-0.29852210722591477,-1.1024538606856369,0.01816098654257825,COST
2026-04,-0.4089141701166349,-0.37167663121432226,-1.0302885568233677,-0.21058507025541737,-0.9325769926889156,-0.017629755394547142,COST
2016-01,0.0,0.0,-1.0973495179762036,-0.6220438600955706,-0.9295774127666971,-0.014835164835164782,PEP
2016-02,-0.11595637850837011,0.0,-1.3742164420157879,-0.6413852244117719,-1.0758915539584433,0.05507529280535417,PEP
2016-03,-0.4620361729293931,0.0,-1.0026559458995237,-0.46249098177976594,-1.2337273870242016,0.0046253469010175685,PEP
2016-04,-0.18614147677863416,0.0,-0.43544980647693426,-0.36329238097083866,-0.32652484531058573,-0.01736385161799514,PEP
2016-05,-0.672989903639851,0.0,-0.790151188920212,-0.41358515587732825,-0.7866833660465008,0.055020080321285025,PEP
2016-06,0.99115461980955,0.0,-0.8995516377684295,-0.671165708020562,-0.19834424590270222,0.02804212663367589,PEP
2016-07,-0.34398120714323244,0.0,-0.7262916103211162,-0.41574402383920117,-0.6608166668017744,-0.012959763021476167,PEP
2016-08,-0.5269428225772617,0.0,-1.0164611932664893,-0.8919851733659658,-0.8323891379560401,0.019007127672877377,PEP
2016-09,0.40936673094313586,0.0,-0.8458470125461931,-0.6261549943966025,-0.45002284227535105,-0.014480304331819793,PEP
2016-10,-0.15726496592581105,0.0,-0.8232299513609849,-0.6696970848703953,-0.4403019930339618,-0.05927032748101113,PEP
2016-11,-1.2591629206673418,0.0,-0.44446729523603334,-0.6468490275469041,-0.6291845909592765,0.04526803441429528,PEP
2016-12,0.23719491940151602,0.0,-0.6334982638779741,-0.8574612697777032,-0.6984412952620481,-0.008104343421552529,PEP
2017-01,-0.48814725963633515,0.0,-1.0670349709351574,-0.8952058468583374,-1.399118884198726,0.07098174390399592,PEP
2017-02,0.45520639122372836,-0.48519548082853037,-0.5121115023683653,-0.7599532111494229,-0.365939749504955,0.013350816545476318,PEP
2017-03,-0.003967798831946841,-0.360836744059726,-0.8789072615879174,-0.830175444499358,-0.45712628628121843,0.01270438771909177,PEP
2017-04,0.06921599859607776,-0.36852161502096686,-0.75267440074565,-0.8693664254435977,-0.3767834794857458,0.038796608200720284,PEP
2017-05,0.28367995696992365,-0.40971908566025117,-0.5986797357293666,-0.9782013324523068,-0.40364164321338575,-0.011852845801185286,PEP
2017-06,-0.34430967586901995,-0.26158997295796393,-0.9757745924224173,-1.0157383683630623,-0.8053603337003711,0.009731809437591998,PEP
2017-07,-0.27986753635704503,-0.49500218826351966,-1.0847068166247587,-0.8397900038819384,-0.7773146006660084,-0.0006724195898241137,PEP
2017-08,-0.11357318361457026,-0.5033923185411969,-1.0167031164051668,-0.9366062179472129,-0.654687501149237,-0.03712010765952678,PEP
2017-09,-1.200722988648868,-0.4494070963479024,-1.1082072729034524,-0.8020705394671954,-1.2607917733182157,-0.010715117633356641,PEP
2017-10,-0.6003262641952375,-0.7571980775125775,-0.6688011652271538,-0.9115473717451479,-0.8153191143382316,0.06439839886979049,PEP
2017-11,0.4727237810240589,-0.8253957580500253,-0.8546200831293604,-1.0483868955591502,-0.6744400714990626,0.029200309700254445,PEP
2017-12,0.32586878133973735,-0.4416891553842665,-0.9633034078119302,-1.0553530250918983,-1.136180497072315,0.0031166039763568243,PEP
2018-01,-0.8593902720073289,-0.466539834724122,-0.9648760071371172,-1.0454628321703388,-0.9676743731904198,-0.0878508677951575,PEP
2018-02,-0.8826598087875384,-0.5941720511512877,-1.6679359527619833,-0.9977762269935948,-1.1450108719463155,0.0019967112990368907,PEP
2018-03,0.6553311854059056,-0.7687733080553587,-1.4578310972631567,-0.9511757202364265,-1.0023767634561214,-0.07525495252608139,PEP
2018-04,-1.53662548534702,-0.6920264400515732,-0.9354476364057605,-0.9230383926398419,-0.7848213314142416,0.0024084167828621883,PEP
2018-05,-0.49704953205940194,-0.980788049777715,-0.6644561696156844,-0.62914188470316,-0.4599928520603182,0.08598887202832572,PEP
2018-06,1.403918452027778,-1.149852693629827,-0.7610607558201263,-0.773543290925952,-0.2677809682703884,0.0562412668840242,PEP
2018-07,0.33322631550688425,-0.8085774719728117,-0.19604530262503725,-0.19348769268963595,0.9518884658317315,-0.02601697718002427,PEP
2018-08,-0.8824950711086206,-0.8444150331326657,-0.3667175090105603,-0.6658614774877815,-0.5945492579344647,0.006451612903225934,PEP
2018-09,-0.06735551884624294,-0.9472479614948298,-0.3822124943179067,-0.9890447857483666,-0.36864474924657853,0.005173189383715693,PEP
2018-10,0.71708002029086,-0.6649753479015325,-0.9164903136171052,-0.9890512937728302,-0.6377801986247563,0.08503020810024631,PEP
2018-11,0.78091879244957,-0.2860435019818401,-0.81508362522244,-1.0309266062381985,-0.4129309345303659,-0.08671891111569408,PEP
2018-12,-0.11695308163084579,-0.10570654839068498,-1.2209965443939748,-0.8125976710304083,-1.6892657593827491,0.019871288246584573,PEP
2019-01,-0.699535215756745,-0.18850618786491666,-0.8027791232434808,-0.7835482741526577,-0.9756996762253339,0.03465072511900802,PEP
2019-02,-0.0445361830282329,-0.13786261697677263,-0.6812247640114117,-0.6301574292217363,0.2554857364350555,0.05970468649689731,PEP
2019-03,0.8276144984090096,0.12286175518891754,-1.1145157674852895,-0.4823738612164441,-0.6853177478411244,0.0449313408723746,PEP
2019-04,-0.041958323373519575,0.11025257160552263,-0.5290922535681937,-0.8036103817014876,0.16082383932813202,-0.00038651077398776934,PEP
2019-05,1.195218483981624,0.4902881528258525,-1.213012772068819,-0.7923241207309057,-0.5570547182994109,0.03189946834219426,PEP
2019-06,-0.9905799403656192,1.0318935479081084,-1.0980769385049094,-0.6657361457304497,-0.9102917123446672,-0.025292740046838458,PEP
2019-07,-0.8246451132767295,0.47930422649194615,-0.5480732343900895,-0.5812339982814108,-0.4728009149080328,0.0697741470446902,PEP
2019-08,1.4517037034568523,0.2135147730061411,-1.1509950092653345,-0.7087951746859017,-0.32099880633070427,0.009702632288204116,PEP
2019-09,-0.2102536676644738,0.9553840634513955,-1.1507527065827756,-0.7752201053313785,-1.0800439867620004,0.00044487943767235194,PEP
2019-10,-0.44674495370687,1.1443350438052102,-0.860999827483074,-0.7818703701486968,-0.14516222795766984,-0.009694059053717563,PEP
2019-11,-1.1021313476589845,0.5586301865885678,-1.1778207976420543,-1.0056209914081824,-0.8992208856809968,0.013201616524472382,PEP
2019-12,-0.4125440191126802,-0.19435662489060831,-1.0918520930092586,-0.7005759963807179,-0.7813944344466952,0.03908881404006381,PEP
2020-01,0.3678173183012091,-0.2618346486287561,-0.9966903131108489,-0.7754853924863722,-0.5474370741603524,-0.07028917512582111,PEP
2020-02,0.18903390861571379,0.20205497640839284,-0.8671055813533882,-0.6861543298669113,-0.9404866288929407,-0.08422791081750614,PEP
2020-03,0.45675094175133485,0.20626617137832384,-0.3058188443944349,-0.5558835312053397,-0.24935626824207924,0.10149283638913942,PEP
2020-04,-0.31418844808461477,0.2150232146298533,-0.9257636775194612,-0.6940964765876925,-0.8531052958741261,-0.005639439694378745,PEP
2020-05,-0.8986573839708855,0.07112567678160392,-1.208728533620711,-0.4771417760542959,-1.1518839190640935,0.01317233809001106,PEP
2020-06,-0.08798224828707688,-0.24764526619721136,-1.0295743268858628,-0.6899026447418288,-1.179426636830537,0.04080895630191406,PEP
2020-07,0.0054000149460215205,-0.16648159230525425,-1.2727743125301294,-0.6510846257710879,-1.071611983996401,0.01743580846634285,PEP
2020-08,-0.5948255083798033,-0.10694833125791171,-0.943619944612665,-0.7974690209312028,-0.6343259827015433,-0.0033250916531674113,PEP
2020-09,0.5477248094082701,-0.24945752958492196,-0.6191736148539883,-0.6340026789710931,-0.20837858072548335,-0.03832335329341319,PEP
2020-10,-0.1721120064474831,-0.23793130526510378,-1.0330271900686592,-0.7352027579959735,-0.5207950577647832,0.08210282867817109,PEP
2020-11,-0.6605697509915617,-0.23831654188926474,-1.4675228183368223,-0.9984308375511876,-1.0769120716994178,0.035593916974927975,PEP
2020-12,-0.18575640718604006,-0.2126237443792386,-1.2492107134578603,-0.8907275672162815,-1.05207309445264,-0.0791395459596761,PEP
2021-01,-1.1681068432611827,-0.1996650147880016,-1.0993455009334128,-0.8397164626527945,-1.2311853418122845,-0.05404706490819766,PEP
2021-02,-1.0723574781552563,-0.36638829238957216,-1.1655946933977595,-0.7646669249988459,-1.410865821973755,0.10360852925095676,PEP
2021-03,0.901371361671673,-0.683790268680791,-0.8133190553050077,-0.6026455137528564,-0.32864880228585674,0.019156139047147303,PEP
2021-04,-0.3623299555750914,-0.7054197863862989,-1.227104018614928,-0.6245466780698373,-1.0993480794998491,0.026249696184071913,PEP
2021-05,0.109474518402739,-0.8738671686552821,-1.2358336974450312,-0.7198941655432829,-0.9423978143797715,0.008841872582300514,PEP
2021-06,-0.16347292434249086,-0.8334256257270652,-0.9791371754399589,-0.7152668578061985,-0.8504276046732145,0.059237812035370485,PEP
2021-07,0.8252919368138715,-0.9763052111552021,-1.3793472831542182,-0.7033651062607744,-0.48312253453775134,-0.0035460992907803135,PEP
2021-08,-0.5636408991589514,-0.9525292293232213,-0.8900139821819784,-0.8180486058227138,-0.6639332233456143,-0.03165776986951352,PEP
2021-09,-0.04282586327819732,-0.7955747723594131,-1.294313015893504,-0.8831073216332446,-0.7398350009031374,0.07442002909425005,PEP
2021-10,0.11155404696324403,-0.853690106109878,-1.1816641492371471,-0.8380662771596952,-0.43297446937666223,-0.011259174802251914,PEP
2021-11,-0.07179022426780346,-0.6923616384603608,-0.8029620587754199,-0.8850648821125858,-0.6700721623450083,0.0944864864864865,PEP
2021-12,0.7953473289370574,-0.569972055137362,-1.0821534769930978,-0.7132319307368081,-0.571503240677364,-0.0010536020018440118,PEP
2022-01,0.2006764704678191,-0.33248089713335627,-1.4092211654342817,-0.7283044568888202,-0.940591244360345,-0.056361239288068465,PEP
2022-02,-0.33833652936821507,0.08135212236058595,-0.8239107216193305,-0.6041500643680255,-0.6071814631756263,0.02892071253929429,PEP
2022-03,0.1820403918963397,0.4956232276272791,-1.134140339462717,-0.7198822200722527,-1.2018522900734385,0.025867336546948172,PEP
2022-04,1.135037015982325,0.224769552819134,-0.9847391361872889,-0.707524556932288,-0.9204128761130865,-0.02303110522832552,PEP
2022-05,-0.5601144442744834,0.7588106960048896,-0.6575338982027111,-0.43510045035930006,-0.5157557729848907,0.0004064489906516755,PEP
2022-06,1.2503852288785497,0.5165254422681512,-1.3541432342476496,-0.579793725699178,-1.0878208980294057,0.049769772481039976,PEP
2022-07,-0.4632277349544075,0.9989025151435238,-1.575939719398859,-0.594452977707252,-1.1963081244940734,-0.015351867380506978,PEP
2022-08,0.31400014606902277,0.6824268631409595,-1.5225751576638744,-0.6162575898906878,-1.4027988901612394,-0.04592204389125465,PEP
2022-09,0.7928550603931473,0.7351101956654644,-0.9970927808324255,-0.4078314186009613,-0.6631067285323208,0.11219445207360623,PEP
2022-10,0.01699836978932459,1.0039785568583106,-0.8978612566893688,-0.3771174751673796,-0.4274405679950312,0.021669341894061223,PEP
2022-11,-0.714548220754931,0.8443397040041306,-1.2465668665080734,-0.497326509791205,-1.2934717374680638,-0.0201220617559974,PEP
2022-12,0.4433573313064043,0.6539010870799379,-1.2640418319052216,-0.44545003693019686,-1.0751222226598725,-0.05334237789837204,PEP
2023-01,-1.2435402487636775,0.554083194776545,-1.101213099745327,-0.6077737450948609,-0.876027001744884,0.014657025600937956,PEP
2023-02,0.6279258304630234,0.28524329352255906,-0.886849708556524,-0.38336005189061306,-0.4398490249781079,0.05765279917822297,PEP
2023-03,0.287470001933451,0.6998073435443904,-1.091046546187731,-0.6058157590036075,-0.7913117064161468,0.047165230059487584,PEP
2023-04,0.593826114597317,0.9684256889038403,-1.3127418738422572,-0.6102420763930362,-0.5491167007892035,-0.04475102892585936,PEP
2023-05,-0.4450950358372249,0.32504718051418946,-1.027589504299835,-0.3802430422008824,-0.937910095319114,0.022877601796225555,PEP
2023-06,-0.5992268670372036,0.20409451951810995,-1.238141591865169,-0.47722402792457813,-1.2415936983298579,0.012102515424774474,PEP
2023-07,-0.5722818651190498,-0.283817761280615,-0.8252693740318028,-0.3105423602184578,-0.6498037392445237,-0.044255568581477056,PEP
2023-08,-0.5172789263830908,-0.2853394922529816,-0.8219616151933042,-0.45766372739869626,-0.7667867149923813,-0.047654093836246636,PEP
2023-09,-0.12244871735902517,-0.3911987186249166,-0.7874910474767207,-0.40037031752775554,-0.48443143197661903,-0.03638588356517258,PEP
2023-10,-0.22611054806551403,-0.5457334236011658,-0.26702490043647326,-0.2025915356769367,-0.5981983549628451,0.038561785738154164,PEP
2023-11,-0.7819040085514781,-0.5346659406944333,-1.3435610115981023,-0.44025208295390905,-1.089698473627426,0.009266409266409203,PEP
2023-12,-0.7102334347183378,-0.5953697980542312,-0.7582312928381145,-0.5513698226109662,-0.6953380080048592,-0.007714868655955165,PEP
2024-01,-0.2866197034265288,-0.72193340627233,-0.9889198467302374,-0.5983306877209437,-0.7926988169127226,-0.011437383537878265,PEP
2024-02,-0.781176477221922,-0.5170819764905848,-0.3050834428092076,-0.35904846903402754,-0.5153415928617223,0.05843353916152094,PEP
2024-03,0.2620349971630555,-0.7125498809281092,-0.5461132524332315,-0.4345797771963932,0.30125097433314935,0.005158437730287346,PEP
2024-04,0.6945565245654253,-0.8587998939617901,-0.3989760957647257,-0.5004475432668072,0.22175243551421409,-0.017106549364613977,PEP
2024-05,-0.7596019720937135,-0.8105071495243027,-0.5861966425087923,-0.6727813217514085,-0.6157926266149472,-0.03860019890601696,PEP
2024-06,-0.9073974127322207,-0.9253573525435665,-0.6153131151806537,-0.5207815385217023,-0.6234907085313092,0.046938643563716465,PEP
2024-07,0.3475994483810022,-0.9464335511425086,-0.7664356497135086,-0.5169263993026132,-0.32615770780482256,0.0012351015871054916,PEP
2024-08,-0.22359003750493142,-0.9085995891691273,-0.8936721976529148,-0.5050469001482671,-0.6221390572421321,-0.008881761549373923,PEP
2024-09,-0.5742883056001942,-0.8555986063090164,-0.8607255526245734,-0.4791377044792074,-0.35144796502941533,-0.02333685979214639,PEP
2024-10,-0.32131882001160483,-0.8836656554667867,-1.0719607665370472,-0.5140646842550957,-0.58578211398968,-0.015802217407926533,PEP
2024-11,-1.0606334140357856,-0.8471349218834003,-0.8461018968438804,-0.6488144592948243,-1.1780657015873872,-0.061763563382105535,PEP
2024-12,-0.2936563837602831,-0.9537789770915311,-0.6935663899951062,-0.4861181181364336,-0.4924639664680241,-0.009039470052442544,PEP
2025-01,-0.8288907201433648,-0.8671303192538016,-0.40595262422275274,-0.6409190409873451,-0.2874653768262628,0.018452753986490933,PEP
2025-02,0.22986098388288956,-0.9878333670795358,0.03910258588474073,-0.5056818412519529,-0.11405111631671264,-0.014357992615889437,PEP
2025-03,0.5831191873929316,-0.874696276643834,-0.9021263940280643,-0.6353095240177701,-0.5972872695640281,-0.09572697003329622,PEP
2025-04,-0.8565500650450413,-0.8657812291494695,-1.2517371724325892,-0.5630697217027513,-1.0677199857850685,-0.030454127032832234,PEP
2025-05,-1.0233677619713868,-1.1395006779550692,-0.9853729325351541,-0.4512995814991924,-1.0166169641724578,0.01550755597752973,PEP
2025-06,-0.5619820383396517,-1.2015355230199263,-0.4208852696544767,-0.2789774228455588,-0.4499607111453863,0.04448772886638097,PEP
2025-07,0.5140828863951384,-1.2147394751682612,0.96643251169933,-0.338586140471253,2.401388490330462,0.07780098463374618,PEP
2025-08,0.5754363755894567,-1.1600737755832242,-0.775695849954399,-0.4399596739152389,-0.6781292226712424,-0.04595473735206601,PEP
2025-09,-0.7511243516870257,-1.1491989383799064,-0.39135395850801913,-0.5462740199861512,-0.5239394360671106,0.040188610808850056,PEP
2025-10,0.15802616404431594,-1.1635886071756683,-0.287300984393285,-0.6444468811807195,-0.10469259652871177,0.018202106144082686,PEP
2025-11,0.2509330980039565,-0.9353381437998612,-1.0718437397103517,-0.6639749268101085,-0.8436275573432838,-0.025684931506849362,PEP
2025-12,-0.6618419109129858,-0.6160128568229036,-0.664552320862526,-0.5483550819395139,0.024802598158699375,0.07043936731107214,PEP
2026-01,0.2899813567759905,-0.6204407178840613,-0.7549644479247889,-0.7334280045865936,-0.3682158288216403,0.10487949037893207,PEP
2026-02,1.2650941766530557,-0.3194578156243532,-0.5403788393070833,-0.5126691867717594,0.38755796920975577,-0.07697337137422744,PEP
2026-03,-0.522590383352684,-0.15203028279668704,-0.8940961789340796,-0.8397981815452298,-0.5928595433561028,0.02060660699336725,PEP
2026-04,-0.39746300857139105,-0.3344001072191896,-1.0422282547958337,-0.852056211745224,-0.8315088726694624,-0.07697646539213843,PEP
2016-01,0.0,0.0,-1.2371369618054155,-0.1474990879721356,-0.971699543030736,0.02404207362885047,T
2016-02,0.7021233262185465,0.0,-1.4422857821777002,-0.16282024972660653,-1.0076695887132143,0.060161408657373405,T
2016-03,-0.3708766978743078,0.0,-0.9245109051676632,-0.16933799335124664,-1.2619327226138668,0.007612456747404961,T
2016-04,-0.14133411243890304,0.0,-0.4870110491713425,-0.21201681464341288,-0.30113296316853916,0.008241758241758212,T
2016-05,-0.3199698857771886,0.0,-1.154779038708637,-0.33875802691958684,-0.848883447844468,0.10422343324250694,T
2016-06,1.8426320158642506,0.0,-1.16478542528442,-0.10049916072326963,-0.8698645253011936,0.016656384947563163,T
2016-07,-0.5213926606827649,0.0,-0.4487639636367946,-0.13160059034298957,-0.5797844587412913,-0.05582524271844658,T
2016-08,-1.3318781336639036,0.0,-0.39515755716660766,-0.10020491744714383,-0.6483122382904403,-0.006426735218509005,T
2016-09,-0.1357971823012866,0.0,-0.06184123392916264,-0.2721148865472038,0.04031973009631866,-0.07956015523932736,T
2016-10,-1.2879265367481165,0.0,-0.3112536853398515,0.20494457479041583,-0.7602881971313596,0.05059732958538299,T
2016-11,-0.06885426048238175,0.0,-0.50574084996018,-0.4047398161392706,-0.493175657763337,0.10033444816053505,T
2016-12,1.2988597917511717,0.0,-0.4884746260018716,-0.399668329969282,-0.03418771927176416,0.006686930091185372,T
2017-01,-0.2518512722098846,0.0,-0.44248593620662247,-0.22595287134166528,-0.9757229863161618,-0.008454106280193052,T
2017-02,-0.8259879020054094,-0.2038068541992191,-0.25712481759083616,-0.46187578122687467,-0.7084374407423727,-0.006090133982947665,T
2017-03,-0.40432303557594884,-0.31660612869762567,-0.7810236442365845,-0.7339784486835339,-0.6940093824461484,-0.030637254901960786,T
2017-04,-0.9087691446218241,-0.35884614565321676,-0.38081404851252965,-0.2479959792237953,-0.6834100266119024,-0.027812895069532217,T
2017-05,-0.6358205710743445,-0.5079452496929701,-0.2926855247250979,-0.3795694480738657,-0.3325994930480127,-0.020806241872561748,T
2017-06,-0.5025281037890477,-0.6583737177230894,-0.8713939392877234,-0.6211766068379297,-0.8002023302723411,0.05179282868525892,T
2017-07,0.4452341725721331,-0.9871982736878399,0.762227055884653,-0.01918972051718497,0.932999043391357,-0.03977272727272718,T
2017-08,-1.0074231604896282,-0.8970712614380476,-0.6715802742063095,-0.47164625406421845,-0.6771045731397569,0.04536489151873768,T
2017-09,0.23360972711273428,-0.8650786982260796,0.17363664309856042,-0.10161486353214519,-0.11240600670291372,-0.1264150943396226,T
2017-10,-2.1688757171098,-0.8339595772802061,0.6111786386109603,0.22269264066302105,-0.7120964652178213,0.0813534917206622,T
2017-11,0.7633503439141855,-1.0510410909635708,-0.06686312977223002,0.3137134195263894,0.03608420763089474,0.06857523302263657,T
2017-12,1.3138049614355651,-1.1061841075881953,0.25328084319676836,-0.1212112992088048,0.6496758145220318,-0.019314641744548333,T
2018-01,-1.122977183638684,-1.2400612773679722,-0.3678122043917277,-0.37957003430611463,-0.7158012938112801,-0.0311308767471411,T
2018-02,0.058529188775131503,-1.388710434433047,-0.4659718448229542,-0.4584505601366877,0.7623892835500213,-0.017704918032786843,T
2018-03,0.3056730288332971,-1.0159951561133214,-1.400652095988554,-0.7126328707913215,-1.0856553445333958,-0.06542056074766356,T
2018-04,-1.3588512329901419,-0.97073378139234,-0.30677815157976873,-0.33800279663726124,-0.9211831094891287,-0.012142857142857122,T
2018-05,-0.7104348271314831,-1.0842988740678325,-0.803906043217392,-0.3951966465652296,-0.719576978734208,-0.005784526391901634,T
2018-06,-0.16343782380377447,-1.1009699812962173,0.7463024215448092,0.3827341833901096,-0.41864468018458983,0.015272727272727327,T
2018-07,-0.33209357465360906,-0.9914917696905137,0.27339950346684305,0.15293909392688368,-0.04441142181896197,-0.0007163323782236608,T
2018-08,-0.5207300998777985,-1.3744164861515447,-0.4411698283775763,-0.4029629129825225,-0.3875351631896119,0.05161290322580658,T
2018-09,0.6849497182473798,-1.1912173882726436,-0.6581333828249579,-0.2121335707253298,-0.1849012844185609,-0.06884798909338785,T
2018-10,-0.00925331826371902,-1.006081603014416,-0.0749403521080136,-0.25678829979066137,-0.5470945201245301,0.018301610541727742,T
2018-11,-0.011930200680811135,-0.6040237391322795,-0.7383913213892168,-0.49455309064436126,-0.8415405878318989,-0.08626887131560024,T
2018-12,-0.10815126010135033,-0.7281976651644808,-0.95321794229021,-0.18796288264502403,-1.463230637999572,0.07631785995279294,T
2019-01,-0.09095263164359121,-0.889343509857477,-0.32693102795550555,-0.3325759441810772,-0.48029513346084957,0.03508771929824572,T
2019-02,-0.03472918841089187,-0.6190054647294165,-0.9785358298683869,-0.4525562034418522,-0.3324120385358818,0.007768361581920846,T
2019-03,-0.1873129029594233,-0.6426529791698721,-0.34351363779012095,-0.5554020581697651,-0.3780716702208019,0.008409250175192673,T
2019-04,-0.4462122678698542,-0.6772383333702,-0.20228396688430156,-0.30535625162328517,-0.4295170818840168,-0.012508686587908269,T
2019-05,1.0164077093525006,-0.5283471644676215,-0.5168058841965752,-0.4464922886594942,-0.22405824684067874,0.09641097818437716,T
2019-06,0.27202816777255984,-0.07503216955715097,-0.9508891414200538,-0.5741236169682854,-0.9638753115588463,0.03594351732991008,T
2019-07,0.35833343336927914,0.03996822367554733,-0.344020041954756,-0.14987792511164624,0.4180147911095211,0.03531598513011147,T
2019-08,0.9311149507559512,0.2541855373519821,-1.260628236707959,-0.27962390480478294,-0.663317382530295,0.07360861759425497,T
2019-09,0.9933151007590424,0.6881292891336664,-0.20286020319723175,0.2784781806740148,0.19293052694939528,0.035674470457079055,T
2019-10,0.05915585584129135,0.9330352365363563,-0.46721881662677317,-0.05929975782025501,0.33968361355369536,-0.02906350914962319,T
2019-11,-1.4813411615197227,1.0987687422906254,0.12042206806522313,0.02245747063211467,-0.9070731092252876,0.04600886917960101,T
2019-12,0.19082398527899205,0.595982308231059,-1.3327138756019368,-0.2964374705517866,-0.6835648930612781,-0.020667726550079535,T
2020-01,-0.2419115996638685,0.5937767843611264,-0.5719876543744642,-0.12191800820516559,-0.6969487213260653,-0.06331168831168843,T
2020-02,0.3101738067601181,0.4027572324802479,-0.9318574297562133,-0.25701040969218875,-0.5449291379511202,-0.17273252455228183,T
2020-03,-0.30508742948160095,0.4119440824979706,-0.9031728619650891,-0.24486542703185232,-0.9267300195586383,0.0705307262569832,T
2020-04,-0.6556273302161864,0.19941814098071092,-0.5342798930740262,-0.40897170723908144,-0.37767284020661857,0.012393998695368502,T
2020-05,-0.581640715829694,0.07871687245431917,-0.26371175516496087,-0.4538380842290098,-0.49467951237752844,-0.01997422680412364,T
2020-06,-0.5323967339811758,-0.18427064078658106,-0.506666217909047,-0.3700207546239441,-0.5554185447800652,0.0006574621959236637,T
2020-07,-0.40514191013036205,-0.27018036686642,-1.0230939686853975,-0.3324507548864774,-0.8596058791264988,0.007884362680683266,T
2020-08,-0.6780445966843207,-0.32631540282243776,-1.1345278227163078,-0.46297793527494097,-0.8113005739329923,-0.043676662320730086,T
2020-09,-0.14469904527573207,-0.3476088307236608,-1.2613445783322474,-0.4223334018363918,-1.1870972205566752,-0.029311520109066125,T
2020-10,-0.033909426867638225,-0.43521756637326536,-0.4971346722171557,-0.19501647671438188,1.5317321815154297,0.06460674157303381,T
2020-11,-0.8156299860581081,-0.539879925447069,-1.0081919718183567,-0.4852927117900726,-0.8884112919456264,0.0,T
2020-12,-0.7434395093009952,-0.4545446490738078,0.056460393362391136,-0.19655739965107152,0.2265569969304224,0.01912928759894461,T
2021-01,0.671423163369212,-0.5102046052113094,-1.040437198188449,-0.2971925140538442,-0.7539878754696847,-0.025889967637540368,T
2021-02,-0.7918125254211713,-0.5831347108870756,-0.9093662604226163,-0.40362207227046903,-0.9015168313588977,0.08504983388704312,T
2021-03,0.5902417619123639,-0.930951738087503,-1.1120656460304033,-0.4092856150551535,-0.6565455995539424,0.061849357011635187,T
2021-04,0.4772569607024937,-0.8114074294008007,-0.6192282129954702,-0.34837119331850985,0.674584002321652,-0.06343713956170716,T
2021-05,-1.7871992783529709,-0.8565659372590163,0.6569284389217944,0.12878245794425938,-0.29074609706801974,-0.02216748768472887,T
2021-06,-0.6809004813148156,-1.1022677578746798,-1.2003364332882283,-0.5097015162644686,-0.8598190622905469,-0.0012594458438287548,T
2021-07,-0.3015224631431435,-1.2885430579582904,-1.2778777071199001,-0.5377208097515,-1.2815786662908568,-0.022068095838587598,T
2021-08,-0.9495688229571966,-1.3952294677892731,-1.0551363878314781,-0.6174044520721663,-1.2362015185896305,-0.014829142488717029,T
2021-09,0.23866395415796826,-1.272391129169301,-1.1124919676371634,-0.5605678302599557,-0.5366743973074009,-0.04057591623036649,T
2021-10,-1.1870661993904137,-1.0848792313178368,-0.31150811023606406,-0.26439230964000054,-0.7814762982350246,-0.096862210095498,T
2021-11,-0.9033447069321439,-1.2161127311414703,-0.5275329678503367,-0.45263270026267144,-0.47679061111219634,0.07779456193353473,T
2021-12,0.5637120776050195,-1.4506213250453375,0.2676840706105075,-0.22028809028959398,1.217224176522554,0.0651716888577436,T
2022-01,0.8469661796803064,-1.3265680978842465,0.5044875729645032,-0.2661560897067396,0.08431240274219395,-0.07171052631578945,T
2022-02,-0.5643821221888398,-1.0760866290303541,-0.5598948215186945,-0.5097156488818984,-0.53218260173297,-0.002126151665485465,T
2022-03,-0.24246139430104072,-0.978281263545187,-1.3383442068754352,-0.7896660370835917,-1.118644912566614,0.07315340909090895,T
2022-04,1.6074695199282285,-0.9891187602338232,0.11377205755958046,-0.34411510037240706,1.5243307531383488,0.12839179351422914,T
2022-05,1.401072298625837,-0.513956923898035,-1.3905063470146446,-0.6450606888633881,-0.6621642819491137,-0.015249266862170208,T
2022-06,1.0390582484511937,0.12358649258175392,-0.7802548026975781,-0.723043713304068,-0.7459103168092022,-0.09231685527099454,T
2022-07,-2.12742650349631,0.6115917186065951,-0.0951909882991608,-0.6433342325974579,-1.290235391302613,-0.06561679790026242,T
2022-08,-0.5587036040889173,-0.006837457169865475,-1.4583070540293692,-0.7600584217536029,-1.4099955348043256,-0.1257022471910113,T
2022-09,-0.3994726967244432,0.006717632023966481,-1.0425197437231188,-0.7145825113686863,-0.7428959886585996,0.2096385542168675,T
2022-10,0.8370752252109769,-0.13735034974034463,0.00854937414408056,-0.47805532155817454,1.3634871505923667,0.05710491367861881,T
2022-11,-0.2680547063761192,0.432276438020628,-1.2992040009140942,-0.7487248254891087,-1.1122546100129704,-0.04459798994974873,T
2022-12,0.10049957371331562,0.6826330853222446,-0.44516283193209644,-0.6830100534954073,-0.3386548763081977,0.12228796844181455,T
2023-01,0.3888618196658987,0.547995215617868,0.039439769981428,-0.7389406670697201,1.08699649166964,-0.07147041593438785,T
2023-02,-0.7113135439106951,0.7932645786536254,-0.7916032593958273,-0.875290934533971,-0.7142686754938671,0.01766561514195586,T
2023-03,-0.08943884368019502,0.8819247929366199,-0.9998977290547133,-1.115095703609281,-0.7559337095240914,-0.06881587104773712,T
2023-04,-1.432544048485756,1.1300378503898452,1.8950536313371034,-0.564165631253035,-0.1431752621946484,-0.1098535286284954,T
2023-05,-1.029163599648802,-0.3531765316940986,-0.14979645160755894,-0.7841664539616557,-0.4502675399059151,0.014210919970082392,T
2023-06,-0.7484099008921494,-1.0139221165453873,-0.1801765412384349,-0.898040578198757,-0.34662606431787374,-0.07374631268436582,T
2023-07,-2.0237949926970247,-1.181960464343318,2.0461650464795764,-0.4564955165221326,2.0287645424842604,0.019108280254777066,T
2023-08,0.7914394330016202,-1.1454352706795619,-0.27925806773935513,-0.8346847636451755,0.621036116807218,0.014843750000000044,T
2023-09,1.2783581034931764,-0.8304720279014589,-0.10385626225999094,-0.9178096063680184,0.49273283955337654,0.04541955350269444,T
2023-10,1.1958749090508407,-0.5982879426358049,0.9357824611793764,-0.7260969321258706,1.2756473531725085,0.0758468335787923,T
2023-11,-0.2828703437643425,-0.5843144585743467,-1.250316942019273,-1.0376497647215461,-0.9772530380931114,0.012320328542094527,T
2023-12,-0.664155488453755,-0.6494880390069441,-0.3545788024957228,-0.8980022527551897,-0.08352707685390971,0.07167004732927662,T
2024-01,0.6911921139847872,-0.7114363393627108,0.19801499795094646,-0.7860887650220187,-0.18173787037878844,-0.04290220820189272,T
2024-02,-1.2223101334246589,-0.7156533943270514,-0.2055983655951202,-0.8831225977262024,-0.47386696522780913,0.039551746868820015,T
2024-03,-0.009053576616235973,-0.7763681704934275,-0.6716894294557828,-1.0081660471458531,-0.47486062064870177,-0.02409638554216864,T
2024-04,0.2641104665058497,-0.8855111932530061,-0.6697396695793828,-0.8290073705971305,-0.46916534353176087,0.07862248213125422,T
2024-05,0.6333662748728414,-0.6140272091531771,-0.4921025888129598,-1.0872734074533916,0.13737184505103994,0.04879518072289146,T
2024-06,0.3813940748845212,-0.15181009632688386,-0.44946529714460204,-0.9365913906338195,-0.39417131778717474,0.02240091901206198,T
2024-07,0.012293212691232009,0.0781438192625525,-0.3064217361288734,-0.8389216955669464,0.2943502336777845,0.033707865168539186,T
2024-08,0.24417143153416193,0.6862746272255466,-0.7526777183673377,-1.005396152748618,-0.7063747440094226,0.10543478260869565,T
2024-09,1.273478822662694,0.5514654898447647,-0.4221734809483109,-0.63337957081545,-0.26835795444628724,0.037856440511307765,T
2024-10,0.7652702556437477,0.560463535567958,-0.25223023882083784,-0.7559870707182518,0.3296293016093593,0.027475130270014247,T
2024-11,-0.5134968256437172,0.40256411316145935,-1.066720996656678,-0.9313280923868076,-0.9766024056394966,-0.017058552328261922,T
2024-12,0.20042154771958684,0.35106215825326204,-0.04373022816194103,-0.7194106621914749,0.4808842757319084,0.05534709193245768,T
2025-01,0.12171260355172818,0.5611203208537976,-0.22832298829493683,-0.7227558712013532,0.783020263703716,0.15511111111111098,T
2025-02,1.9054786822723195,0.39330164770942566,-1.1814583168877837,-0.6172195750913146,-0.4794041931657827,0.0319353597537515,T
2025-03,1.3054386135144018,1.6917439327909383,-0.17936414380624457,-0.5298509807410141,-0.5948969521751141,-0.010067114093959662,T
2025-04,0.2585114035591078,2.461469891506029,-1.1273627411502998,-0.6625306643839665,-1.3237474585470423,0.003389830508474523,T
2025-05,-0.6588054682764817,2.1696987001442736,-0.3285195849262656,-0.6408742895929409,-0.5271695850911331,0.04091591591591581,T
2025-06,-0.26015586475240843,1.4915163718814928,-0.34801135677684547,-0.7955105228898467,-0.1174134254161021,-0.04327443202307968,T
2025-07,-0.6311671768641444,1.3591806954716004,-0.9335392965855932,-0.7473512594498563,-0.7848870132716087,0.06860158311345654,T
2025-08,0.42911893067873086,1.0605345956682704,-0.8022787062748596,-0.7244735389275505,-0.764198122013743,-0.03597883597883611,T
2025-09,-0.6542721641943824,1.326548556173701,-0.4693602050278762,-0.8058100951327352,-0.38368223071027147,-0.11416026344676167,T
2025-10,-1.230149035994969,0.4842131447421952,-0.20183721385169515,-0.24662993881951248,-0.7016279951064713,0.051631557207765466,T
2025-11,0.7387942814811298,-0.2647593647826596,-1.0615922238694233,-0.501762129893342,-0.7752683542537812,-0.04556166535742345,T
2025-12,-0.9850596504025118,0.02660034315619985,-0.9779815184830551,-0.8598855731688873,-1.144280711460472,0.06748971193415643,T
2026-01,0.263809357611924,-0.2148361687108034,-0.06669766553107781,-0.7645391629739168,0.17435611846503574,0.06861989205859675,T
2026-02,0.8304799682305632,-0.14665818697414734,-0.7188743092064299,-0.7643750422085095,-0.08458243615954593,0.03499278499278513,T
2026-03,1.2456799358408441,-0.3128241106814349,-0.5738835303116543,-0.6520492258638738,-0.6644559182598657,-0.08922969675845249,T
2026-04,-0.9117510115968765,-0.35001517077015426,-0.5112203879149424,-0.7634932883823516,-0.5015161099240707,-0.04783773440489858,T
2016-01,0.0,0.0,-0.8747505853810604,-0.17127962108672665,-0.46944773350426233,0.015479876160990669,VZ
2016-02,0.5219520935626131,0.0,-1.3184710993197473,-0.07234983740371234,-1.104094805383704,0.06571815718157192,VZ
2016-03,-0.27128197899311063,0.0,-0.9635674132665808,-0.23021161806619375,-1.1618437033180147,-0.047997457088366224,VZ
2016-04,-0.9754961614689897,0.0,-0.16669756417813655,-0.08542749892290341,-0.17497242803308666,-0.0006677796327211327,VZ
2016-05,-0.4428041098719809,0.0,-0.8786055125774155,-0.461580643973407,-0.9157235905218616,0.0968927497494152,VZ
2016-06,1.7157725454945651,0.0,-1.0958908883897178,-0.1343770541708097,-0.5951074558773258,0.002741395065489094,VZ
2016-07,-0.7382145989476839,0.0,-0.4124067031630015,-0.1164802202930318,-0.7268195353984511,-0.05558930741190771,VZ
2016-08,-1.327447700114396,0.0,-0.4235231552696554,-0.2612423609908682,-0.6478704051788698,-0.006754583467352915,VZ
2016-09,-0.14282446852412012,0.0,-0.3412463232197446,-0.3467874658124444,-0.7637820329446902,-0.06411917098445596,VZ
2016-10,-1.0196633605237626,0.0,-0.39469034754822907,-0.3014196586397271,-0.3337815205325158,0.037370242214533,VZ
2016-11,-0.21215682164495764,0.0,-0.3406228985578998,-0.39455025989339376,-0.40155229258929764,0.0697131420947299,VZ
2016-12,0.7084896771229481,0.0,-0.6233257537637512,-0.5820866847491302,-0.47020244203250705,-0.07202993451824136,VZ
2017-01,-1.5093818853771963,0.0,0.32520766533455747,-0.025662895947821975,-0.04500457349827553,0.012432795698924748,VZ
2017-02,-0.4891100369503628,-0.5725578358239193,-0.2421523501037186,-0.18714660359436236,-0.45362810810562065,-0.017590441420511027,VZ
2017-03,-0.6411534467260016,-0.5491205341445116,-0.7050716073795008,-0.6621974782011697,-0.47974285165160724,-0.04695945945945945,VZ
2017-04,-1.2770725266916927,-0.6638345006446955,-0.010944644269226155,0.018586433282866664,-0.5354527692734169,0.01595179014533854,VZ
2017-05,-0.03167778079570008,-0.8172854833625112,-0.2757018450194594,-0.4111797804004599,-0.14012544633041524,-0.042568039078855535,VZ
2017-06,-0.8870880311334574,-0.8975410349853258,-0.6314558591320489,-0.6650231556785343,-0.6869195980591066,0.09803206997084546,VZ
2017-07,1.2423654232045622,-1.2259001496633657,1.118887775868247,-0.32343246601560643,2.0903602209976815,-0.00896116827082638,VZ
2017-08,-0.30305757020615315,-1.0260318819252305,-0.6242366837759591,-0.403102572076159,-0.40564766149446674,0.03181513730743468,VZ
2017-09,-0.0020071238227713077,-0.9166656015177956,-0.12954706320290713,-0.4206576162320212,0.2015928561585107,-0.02142161635832518,VZ
2017-10,-0.7454747179439785,-0.9276856781486467,-0.6610513529551657,-0.4414051850220787,-0.7559944246835062,0.06334991708126059,VZ
2017-11,0.4547517969639615,-0.865239732304269,0.4666650453003375,-0.175240804815163,-0.23837616629772215,0.03992514036182171,VZ
2017-12,0.5949600542093543,-0.8822825523944273,-0.24423807429556055,-0.39957780370288215,0.09190947595196651,0.03329334133173356,VZ
2018-01,-0.50478700558235,-0.9960419777061388,-0.5241785000645447,-0.4233500503763036,-0.19332819685483316,-0.11698113207547167,VZ
2018-02,-1.3660358412963336,-0.7063009936658043,-0.9173494969176231,-0.4911770025544254,-1.1266685958746223,0.0016436554898091593,VZ
2018-03,0.6490652648902651,-0.7839113725337842,-1.6173666870468446,-0.73184264310508,-1.2246705311154982,0.044962257958647944,VZ
2018-04,0.6365159956801358,-0.6078549688434232,-0.14722744232795923,-0.6484028865992139,-0.06274818496204292,-0.03423366834170849,VZ
2018-05,-1.034382702081237,-0.28114089920490554,-0.1131797533497343,-0.6201918552222618,0.16808232994255162,0.05528455284552858,VZ
2018-06,0.8795333012683908,-0.5331054863358317,-0.004170436790276001,-0.4487493622926436,0.16144445350574363,0.03852080123266566,VZ
2018-07,0.04544992970904425,-0.15305050811565288,-0.8173382868315785,-0.7109116058790727,-0.7577515346942164,0.053115727002967406,VZ
2018-08,0.24899547691645454,-0.445169276524218,-0.6499405654581553,-0.615268553466933,-0.37761817988568014,-0.018033248802479585,VZ
2018-09,-0.47522893342636857,-0.2921652954352346,-0.3872091321081375,-0.4759073366072478,-0.7668183985357421,0.08091822094691525,VZ
2018-10,1.4603286794734271,-0.3767296461274411,-0.8214198164606977,-0.3867573452899598,-0.06363577803025962,0.05627820546854245,VZ
2018-11,0.4392962022694421,0.6247247611914375,-0.9092166334264419,-0.40879229093787184,-0.695843412157739,-0.06760492586076894,VZ
2018-12,0.2568758261594867,0.6096718879689017,-1.0194677448236682,-0.35258141072048316,-1.4625719541232471,-0.01051212938005397,VZ
2019-01,-1.0271161166775196,0.5165815102102174,-0.5463834006468796,-0.3260202841588079,-0.6801458073772843,0.033778262053936414,VZ
2019-02,-0.06411594172870726,0.33947987426834586,-0.8524532436781985,-0.6299071785394623,-0.6130426713473647,0.03873517786561265,VZ
2019-03,0.41783331081124037,0.800676829405435,-0.3407748687753705,-0.48802957120063944,-0.11492357862497238,-0.022831050228310446,VZ
2019-04,-0.7920033883749308,0.6121759604945705,-0.6078198506642515,-0.5451680148632867,-0.6158266106959552,-0.04958463136033242,VZ
2019-05,0.4695109717840943,0.12430189873436509,-0.275531732598289,-0.4388973598867591,-0.5406141854129118,0.051078940180278476,VZ
2019-06,-0.6152026361944108,0.5681322760968499,-0.3655145924944281,-0.5943901556622747,-0.006343807820113191,-0.02234927234927231,VZ
2019-07,-0.7677824099024306,0.2507319556636509,-0.3480936693312395,-0.5860786873840151,-0.15342382048622108,0.05236576289207884,VZ
2019-08,1.1887004412685744,0.07609665158992873,-1.614537618949297,-0.6408489009073802,-0.8390526915774851,0.03788835564536508,VZ
2019-09,0.32058012177859674,0.33341577702276864,-1.4014631419970498,-0.8004237628184894,-0.7171020465383227,0.012168410805548868,VZ
2019-10,-0.278393751261606,0.7072704404320785,-1.2483573631334595,-0.5772834674465315,-0.660628901915152,-0.0038470786246694866,VZ
2019-11,-0.9876607587073968,-0.25513932605986506,-1.0902987915576963,-0.744606112763939,-1.1180835975970396,0.019309678976586975,VZ
2019-12,-0.30020881411477063,-0.7627106457689499,-0.8300243723881203,-0.5959801204558333,-0.2365892452881633,-0.021785460573052196,VZ
2020-01,-0.25331645593013447,-0.8117286047612575,-1.2294770365144958,-0.6438448132936586,-0.7198397532211434,-0.08884047446138954,VZ
2020-02,-0.13304516825266136,-0.45015088352816407,-0.8747410351467725,-0.5261029705527713,-0.6741434425416247,-0.007970244420828831,VZ
2020-03,1.1131688832585112,-0.4307365209312797,-1.7715714539711767,-0.3795542957127561,-1.5714999064252955,0.08061060524906272,VZ
2020-04,-0.5444700931807575,-0.006183789435257957,-1.6162015346461551,-0.5777578917006018,-1.2901261885760837,-0.0012391573729865213,VZ
2020-05,-0.8213031484524141,0.033611049907385344,-0.9645421772355509,-0.5719776608350865,-0.8636298026986298,-0.03920595533498761,VZ
2020-06,-0.7902472464354787,-0.1688882995814228,-1.0412149147948853,-0.5483432907355896,-0.632264648553546,0.05449380165289264,VZ
2020-07,0.14532513802942723,-0.21946584242590494,-1.1582152863482982,-0.5488781183229061,-0.9038156477044778,0.031104579965711476,VZ
2020-08,-0.4757333072673747,-0.13701026575747693,-1.1337443222757222,-0.6236735858707039,-0.8430106971195653,0.0035629453681709222,VZ
2020-09,0.665921971665332,-0.24245945504323935,-1.2954975458012736,-0.5177140775466584,-0.6841830269970441,-0.03171597633136103,VZ
2020-10,-0.07078339530561936,-0.24848513138836065,-1.840506230589289,-0.4321241352128641,-1.5257986444699059,0.05988755805426549,VZ
2020-11,-0.8574540637130214,-0.25921117924186327,-1.3942883453525867,-0.6365931226995543,-1.1036685387724101,-0.027444649446494385,VZ
2020-12,-1.1734404347557428,-0.2566781846599573,-1.0748766372255287,-0.5353561032520403,-1.049506822126429,-0.05786103865307102,VZ
2021-01,-0.769786732302968,-0.3167085841419233,-1.1942196085100154,-0.41902029797307916,-1.0516570283686224,0.010067958721369452,VZ
2021-02,-0.43354353718676814,-0.40568602512696916,-0.4621647753697115,-0.427016479261865,1.0255200413807155,0.051333167206578434,VZ
2021-03,0.024994431547281714,-0.5772020374680231,-1.0002313347283642,-0.5426679487483069,-0.7557952955297134,0.0045034368333729535,VZ
2021-04,-0.6504838510492977,-0.8266079968411792,-1.268596323347618,-0.5773153349167537,-1.046033871144,-0.0224162340726759,VZ
2021-05,-0.919699874306935,-1.022758260192823,-1.234614991051851,-0.5079288005228845,-1.0476003121356834,-0.00820661356504937,VZ
2021-06,-0.4479469173993245,-1.1461953979563035,-1.3723164479981282,-0.703263149847574,-0.853214569111259,0.006814310051107109,VZ
2021-07,-0.15114169014484205,-1.2397070448574168,-1.6625935104062164,-0.6593639035023315,-1.60186848056861,-0.014019821126420084,VZ
2021-08,-0.7818734051436976,-1.4918018071282748,-1.4231805662527772,-0.6634197664614614,-1.3623980935780746,-0.018141701397401344,VZ
2021-09,0.18325529952722086,-1.4172628617032141,-1.8412626318059944,-0.656717075452611,-1.2518689319975316,-0.007240948813982517,VZ
2021-10,-0.8106228084842739,-1.3709020439463218,-0.8333311981066456,-0.3869130093651309,-0.5111185520456716,-0.05130784708249492,VZ
2021-11,-0.4608261135363081,-1.3540222609246257,-1.0203488822719382,-0.6078499440683898,-0.877818971756522,0.03366914103923646,VZ
2021-12,-0.04862012690253529,-1.461907991085708,-0.725172474723363,-0.41731435068465644,0.1524486335250791,0.03667607078738144,VZ
2022-01,0.5688786925966878,-1.3894264146139264,-0.7494130951061462,-0.6066950672865259,-0.3855194403795505,0.00841167738743187,VZ
2022-02,0.6155600472083682,-0.9561760862945439,-1.1341633004631833,-0.6640786832072285,-0.5590748400543163,-0.05103042198233554,VZ
2022-03,-0.9111263507763016,-0.6643130483388099,-1.3639715218495876,-0.396193902110348,-1.7266590795559686,-0.07988624612202677,VZ
2022-04,0.07845889109986764,-0.8019062875591467,-0.22829663496846586,-0.27949280889141614,-0.6697754093808802,0.10761449845462212,VZ
2022-05,1.1319706240270133,-0.6280099268719177,-1.689263347427409,-0.5499198287135205,-1.0261267477104303,-0.010400811770674867,VZ
2022-06,1.1045045930230817,-0.21111204956380453,-1.2302625364327604,-0.5586624148846029,-0.6047740896481563,-0.07869776980261478,VZ
2022-07,-1.9679120887781383,0.18653421793084293,-0.20484231499047936,-0.381034817233021,-1.2589268648967393,-0.09460211463550361,VZ
2022-08,-1.0619489951159444,-0.35131394966188495,-1.121224031009864,-0.5193615404686107,-1.4830244526785368,-0.09188690842040559,VZ
2022-09,0.10590288976081709,-0.40370646510834135,-1.0438048480672018,-0.5473949370590802,-0.6343154136195761,0.0006768189509305245,VZ
2022-10,-0.9215194869492611,-0.429872401986553,-0.40598909745336975,-0.41309567832904937,-0.45823638194834876,0.04294893473114647,VZ
2022-11,-0.4464221623369631,-0.4878449322125018,-1.1311592571260438,-0.7164575408462246,-1.1384495080901802,0.010700389105058328,VZ
2022-12,0.8751169075762292,-0.45765528922069826,-0.4669578243219599,-0.3805665662717719,-0.35159246203246375,0.07154315046519089,VZ
2023-01,-0.08278757096203995,-0.28248129902393826,-0.5936018952146652,-0.5024477233157306,-0.7557643583407029,-0.0661676646706586,VZ
2023-02,-0.6288583686692082,-0.5635153604485877,-0.6927595635301604,-0.7983959370847029,-0.7234709975266441,0.0019236934915036752,VZ
2023-03,-0.23781812219180778,-0.9693998323475661,-0.9396576088758207,-0.7719291816587434,-0.8781864860105493,0.015039999999999942,VZ
2023-04,0.032548397337654404,-0.8820709296719706,0.07138475689875716,-0.6318960122489238,0.5901376669010817,-0.08259773013871363,VZ
2023-05,-0.7846375806452642,-0.8252996918518725,-0.4651511262010456,-0.7540400746157374,-0.5247059657769095,0.04398625429553249,VZ
2023-06,-0.23587525408918558,-1.1824625857732198,-0.6124396842777647,-0.7231215626091488,-0.8550679533122031,-0.06714944042132975,VZ
2023-07,-1.9122565255838972,-1.2595916721303047,1.4067111687617115,-0.2802091959660428,0.6416228874495826,0.026464361326746566,VZ
2023-08,0.943372096954645,-1.2562934311257175,-0.5084996702378789,-0.6027767251250737,0.3109670410000249,-0.07356479889996559,VZ
2023-09,-0.7032030307629825,-0.8431886715300569,-0.9440161074029032,-0.6576467483186507,-0.5319632488949595,0.10723562152133592,VZ
2023-10,2.2703945606688514,-0.9008485422986003,1.4449227069229367,-0.47673907364747686,2.4019017646560634,0.09115281501340489,VZ
2023-11,-0.07801074317792539,-0.34225497070483735,-1.3106435395398754,-0.700038507448174,-1.0475587054639457,-0.016584766584766597,VZ
2023-12,-1.100279465479726,-0.29897802984145694,-0.7659562651337054,-0.7662336047205184,-0.5539637043078358,0.14241099312929406,VZ
2024-01,1.5625331227852328,-0.6005108400582586,0.6970202014901224,-0.5393317239323245,1.6880619698532118,-0.055221432476763144,VZ
2024-02,-1.3950244105256628,-0.3275476972263379,-0.5643083582446217,-0.8036136446183819,-0.6286132391132635,0.04861111111111116,VZ
2024-03,0.12101300253680258,-0.4619612944784937,-0.832640196658859,-0.8532195677582357,-0.6844722821319633,-0.043598233995585156,VZ
2024-04,-0.022833457696623875,-0.43476762222436044,-0.19895005224879464,-0.7221491082826501,-0.08656570363879376,0.04212348528563181,VZ
2024-05,0.10226361084684134,-0.4376750733196336,-0.5665002097226054,-0.90291124026366,-0.014243666847474693,0.0022148394241419123,VZ
2024-06,-0.30551120101239415,-0.15282626061524465,-0.5807012880713366,-0.889787129644161,-0.33985658329266305,-0.0013812154696133394,VZ
2024-07,-0.3126879392053794,-0.18014881943900443,-0.23268943498036904,-0.7597024371462207,-0.6478378068653359,0.030982019363762214,VZ
2024-08,0.20490635220640388,0.20368966717581025,-0.7950431964141049,-0.9196397000663196,-0.7243984056417555,0.07485913603434402,VZ
2024-09,0.7792662388099951,0.055170570232426344,-0.1422268772938563,-0.5394439606735719,0.11701461244993498,-0.04717923115327005,VZ
2024-10,-0.7446798763730748,0.34461513738351235,-0.030296549969557534,-0.805312774118833,-0.12723245182578063,0.05239717055279014,VZ
2024-11,-0.1984183647925203,-0.2779377422058021,-0.9624951227561449,-0.9545021711313271,-0.9686536731980636,-0.09808314662683604,VZ
2024-12,-0.6950589142317425,-0.31612613131964873,-0.5925592851525464,-0.8998168400100321,-0.608882327000753,0.0024841291747170757,VZ
2025-01,-0.6587562792201621,-0.2945188108240998,-0.81826188215257,-0.6058803096923037,-0.6525389923695727,0.09416299559471364,VZ
2025-02,1.1581717250429904,-0.792873788718712,-1.0798128256456505,-0.887462511401761,-0.5758904184585995,0.052591847005535985,VZ
2025-03,1.627743680087617,-0.20423712841700956,0.12958181542610303,-0.5436862071977736,0.23122719732253588,-0.013148458044465627,VZ
2025-04,0.2184005736604566,0.2317119071276064,-1.2645461641876952,-0.6829403871080576,-1.2920788874914997,-0.002422480620155043,VZ
2025-05,-0.7214148564999312,0.2664198239915301,-0.8590104050132986,-0.9867496206533524,-0.8676253500549675,-0.015541525012141788,VZ
2025-06,-0.9308143963209687,-0.0362421378192591,-0.5549189064357639,-0.9667487767647704,-0.4217772820428586,0.004193389245189971,VZ
2025-07,-0.01173706302798268,-0.23616308623250928,-0.5582110684429094,-0.839149034338705,0.5256999437731344,0.03438958486858268,VZ
2025-08,-0.11502648545944598,-0.160464501094834,-1.1191370332460187,-0.9456878417544818,-0.9704196630792599,-0.006411778674898949,VZ
2025-09,-0.36721698286599175,-0.23955024690866314,-0.5199570069993196,-0.9240330962341408,-0.4253178968068816,-0.08030592734225639,VZ
2025-10,-0.9256715979785388,-0.5307473884812924,-0.1480334494223773,-0.4295252238703755,-0.6511707865869103,0.03456340956340975,VZ
2025-11,0.48970593439233473,-0.6636993248644069,-0.9389019361575971,-0.6542959231666255,-0.6548887141942362,-0.009294147199196301,VZ
2025-12,-0.39530957757256613,-0.48722962789489227,-0.7033061002409455,-0.7448657339605024,-0.9017170275660596,0.11206896551724133,VZ
2026-01,0.6593566465061226,-0.3460413811402131,0.7616263171198339,-0.6129719769536315,3.0803311920953163,0.12608299133606926,VZ
2026-02,1.5192432354169951,-0.04454946808185025,-0.720579601401948,-0.42198964202781813,-0.17778549989665118,0.0014172909495848707,VZ
2026-03,0.7154255134755707,0.02572678837367248,-1.1990552648570827,-0.5663979782163339,-0.9953571828649632,-0.028912252325111187,VZ
2026-04,-0.6293258298890494,-0.11484179379653378,-0.6496989794847053,-0.5520029135433877,-0.45613709054093843,-0.0004164064126588318,VZ
2016-01,0.0,0.0,-0.7920391962839838,-0.14100063200360755,-0.5871527423660136,0.03638017280582084,CMCSA
2016-02,0.9617494964500025,0.0,-0.2021578393860366,0.19780209542478586,0.7990436858646436,0.05748135146994304,CMCSA
2016-03,-0.41891190065616457,0.0,-0.491094873305134,-0.190190537441351,-0.5218942117961792,-0.0008298755186723072,CMCSA
2016-04,-0.26797112184807553,0.0,-0.5060788206393584,0.03164965588127481,-0.2827843971070709,0.041943521594684396,CMCSA
2016-05,0.14467036946443465,0.0,-0.4832518259443436,0.10216889417942415,-0.20941238926339564,0.029892387405340726,CMCSA
2016-06,0.5563130640483728,0.0,-0.919992272129186,-0.24506695005633572,-0.6366440444786076,0.03599071207430349,CMCSA
2016-07,-0.2201271679878472,0.0,-0.6973233300766787,-0.03371460379826015,-0.5305683199441482,-0.02988419872992154,CMCSA
2016-08,-0.844752771707638,0.0,-0.5863165260379541,-0.17241653452592412,-0.7388418544407815,0.01655756642279549,CMCSA
2016-09,0.35686143898141803,0.0,-0.7779311694541071,-0.14733377637517533,-0.6508765355383563,-0.06439393939393934,CMCSA
2016-10,-1.0244370358955817,0.0,-0.39177165133833225,0.012606418483359668,-0.507607595078758,0.12469635627530362,CMCSA
2016-11,0.7339362561752044,0.0,-0.461774875725886,0.16189522153104366,-0.37271613091593825,-0.0028797696184306165,CMCSA
2016-12,-0.6910811157490516,0.0,-0.7662714036543626,-0.16583769549801822,-0.7941190672824044,0.09205776173285196,CMCSA
2017-01,1.1119788904067784,0.0,-0.47403036750294836,0.21007942692720755,0.5131097003837081,-0.007933884297520621,CMCSA
2017-02,-0.8175974154194808,0.016077193853093044,-0.577853638636842,-0.35610360380677303,-0.8183277487301402,0.0046651116294567085,CMCSA
2017-03,-0.18283597931815437,-0.17496080306440626,-0.7920976024506878,-0.5214759047784119,-0.8212043026565821,0.04245439469320078,CMCSA
2017-04,0.7405118487717028,-0.16209492342323667,-0.010566249494103284,0.10370499797867577,-0.115906340711477,0.06395163856188346,CMCSA
2017-05,0.6309286612008246,-0.04021097032907037,-0.1328267349753442,0.05607533517928027,-0.15994401166885533,-0.06309808612440193,CMCSA
2017-06,-1.249881293352135,0.09832546411784172,-0.07036182850198291,-0.05297510882164807,-0.5102767474273554,0.03957867858282804,CMCSA
2017-07,0.23467101288642517,-0.2616213145133745,-0.6063444749525483,-0.02349383222658308,-0.18083202978954752,0.003991403131716309,CMCSA
2017-08,-0.006956175236881695,-0.17948102858591494,0.1876478044283173,-0.09849368487139604,-0.07552499493232756,-0.05259938837920497,CMCSA
2017-09,-1.4698924009526602,-0.013893420175812242,1.412984377027024,0.5402258080945183,-0.3040564805276484,-0.060038734667527405,CMCSA
2017-10,-1.2690086158877594,-0.39159965426678633,0.20095059621349964,0.35129772803706905,-0.4716371048723216,0.04189560439560425,CMCSA
2017-11,0.08700428830423901,-0.4897541281125436,0.40411768267947873,0.24325588869136888,-0.161364532528863,0.0669083717864205,CMCSA
2017-12,1.2719825937073965,-0.8034706324434101,1.8994053796179302,0.2676413282477338,1.9980449047139046,0.06580166821130695,CMCSA
2018-01,-0.12278550682013396,-0.5035853987381067,0.20588708219160484,-0.06641319023225871,0.09390844318062806,-0.148695652173913,CMCSA
2018-02,-1.8922939881702308,-0.7626378655891671,0.4538938448246698,0.03988702802424346,-1.071774358759526,-0.0561797752808989,CMCSA
2018-03,-0.377166315729877,-0.8727257860994881,-0.5427323754418707,-0.04724017608468025,-0.595170424614055,-0.07647907647907637,CMCSA
2018-04,-1.5587537191452103,-0.9658167513442437,-0.14163153152972155,-0.02048852641605621,-0.491157292240061,-0.006640625000000067,CMCSA
2018-05,-0.6297480477228821,-1.316449941552441,1.2454175812971198,-0.2688217686044712,0.2328357544271589,0.052300432559968524,CMCSA
2018-06,0.8285688634473989,-1.5545748041686158,0.9922105536315278,0.22081144424676316,0.9657139120339675,0.0964125560538116,CMCSA
2018-07,0.9855990373961117,-1.1746324417426135,0.10597079686649863,-0.2258899570763719,0.5197875364661617,0.03408316291751867,CMCSA
2018-08,-0.02314442515952422,-1.2979532346236717,0.14981848067012565,-0.5760258520870727,0.2105126796401661,-0.04284772577455509,CMCSA
2018-09,-0.888593140881209,-1.1558731054167786,0.5512872722184571,-0.16354757685317284,0.03034210519827737,0.08230027548209362,CMCSA
2018-10,1.473890099397471,-0.9615937459548048,0.017833923112636943,-0.2885667947038354,0.32271942798349246,0.02290804963410742,CMCSA
2018-11,0.042802113947962496,-0.1610578657328944,-0.7026190479476334,-0.4578118114747492,-0.9325156361355471,-0.12255054432348356,CMCSA
2018-12,-0.8177436351319928,-0.1609679660865492,-1.2334114793621527,-0.5197535487232188,-1.14292294199375,0.07408720311946126,CMCSA
2019-01,-0.115002611276798,-0.5406386003630195,-0.029636304347655133,-0.2764625238487789,0.16690818063026402,0.05742574257425748,CMCSA
2019-02,0.46657926016394113,-0.5744293596235003,-0.7591110632154198,-0.3700653427393671,-0.8758229082967844,0.034019975031211125,CMCSA
2019-03,0.3256899300949775,0.09204011603586944,-0.3908692517475106,-0.29759489632833674,-0.07973651007064136,0.09387262300030175,CMCSA
2019-04,0.4997605643255659,0.23961240502797584,-0.7800842050685084,-0.4842103103114431,-0.2111100032145539,-0.05794701986754969,CMCSA
2019-05,0.3461597525245874,0.8626265216767071,-0.512089982061978,-0.3508116945182918,-0.5033803059047337,0.03104862331575875,CMCSA
2019-06,-1.0072325320004234,1.167314806905929,-0.8163029341167193,-0.003393589518764119,-1.0019705321302577,0.02585227272727253,CMCSA
2019-07,0.1633880466773368,0.7686012910007546,-0.4974250799611781,-0.2605256015549967,-0.5465133705372687,0.025200775408474207,CMCSA
2019-08,0.7782958762693557,0.587577341330972,-0.589738279619326,-0.39724731684551534,-0.4585565563934693,0.018638573743922082,CMCSA
2019-09,-0.04195925829019581,0.7843089366464436,-0.22716171364452506,-0.18738130199531872,0.5843716342783697,-0.0013259082471493988,CMCSA
2019-10,-0.47217366001219585,1.3225165896159496,-0.829196803391228,-0.3550097843098181,-0.38050391887495505,-0.015135422198619075,CMCSA
2019-11,-1.2086608719929228,0.24260554018956218,0.0770412534785838,-0.18303930263775334,-0.5171815846234975,0.018603397142086697,CMCSA
2019-12,-0.3131982547576738,-0.16523783844971163,0.1663018478297607,0.07768977732813442,-0.11979742075324915,-0.035203811540497565,CMCSA
2020-01,-0.3902312862642994,0.0037259853850162045,0.02694817959857154,-0.17243802800147542,-0.47348839195014936,-0.06392318244170114,CMCSA
2020-02,0.299557328564043,-0.15649523822113864,-0.46083708319317473,-0.33961499741657586,0.2570366346506527,-0.14449003516998815,CMCSA
2020-03,-0.0619790625545575,-0.16368362251486318,-0.8392591277345823,-0.29811906497782414,-0.3397743602844022,0.0945529290853031,CMCSA
2020-04,-0.39071922010902077,-0.24792806251498917,-0.33151016274700945,-0.5040852094941574,-0.5265694457558607,0.05226917057902969,CMCSA
2020-05,0.11934008765937143,-0.38638577321225726,-0.3623579186535885,-0.5078002771457699,0.22610660663504864,-0.010113027959547827,CMCSA
2020-06,-0.4001821401963797,-0.37632789789795024,-0.7475447374112081,-0.525280779226388,-0.8240395297352036,0.09795673076923062,CMCSA
2020-07,0.5897259003467046,-0.32226765353431763,-0.615674160576665,-0.3667236334684827,-0.48799741107703004,0.047071702244116054,CMCSA
2020-08,-0.33661621560669913,-0.23466185329405514,-0.7772753289302311,-0.5637177731172677,-0.6726927285824154,0.032148457919498385,CMCSA
2020-09,1.1564429219394998,-0.2640875243886221,-0.546202057700325,-0.34212034594964486,-0.18762827272284224,-0.08229931628260323,CMCSA
2020-10,-0.8465132520420209,-0.231655994024202,-0.3336598485911697,-0.4698349010229996,-0.5732982503707943,0.1892935982339956,CMCSA
2020-11,0.2894155699782801,-0.2868029344080456,-0.28466635155775183,-0.34549645139687185,-0.2585306570059612,0.04292343387470998,CMCSA
2020-12,-0.07091802835423996,-0.14590656627400564,-0.7932728306294928,-0.5372827548875018,-0.5573654674557472,-0.05005561735261399,CMCSA
2021-01,-0.6236742144616169,-0.12716187512231947,0.442793621666847,-0.4133093012802757,0.916580967578746,0.06370023419203741,CMCSA
2021-02,0.10082490435780063,-0.10966659973556571,-0.835315897193142,-0.5509855806482279,-0.8937740367541691,0.026420079260237594,CMCSA
2021-03,-0.3926641877425889,-0.10059674564058176,-0.5420156237484144,-0.4217293868820463,-0.3182224669741202,0.04204204204204198,CMCSA
2021-04,0.087734612940084,-0.14862982696511412,-0.2920922145033819,-0.4813194531891527,0.741585126123908,0.021202140798682656,CMCSA
2021-05,0.002730134374322276,-0.05572051582211015,0.4910489643964982,-0.3148817931831534,-0.39519177915338266,-0.005644023382382568,CMCSA
2021-06,-0.4051870937099476,-0.07488751306819533,-0.42000301187423333,-0.5492753440694257,-0.8243573881517026,0.03588080275694305,CMCSA
2021-07,0.3902471873904285,-0.041304868299910424,-1.0582002452497088,-0.5564067570799608,-1.223815560704239,0.03150684931506853,CMCSA
2021-08,0.1667291580616526,-0.20109832942056519,-1.038011823531893,-0.634189834001296,-0.7071070518978458,-0.07835325365205847,CMCSA
2021-09,-0.8238939152122047,-0.013827599324185036,1.3227091666498787,-0.33321384007033195,0.07846911059529917,-0.07657472210786331,CMCSA
2021-10,-1.5935916470930047,-0.5088679688147788,0.7981655879618544,-0.33156238135948973,-0.4891052616811384,-0.02808738296923763,CMCSA
2021-11,-0.23526073543050402,-0.7172759384275853,-0.5878411600402037,-0.6182124014191085,-0.5317002467599683,0.006880733944954143,CMCSA
2021-12,-0.4203651219379776,-0.994998760635678,0.2635943913166482,-0.2912736646327101,0.3850928666335651,-0.0020501138952163656,CMCSA
2022-01,0.19095155460206772,-1.1935352772086711,-0.7333012016747449,-0.5074614040679829,-0.2974364499978831,-0.06459712394430506,CMCSA
2022-02,-0.4596246013261544,-0.925337154109206,-0.5366566070551168,-0.49880007986254826,-0.8359145958355015,0.0012201073694486642,CMCSA
2022-03,-0.19670820879285755,-1.1200689762933715,-1.320205687465795,-0.6575756582590484,-1.4076584330578492,-0.14647818669266388,CMCSA
2022-04,-0.5868574596534131,-0.9278067383295796,-0.1273145869163745,-0.45731046461611635,-0.5340170051846138,0.11364934323243858,CMCSA
2022-05,1.210132234140139,-1.0570165310159925,-1.0691201700751867,-0.42561619310616117,-0.2928254791210932,-0.11384615384615382,CMCSA
2022-06,-0.2918411241320739,-0.7735870621298861,-0.7618997755304382,-0.43726534180685905,-1.1863044192131076,-0.03761574074074081,CMCSA
2022-07,-1.486736180421102,-0.7933160495894657,0.8783686614030239,-0.3276556601999178,-0.5985700105960058,-0.035478051713770276,CMCSA
2022-08,-0.03543227853376597,-1.1656292660285459,-0.40096244045734397,-0.3851407799730232,-0.8692517948931514,-0.18952618453865333,CMCSA
2022-09,-1.3533315353915008,-1.0485703913788256,0.5543642177224258,-0.29170130433237007,-0.00890870507970306,0.09076923076923071,CMCSA
2022-10,-0.16331349852850915,-1.200025317944086,-0.4736373630730846,-0.41563987997484797,0.14725598426607636,0.1544428772919606,CMCSA
2022-11,0.958418220896853,-0.8497093182163478,-0.5429076962050879,-0.5555466833925279,-0.5250207787471468,-0.045510079413561444,CMCSA
2022-12,0.08772306342893972,-0.6552606812824109,-0.07059653379167069,-0.39412093780624863,0.3457115415991232,0.13344,CMCSA
2023-01,0.49251474617959184,-0.5554991529416983,-0.40178852311244817,-0.5796272833991073,-0.44215555794048694,-0.05561829474872948,CMCSA
2023-02,-0.46482085260661254,-0.6450603820407675,0.01782640515737433,-0.5876196486552273,-0.19186656595877596,0.02002989536621813,CMCSA
2023-03,-0.06715375030563657,-0.7055304376311071,-0.6879773692793327,-0.7719119773823176,-0.7591121784877711,0.09906213364595562,CMCSA
2023-04,1.5005457092560623,-0.7409993222723679,1.505189187784792,-0.6169837085213365,2.7008120214631046,-0.048799999999999955,CMCSA
2023-05,-0.48142047235640295,-0.0005245282800692651,-0.45172657349938483,-0.45793363559989636,-0.3958236093823806,0.055789178581440835,CMCSA
2023-06,-0.032706834080900346,-0.5355458544430864,-0.7962573616584718,-0.6884601893438815,-0.6633978463624253,0.09638874137015407,CMCSA
2023-07,0.8528111283250392,-0.4229072066418575,-0.24778640825761017,-0.5574266155431687,0.8092847617926373,0.033179946718333575,CMCSA
2023-08,1.0820759487155736,0.15360050727670693,-0.7898709736376073,-0.48772784420109766,-0.5760627271454078,-0.05180496952648839,CMCSA
2023-09,-0.2154851266571644,0.2879312674590128,-0.37795625954430595,-0.38717322703676493,-0.3459949918611466,-0.06304079110012373,CMCSA
2023-10,-0.6894402756976379,0.5819100737536681,0.7541443363025996,-0.4077520170624286,-0.5194302204167315,0.014511873350923521,CMCSA
2023-11,-1.1037948632368835,0.3952936424487238,-0.2984203608501841,-0.5778450302798152,-0.5512640194552803,0.04681404421326385,CMCSA
2023-12,-0.14370965027577698,0.0022134407391862206,-0.2434976866568819,-0.6107050033197601,-0.5856082914231815,0.0678260869565217,CMCSA
2024-01,0.6438447075979139,-0.07354422114222192,-0.42838147456435827,-0.7251161972240325,-0.003290038667881617,-0.0791065611912517,CMCSA
2024-02,-1.7298914969056385,-0.052257264954814,0.2562199765920527,-0.4530472636967357,-0.48089461943516254,0.011622031328954119,CMCSA
2024-03,-0.41004446955654344,-0.30530707693512676,-0.581206695624391,-0.6089432755001146,-0.4551013442754325,-0.11488511488511488,CMCSA
2024-04,-1.071725689397482,-0.4005275128829563,0.041899526261443824,-0.5400976559634887,-0.5035626850405667,0.0505079006772009,CMCSA
2024-05,0.22426656258815802,-0.8202195385328668,-0.4302107941259268,-0.6678680293732703,-0.1005218206048854,-0.021756647864625167,CMCSA
2024-06,-0.6590109957893805,-0.7286665854820634,-0.4265719071323396,-0.6827328519875057,-0.2507014998766773,0.06205381658429432,CMCSA
2024-07,0.5541471972018196,-0.8080497707973313,-0.2739146375493995,-0.6773089904658329,-0.12596555363601036,-0.04136504653567741,CMCSA
2024-08,-0.8372337705744816,-0.950823950401546,-0.6065403355965462,-0.8228898572541381,-0.4910405648272818,0.05582524271844669,CMCSA
2024-09,0.47160996166303454,-1.2530037433149754,-0.4149835825231529,-0.704496887390966,-0.2575643000602034,0.05287356321839076,CMCSA
2024-10,1.031924307645765,-1.0658307435336072,-0.3461020063366543,-0.7872835710244332,-0.08836906707530855,-0.011159631246967505,CMCSA
2024-11,-1.001939226667226,-0.7513752782264121,-0.12147168048678506,-0.7772037633322681,0.34466520132396805,-0.13101079489695777,CMCSA
2024-12,-1.0589739197823276,-0.7779196021578657,0.7308437007618543,-0.727166996568322,-0.24254795864299705,-0.09599096555618292,CMCSA
2025-01,-2.1126427652595323,-0.988559656571596,0.8210395459061777,-0.6729570749167955,-1.1395046905280186,0.06589631480324787,CMCSA
2025-02,0.8115836962866314,-1.4820462532652046,-0.5514219194248495,-0.6632664891122731,-0.21614865956131823,0.028420744213301985,CMCSA
2025-03,1.2505997446430268,-1.1720746756972114,-0.5012237552048493,-0.7320769592817368,0.036916660551997306,-0.0652421652421652,CMCSA
2025-04,-0.45971970819057195,-0.9011293884789523,-0.6768557773162505,-0.8500323354402173,-0.4262998795190405,0.010667479427003856,CMCSA
2025-05,-0.5804116699387102,-0.6785715141717964,-0.9943587707418945,-0.8886697181313398,-1.0864977120878552,0.03256936067551286,CMCSA
2025-06,-0.3593046817935053,-0.8561509317027176,-0.4230203944943276,-0.964720742470853,-0.15444118815507207,-0.061039719626168276,CMCSA
2025-07,-0.8629948409172508,-0.8425788689005959,0.25215537477283606,-1.0149830027376732,-0.468661053803829,0.022395023328149355,CMCSA
2025-08,-0.30580124331189035,-1.1490461243589434,-0.27962654739687925,-0.9020760008060901,-0.4475682305152918,-0.07514450867052025,CMCSA
2025-09,-1.034516608570073,-1.1672524977789176,-0.7179789495301521,-0.8787169334294531,-0.6444762586244458,-0.10526315789473684,CMCSA
2025-10,-1.1501306922330372,-1.439567212744509,-0.33473001359389637,-0.8812466226157804,-0.7275551122402617,-0.04117647058823537,CMCSA
2025-11,-0.6156232406757937,-1.6651529310210222,-0.13102358304991918,-0.7615323374420104,-0.37236980255001373,0.04907975460122693,CMCSA
2025-12,0.5539148134644667,-1.4745355409247742,1.523929048621164,-0.5988244180819124,0.955408101953507,0.07492690058479545,CMCSA
2026-01,0.3297987937578712,-1.156630085020227,-0.3506367583993898,-0.8296338572296341,-0.529336086269289,0.040462427745664886,CMCSA
2026-02,0.492979426844635,-0.5841326599951303,-1.0277736813797327,-1.0695576834426024,-0.7063198939085608,-0.07254901960784321,CMCSA
2026-03,-0.45271703801318436,-0.6393280154341306,-0.16074375991291223,-0.7913084415297086,-0.008316215536855912,-0.04721634954193088,CMCSA
2026-04,-0.7150313505891356,-0.8951111279328349,1.248747160259683,-0.936522787606435,0.44163920654993,-0.06952662721893488,CMCSA
2016-01,0.0,0.0,-0.38542456650712575,-1.0541807064582842,0.2799283901690492,-0.044653876360372324,ADBE
2016-02,-0.7434207685642132,0.0,0.929535192539788,-0.546132563328985,-0.08836188754938759,0.10158543746329984,ADBE
2016-03,0.3715744830432089,0.0,0.06726867639264524,-0.36798886190384417,0.2201121597978484,0.004477611940298498,ADBE
2016-04,-0.18835753663283103,0.0,-0.3138312122224366,-0.9767451757480261,-0.32317700345587497,0.05572065378900448,ADBE
2016-05,0.3346132561980056,0.0,-0.37924303742886695,-1.2159066931023848,0.0629445233536454,-0.03699607921986525,ADBE
2016-06,-0.6012100315689032,0.0,0.349154078523064,-0.821665069947286,-0.32227114705410803,0.021609771374882403,ADBE
2016-07,-0.44420950386781966,0.0,-0.4506342628721246,-1.5040597128289608,-0.5260981135098697,0.045473124872266624,ADBE
2016-08,0.5703199428681226,0.0,-0.10203192428818625,-1.4903084805818683,-0.014398859720648513,0.06089336330759454,ADBE
2016-09,1.307180178598144,0.0,1.1681076161799822,-0.7213252580093006,3.298742487784923,-0.009489589091579154,ADBE
2016-10,-0.07055902154562271,0.0,-0.5860459487880647,-1.631335259426803,-0.4257381566839794,-0.04371686354757698,ADBE
2016-11,-1.0906563436621248,0.0,-0.33826131602213466,-1.1251991949826672,-0.4620489619161187,0.0013617352397625737,ADBE
2016-12,-0.6093061024969564,0.0,0.0017695321041638432,-0.9336868387546593,-0.35699367141007915,0.10131131617289935,ADBE
2017-01,1.2598077965339203,0.0,-0.4103470623147699,-1.1810053492584085,0.18190135187377673,0.043746692538366716,ADBE
2017-02,0.0159413452207109,-0.15714088923681893,-0.5926748724310144,-1.350147108056674,-0.341125607450329,0.09962818996112888,ADBE
2017-03,1.7727765125622976,-0.08275797165334636,-0.12855304274601598,-0.8710104602039539,0.6646223553933979,0.027741489279951015,ADBE
2017-04,0.4085215955749014,0.05835612830941091,-1.095192507400646,-1.1193519273837467,-0.7764442071642644,0.06071481979961124,ADBE
2017-05,0.5862465000230503,0.20405963126763682,-0.29857657498058754,-0.8753485354952046,-0.20228132498670762,-0.0029606654448048886,ADBE
2017-06,-0.18717301112728402,0.3460929220895519,0.06300067992937301,-0.365617228154209,-0.1483954186835508,0.03570418552036214,ADBE
2017-07,0.16787754018701825,0.41453551947140765,-0.11391488149605972,-1.0908923717176753,-0.2971359179258866,0.059184927298791656,ADBE
2017-08,1.2547917041018088,0.6077028461013064,0.06956481311538469,-1.1462375067289268,0.0006805582905541176,-0.038540861046661434,ADBE
2017-09,-1.225428487642597,0.7641029768387919,0.4001168672757317,-0.5455171393150415,-0.524083031635266,0.17415203110336508,ADBE
2017-10,1.905925450522314,0.22131488514662667,2.444338871916282,-0.18946203406469098,3.5027396846438643,0.0360242064398264,ADBE
2017-11,-0.013637107308059334,0.7562763587813587,0.4597910993483664,-0.684348294551398,-0.12947770530069283,-0.034330743373560346,ADBE
2017-12,-1.2681565676704591,1.5254377638881058,1.5831404147848809,-0.22602290420424243,0.8846437088094821,0.13992239214791136,ADBE
2018-01,0.7481983410417685,1.5335430691294876,-0.22163544512751124,-0.6691408463850751,-0.08980306060319758,0.046906287545054104,ADBE
2018-02,1.3534468902012,1.2847021930075961,-0.6841199074763281,-0.7437576141195104,0.06189893261524465,0.03323291732415257,ADBE
2018-03,1.2097012851124322,1.3899391904216118,1.2358753238412938,-0.05288713443622354,1.8635153366915393,0.025546094039244682,ADBE
2018-04,0.2855340435490991,1.4460812909399274,-0.0789879374654184,-0.3671497501047105,0.20549949019357652,0.12490974729241877,ADBE
2018-05,1.2993555587211358,1.4597074979211049,-0.44129980921202755,-0.3532687368162731,-0.3390950055871702,-0.021943196405648235,ADBE
2018-06,-0.43940442514034195,1.703976816869,0.08667459096179304,0.17636656910330034,-0.6380138223919968,0.0035683524055616367,ADBE
2018-07,-0.5221699960956037,1.5302346181274218,0.33642600806301104,-0.16321706800210098,-0.16899960624842245,0.07695765898316154,ADBE
2018-08,0.5899028294550865,1.716779698755155,-0.13635757171346652,-0.10759097259918986,-0.3385380569255788,0.024439300216310578,ADBE
2018-09,0.23228674717798478,1.3965874171521664,0.3877082615085135,0.06731479455254025,-0.15458076373362578,-0.08960918688646047,ADBE
2018-10,-0.21297271878770344,1.6712519376055934,1.4203153995072184,0.21034255214213543,2.053562720757454,0.0208740234375,ADBE
2018-11,0.01863443051108593,1.3345028220737924,1.1874316134548053,0.07219280783375875,1.5860197152538285,-0.09825022918410453,ADBE
2018-12,-0.3424811429641594,1.2103405583652131,1.361954967674883,0.20144517862167022,1.5673821923925586,0.09538543140028288,ADBE
2019-01,0.11462569762453173,1.2975936861180917,-0.1063625694040814,-0.15964361849076178,-0.04038946007040492,0.059236542651924795,ADBE
2019-02,0.5072171163608868,1.1931172839789586,-0.726034762181021,-0.08746371870805081,0.2837429198498501,0.015200000000000102,ADBE
2019-03,-0.0420855793103447,0.8353590921358248,0.11520717284682049,0.09974236959656071,-0.15534734625704485,0.08540658186048256,ADBE
2019-04,0.40605205915216874,0.38372795540562443,-0.5293927597570351,-0.2963115456583839,-0.29838838413845853,-0.06343993085566124,ADBE
2019-05,0.26513538166658096,0.46680389258502136,0.4315439670008081,-0.2544049352187799,0.03782270903975275,0.08767072720561098,ADBE
2019-06,0.10096548795078142,0.1586363270262705,0.9840866014834745,0.2902115736660926,0.7020136712812557,0.014288138469370493,ADBE
2019-07,-0.06001101988329573,0.3414535155879669,-0.6667244170401884,-0.2650084136947129,-0.4047856909064851,-0.04801579334805606,ADBE
2019-08,-0.327849085858635,0.5459564747285541,0.056917416856581325,-0.18400996029653896,-0.1707818760644787,-0.0290323714456433,ADBE
2019-09,-0.9397665687731728,0.17902402656234412,-0.07269984797569189,0.32216004278789784,-0.36968062322033995,0.0060814479638009455,ADBE
2019-10,-0.36580320848844466,-0.09442671287908698,-0.033076776123906346,0.014105750150794724,-0.059004190808429356,0.11369769366387206,ADBE
2019-11,1.3135987504235795,-0.11326181803821836,-0.20424225781866379,-0.14969486580234376,0.916555084068932,0.06551868962620766,ADBE
2019-12,0.5496349333535695,0.2602535317956719,0.3288230530228891,0.026994749298991316,1.1511451638896166,0.06467359995148714,ADBE
2020-01,0.6288729897989236,0.48474911356200917,-0.7561383885940107,-0.336538442570947,-0.3251898765009924,-0.017144159024890304,ADBE
2020-02,1.1117130922308733,0.6524554490872629,-0.2857263304815868,-0.057592263112398505,-0.27810705987079415,-0.07788595271210008,ADBE
2020-03,0.511341847576074,0.749143193860446,0.018661082465325888,0.07496057831558241,0.8524420440007835,0.11123680241327283,ADBE
2020-04,-0.206735537006928,0.8961732390281585,-0.010327328458408731,-0.03979632529465367,0.11672008171201413,0.09320212645628323,ADBE
2020-05,0.8389160780459275,0.4769442974734994,-0.7542612842242563,-0.08044734343974479,-0.8255627814031904,0.12599586135540597,ADBE
2020-06,1.4247056645125706,0.4145115196000345,-0.4638128806708136,0.11685080415785605,0.24983253993030646,0.02069789345523887,ADBE
2020-07,-0.2002320453357489,0.5773815786091147,0.13905351757657688,0.07658563429707384,0.20376566743155078,0.15545102628736052,ADBE
2020-08,0.6076626653434521,0.39686178369231995,1.040149586692646,0.21312548880230928,1.2532256742488714,-0.044722335846042904,ADBE
2020-09,-0.16264256720461082,0.29351228010023855,0.7198668267095488,0.46003124518325605,-0.0003206467182787124,-0.08835103888424445,ADBE
2020-10,-0.9393205263601,0.4142277473301175,0.18694660361523394,0.05169454605192201,-0.3289530197648001,0.07016327443524939,ADBE
2020-11,-0.7663848441819482,0.5483310932452067,0.11826885753327182,0.07233501257000646,0.05450212903589199,0.045248395928689344,ADBE
2020-12,-0.034490678942932514,0.2222876478730329,-0.538133575222944,0.08977018517747924,-0.6113632046798869,-0.08268015676237706,ADBE
2021-01,-1.2343848235476067,0.19661292356382448,-0.25372240816681313,0.05626720290379956,-0.5536546398012586,0.0019617673343941266,ADBE
2021-02,-0.5143100685394991,0.08095804111413786,-0.07541740663421768,-0.07083769699381903,-0.22057218531005585,0.03415493723758356,ADBE
2021-03,-0.26299218119809115,-0.09928491988524589,0.45222469221847006,0.02822102327568964,0.07764994579797886,0.0693565012516566,ADBE
2021-04,0.624889310359841,-0.2986321327036252,-0.59170714463247,-0.19418833770798352,-0.4454106019951098,-0.007396624306566402,ADBE
2021-05,-0.6020690866445801,-0.2265292825581528,0.1863464418834303,-0.2559952821268823,-0.11668928017972939,0.16064846010543432,ADBE
2021-06,2.369598091569999,-0.48284580152243867,0.21704976165686793,0.08225199779489593,0.5859601840256721,0.061454135646472174,ADBE
2021-07,0.8665729047040341,-0.43103054584745154,-1.2119813022987689,-0.2074799965850392,-0.8025481429190703,0.06767691391985586,ADBE
2021-08,0.9203756615875645,-0.19911556720411794,-0.6623490073978182,-0.22343800265430655,-0.6284486616834344,-0.13255989151725178,ADBE
2021-09,-1.730599866400686,-0.3052965886354377,0.37228775945064546,0.258672208784406,0.05270138417519919,0.12964635586743545,ADBE
2021-10,0.7352110452769868,-0.6807405431623601,-0.18597005726084911,0.032546640033357124,-0.31682041347510076,0.029968017713266404,ADBE
2021-11,0.32869390140022453,-0.19833958181536687,0.203595885713217,-0.0102944375364843,0.10378159353190804,-0.15345226543255963,ADBE
2021-12,-2.6453197393528,0.2849705507317134,2.2599322863952205,0.4309323238354185,0.2080685421048592,-0.057771664374140275,ADBE
2022-01,-0.35283261287326584,-0.6018805974195284,0.6675961694133221,0.1765685357365046,0.3112818439221105,-0.12468650570840345,ADBE
2022-02,-1.3445477836576543,-0.42980128546438784,0.8545070741007136,0.0627010544867522,1.8021799829236385,-0.025786862812179234,ADBE
2022-03,-0.5659727827048161,-0.6573772172219243,1.1689353133147724,0.17312423350717956,0.3039659299144623,-0.13096440015802646,ADBE
2022-04,-0.4318600867710027,-0.659070970262517,-0.06093342875374125,-0.20769250231557038,-0.3293676894328925,0.05184998105821448,ADBE
2022-05,0.4097242983374759,-0.8476364598899546,0.33170120821056254,-0.07473411856333519,0.19879720901059647,-0.12106223588167497,ADBE
2022-06,-0.3892466239136702,-0.6400119332413494,0.6318844088211949,0.00028295609969268456,0.47505040794046854,0.1203627820575861,ADBE
2022-07,0.3635974312391268,-1.0907789156062473,0.10197424875319543,-0.2208934320963656,-0.5033367973653987,-0.08943723788159563,ADBE
2022-08,-0.9722759911819684,-1.1324804903896009,0.4269559964676494,-0.10500156124624728,0.06517008532718992,-0.2630676949443016,ADBE
2022-09,-2.4524210404350906,-1.2052395494795196,2.701323151452023,0.45485107961073556,0.028453947274244475,0.15734011627906974,ADBE
2022-10,0.3969383920505762,-1.4173924692225468,-0.47911271151104934,-0.022653883014822275,-0.693806866977092,0.08298273155416025,ADBE
2022-11,0.05800967655393293,-1.3119564383602376,1.1976604100271826,-0.11827614871412183,1.3518175624670188,-0.024352767228133287,ADBE
2022-12,0.38409378960408647,-1.3545258062204053,0.34469971866986215,-0.09535147244093484,0.10501530269062943,0.10046652601551131,ADBE
2023-01,0.1860417006198562,-0.9244884002673263,-0.042992900436864344,-0.4092632988444528,-0.05720724229532825,-0.12526327158827022,ADBE
2023-02,-1.5477660039797987,-1.1725855557323113,0.83677242305403,-0.08589961515951794,0.033506257571766826,0.18959716005556415,ADBE
2023-03,1.5311433923478535,-1.3443969156479898,0.3776404112492445,-0.0626658732297955,0.9185990740918553,-0.020266237641746954,ADBE
2023-04,-0.5843064681961218,-0.6562222709576175,-0.42727130142962966,-0.37551547110110983,-0.4914422884305996,0.10655260091111352,ADBE
2023-05,0.9123289368521218,-0.5391599597839246,1.4344485042525335,0.17807765449893964,0.9429107435145364,0.17042054620742464,ADBE
2023-06,1.9404883910859352,-0.21089821120159594,1.0845173997436384,0.5667775922844831,1.0504889179865518,0.1169349066443075,ADBE
2023-07,1.200201177481053,0.23939185850834868,-0.09575442087897978,0.18746051197808963,-0.2551958367807977,0.024113371294651964,ADBE
2023-08,0.894814695940642,0.4347141337022168,0.6984671907547065,0.05469135932384554,-0.057136220249937204,-0.0883898880823829,ADBE
2023-09,-1.0354878708749888,0.7239614042486097,0.8044838488679551,0.35565987376649427,-0.10310072106750097,0.04345950186311032,ADBE
2023-10,1.1618042527890395,1.2661382650018966,0.3472542328841972,0.11625025109272329,0.1427748649993554,0.14838552043002684,ADBE
2023-11,0.6880080333518402,1.1483261369905315,0.2653770425390206,0.20511200410674746,-0.07635429107647672,-0.023583902063795903,ADBE
2023-12,-1.2058833663650477,1.5179076396648947,0.7849163393943918,0.3951838064065774,-0.5028287419122625,0.035501173315454215,ADBE
2024-01,0.24568742339903524,0.906291739750582,0.1208299372244919,0.05171941812251764,-0.18349348919973493,-0.0930752047654505,ADBE
2024-02,-1.925730465591409,1.0064974548607875,1.100884938544218,0.34143652149312514,-0.20259306425222592,-0.0993788819875776,ADBE
2024-03,-2.003700347807548,0.8324913112648464,2.806955893216931,0.47326507897010084,0.4456593277651035,-0.08277843836702348,ADBE
2024-04,-0.5993183801515438,-0.06398874327299024,-0.6187103983670198,-0.028032661486161087,-0.5600579002672464,-0.03904241298100808,ADBE
2024-05,-1.0787941858867127,-0.0926037553988259,0.37146368185020495,-0.012498592153610162,-0.6264509213625531,0.24907815451029758,ADBE
2024-06,3.3349025192416275,-0.6679644777450822,2.32054441152166,0.44065995497020344,4.142264279037141,-0.007002196061489663,ADBE
2024-07,-0.38949823345983275,-0.33531070552559306,-0.6139533577900265,-0.12120807268259227,-0.5350019261128967,0.04125804404966926,ADBE
2024-08,0.35292973774018443,-0.7012257707639931,-0.20475034690941332,-0.2885308988486717,-0.17010220889425545,-0.09858811650215005,ADBE
2024-09,-2.0242661290097708,-0.7521351347040327,0.7728983905752935,0.235491965611659,0.019888115062479388,-0.0766734906717138,ADBE
2024-10,-1.2683996304696825,-0.9363913934775505,-0.08304530487663714,-0.06157552648595394,-0.26237983664211495,0.07917085006693436,ADBE
2024-11,0.14006956143356541,-1.2186268652035792,0.14121780910594228,-0.16740157007031875,-0.19929301830573773,-0.13810012986257814,ADBE
2024-12,-1.1373249563397936,-1.3515281534453578,1.7093645551460803,0.3749544923891669,0.285238093686752,-0.016258882792120177,ADBE
2025-01,-0.9354781435730194,-1.3601502595959112,-0.4931918896254096,-0.014309041191741225,-0.8531926394666388,0.0025374328494685017,ADBE
2025-02,0.03471745710664291,-1.5846256509242174,-0.45480372511323575,-0.3325010269174683,0.46165622277398927,-0.12547883983947472,ADBE
2025-03,-1.1507095912139318,-1.4398056890307456,1.5557933093829064,-0.08996898819291611,0.37874049964518475,-0.022292910593695314,ADBE
2025-04,0.09936433927376609,-1.376731140847812,-0.7376913154845075,-0.338501844468028,-0.4065086505341561,0.10696570483759116,ADBE
2025-05,0.45689910825809993,-1.0904801487073152,-0.802234537506005,-0.4285104617877892,-0.5527468665948005,-0.06796116504854366,ADBE
2025-06,-1.5535078488450365,-0.716073553738751,0.6268240949565739,-0.051209708332770575,-0.3060143084346699,-0.07544975186104219,ADBE
2025-07,-1.0510381862644995,-1.6648878519796395,-0.33459090677266196,-0.372798629598328,-0.9153892927906696,-0.002767759791998725,ADBE
2025-08,-0.706017944894331,-1.7616386188013617,0.5367697201686156,-0.30919512588889614,0.2120950412131925,-0.011073731426969435,ADBE
2025-09,-0.41247808811679343,-2.179092484530789,-0.014773129232651385,-0.0063438483338130736,-0.21022266707698226,-0.03526576895818567,ADBE
2025-10,-0.5205916699509118,-1.762573490164761,0.20436742764284613,-0.40873370046704705,-0.13413328038596287,-0.05929887455555227,ADBE
2025-11,-0.8800971451411769,-1.5157531173094543,-0.40480264616940864,-0.5809697657122412,0.11677150991714924,0.0932746071908288,ADBE
2025-12,1.2725721370705465,-1.5289388549912164,0.054830056634352115,-0.29067667611215414,0.9503626577470293,-0.1621189176833624,ADBE
2026-01,-1.7734852054891237,-1.1191577602952898,-0.0059412449461529885,-0.4884904941280513,-0.9550768838152989,-0.10516624040920708,ADBE
2026-02,-1.2525525499466126,-1.047224114131114,0.4798378933335467,-0.44919039616962075,-0.27685551772441824,-0.07366335124423617,ADBE
2026-03,-0.4703155661962288,-1.2121333125294904,0.829541737770182,-0.366989991052981,0.21169488540566317,0.012423893368438188,ADBE
2026-04,-0.43577703868481316,-1.2598282622498602,0.5274643442725339,-0.5309010389224326,0.1661476096809732,-0.01893539211702555,ADBE
2016-01,0.0,0.0,-0.3500399288810516,-0.8088230972361188,-0.3622996707772199,-0.0044729387207395055,CRM
2016-02,0.10209220762896572,0.0,3.1929452034551873,-0.01990797483755508,3.0254830752144164,0.08971094803055268,CRM
2016-03,0.15874562606649723,0.0,-0.23425658987893666,-0.7961382883233187,-0.06862659587763176,0.026663001649257723,CRM
2016-04,0.1444286315459132,0.0,-0.28806503963700997,-1.1375876871648913,-0.15884649492887168,0.10441767068273089,CRM
2016-05,1.0059904218988058,0.0,0.16087070096763542,-0.3950702389041594,0.5218330106459553,-0.051393939393939325,CRM
2016-06,-0.8503689153020612,0.0,-0.16024073286497098,-0.8488659029659822,-0.5844516223640989,0.03002811142346018,CRM
2016-07,-0.3130357968242208,0.0,-0.3758260322741352,-1.1160651199894778,-0.11342384716380322,-0.029028656494231475,CRM
2016-08,-0.8286872532414673,0.0,0.7207661025890397,-0.17174250146379852,0.5300288476487921,-0.10182700907116393,CRM
2016-09,-2.180661025446269,0.0,0.9304370304403891,0.17005299796192044,-0.2008723119584523,0.05362731152204825,CRM
2016-10,1.025999329435584,0.0,2.1869309469382463,0.6499843171793876,1.1215763897506987,-0.041987309302011555,CRM
2016-11,-1.0719183141844226,0.0,0.11857872100632408,-0.11047178483493905,-0.18441029407901366,-0.04918263810597512,CRM
2016-12,-1.583787315734857,0.0,0.558928944999976,-0.5286571587421688,0.3215673198624832,0.15532829405661785,CRM
2017-01,2.122748713408586,0.0,0.07448050352047798,-0.7203354107675268,0.8781999391733302,0.028479794740218,CRM
2017-02,-0.23029334968023002,-0.34090609870006444,-0.45581523331196094,-0.6321401282902579,-0.25014866257064333,0.013970313084695096,CRM
2017-03,0.008789740119577349,-0.32166825181884706,-0.2653992628957354,-0.7122146895468318,0.26103955877874957,0.044039857301021,CRM
2017-04,0.7762871166620463,-0.37854466336009257,-0.2697815115665057,-0.8216150857932881,0.3481264410797419,0.04088606103452341,CRM
2017-05,0.31252348363924193,-0.4018496502126468,-0.2293793292269224,-0.3475305393539667,-0.16782288627406175,-0.03395970115462987,CRM
2017-06,-0.7349672400372638,-0.5970561419913211,0.03515050538864816,-0.44967331643350383,-0.40397045657721503,0.04851183501288969,CRM
2017-07,0.3886722023352205,-0.5739507205967359,-0.5054728889705328,-1.0034894961641612,-0.19666389809906612,0.05163164953062127,CRM
2017-08,1.0821205012774346,-0.47894895272440674,0.15276236253160894,-0.36933881598109203,0.16463760563082966,-0.021679064824654537,CRM
2017-09,-0.9322184954176961,-0.18584951506003977,-0.38739525539046266,-0.6103564084727993,-0.7222409520057164,0.09558983271779264,CRM
2017-10,0.8408544210760199,0.023373413043258094,-0.8493741163633208,-0.9384202924561138,-0.5331524666932518,0.01933372992266502,CRM
2017-11,-0.2997278922919702,0.015905066045242174,-0.11264154437761419,-0.16579106931420762,-0.32359077068547887,-0.020036961385079266,CRM
2017-12,-0.9095185517636328,0.4309523168029366,0.22069917722274718,-0.6547457357077703,-0.22512388634083427,0.1142431761786602,CRM
2018-01,0.4464449157230274,0.7359025845721998,-0.6886107091133976,-0.9254811320882865,-0.5477383439940502,0.02048815250311775,CRM
2018-02,0.9150748527912105,0.22470470185632485,-0.30999610089189594,-0.5085478791095881,0.2219848911150644,0.00043645251396640106,CRM
2018-03,0.627640216228918,0.41938035034528715,0.38801898060701806,0.16387305720862308,0.24562228641939549,0.04031061861966667,CRM
2018-04,0.5524292799631545,0.6304877828502574,-0.14646948209119215,-0.5029441030044929,-0.22394907636718675,0.06894238027342103,CRM
2018-05,0.4786292644653607,0.6289677779533652,-0.29821175858603277,-0.20849872761643948,-0.4253477321086407,0.05468811298548437,CRM
2018-06,0.8693469752317783,0.6758165327442405,-0.2201852833257077,-0.09560216387961339,-0.6130020344827513,0.005505133164707798,CRM
2018-07,-0.49071711117058764,1.0678558266212355,0.2525810906998784,-0.13282171410388238,-0.04125815727720545,0.11319917135247115,CRM
2018-08,1.1081073962695929,1.0907623777085829,-0.1540484803647952,0.053792115318455055,0.07716870695278762,0.04160574239000403,CRM
2018-09,0.5182485577748183,1.0673801214825862,0.07784021703732702,0.04752497905502807,-0.26244440716519724,-0.13699591628381824,CRM
2018-10,-0.6779553369313979,1.3476752538363788,1.0613671414359318,-0.03616727001145291,0.5579924025681975,0.04022181146025883,CRM
2018-11,0.24851898997139632,1.0476525919631046,1.9838026634271837,0.22037899845748665,2.9996530739819462,-0.04058568483900782,CRM
2018-12,0.7853147270886413,1.1504745563431988,0.7437977852879123,-0.06060918081580286,1.1487605246214203,0.10949770336346121,CRM
2019-01,0.266778125654347,1.5110712332644853,0.18341720765414543,-0.10323597917217552,0.2702305922065055,0.0769230769230771,CRM
2019-02,0.9041371547448736,1.6490305381443453,0.0880423093879733,0.11073819259261096,-0.12236986833753376,-0.032304067460317554,CRM
2019-03,-0.9703988517811907,1.5258786819752623,0.26470506617599804,0.26433221465041606,-0.32575164024117403,0.044082783366438116,CRM
2019-04,-0.051350795500896045,0.8692702877391675,-0.06570910973167778,-0.3049740538330672,-0.32804996573258294,-0.08432034366370045,CRM
2019-05,-0.04286566089327298,0.6870768190669355,0.88252453718053,-0.09668813446274944,0.5724568421002497,0.002144628376114177,CRM
2019-06,-1.572936519671118,0.4899099773487791,1.2382432737621003,0.7752043462321243,0.6293945114007229,0.01825720591185709,CRM
2019-07,0.01666449615559926,-0.04269326301745526,-0.264141761493331,0.14488121741727297,-0.3512981016405368,0.01017995533955074,CRM
2019-08,0.5513635749002236,0.12167493620670379,-0.18708147239177914,0.7940499146248996,-0.3079656961588132,-0.048891489500032526,CRM
2019-09,-1.3137818373623473,-0.06842032945529615,-0.17155141029589988,-0.09019544398197656,0.0722398139146245,0.05420739626768745,CRM
2019-10,0.3252907129197627,-0.5572204786744039,0.24096908994694724,-0.1596619645976937,-0.19264268239180798,0.04091557515237976,CRM
2019-11,-0.11130972537085242,-0.0637884026285735,-0.9189566484944328,0.007373432595206584,-0.46636309974077,-0.0015573413069208675,CRM
2019-12,-0.6839804306659192,-0.23238001831646984,0.14449147601193205,0.11193838756372627,-0.6001237717980045,0.12091340154729213,CRM
2020-01,1.2027186815831132,-0.6122528138387215,0.08992557989559967,-0.11816885369410314,0.6098539609938957,-0.06528999220750298,CRM
2020-02,0.27582740972325864,-0.169039148539094,-0.6757960953619089,-0.020316330377997325,-0.5178010359001921,-0.15506461025427276,CRM
2020-03,-0.15300388847870386,-0.25023018928653035,-0.4959755881142883,-0.12613331067069997,-1.079520309915318,0.12481499753330061,CRM
2020-04,-0.05700014289592644,-0.14536714383762817,0.11970873005626927,-0.1400900698393012,0.4998890480043556,0.07926065162907281,CRM
2020-05,0.5938335927662867,-0.13872254540593387,0.07710067258288483,0.09286670466799332,-0.549751735509148,0.07175616835994192,CRM
2020-06,0.6974838439778475,-0.07301859843175552,-0.3174475523570956,-0.039327365784470845,0.004867698718901664,0.04013867071122901,CRM
2020-07,-0.001453536655928592,0.166769087381958,-0.00684705287067089,-0.11173153675289374,-0.24386593741793125,0.3992813248619935,CRM
2020-08,2.7320881820400325,0.096821482674762,4.373655610793268,0.8957767117222134,5.748778858009302,-0.07823141910752174,CRM
2020-09,-0.7376508807593563,0.25187153777905585,0.5078831034158257,0.4350067194048048,0.022335922182446025,-0.07578632858238776,CRM
2020-10,-0.7466321643067296,0.34121737286031506,0.1438593252660232,0.03207779977143703,0.3060854824910867,0.058235037134119594,CRM
2020-11,-0.8720996402233812,0.38755979463744006,0.13492050606647926,0.5026568271709244,-0.305074947546028,-0.0946620980060272,CRM
2020-12,-2.22659890718061,0.18692619773199953,1.188438692085704,0.8964369905543396,-0.6089623935800893,0.013634290925672587,CRM
2021-01,0.5685603237407332,0.04973928022328141,-0.8439032450242935,0.2778197910465507,-0.47879236385219276,-0.04017274731206977,CRM
2021-02,-0.9341198701799609,-0.01676843472895461,0.8261889893295971,0.27721584459195214,-0.07412796116933018,-0.021372328458942658,CRM
2021-03,-1.1938860621053442,-0.2096720357924994,-0.355050451213385,0.10183521842862135,-0.5732116401886658,0.08706896551724119,CRM
2021-04,0.9732152028889278,-0.33082264110347875,-0.06738493679029033,-0.05043010860402709,0.062070817653453854,0.033791523482245234,CRM
2021-05,0.2689671139119462,-0.2579350899819573,1.237299564989207,0.16296660382024974,1.9541500773074036,0.025910931174089047,CRM
2021-06,0.1213443440858814,-0.34619261820350045,-0.2765934916401477,0.10668556945665225,0.02696322036142642,-0.009595812736260534,CRM
2021-07,-0.4567945959144178,-0.5487122743305692,-0.7063574701420371,0.2100628198575821,-0.3133244817558802,0.09646841707910414,CRM
2021-08,1.5202810232260606,-0.7265235279834139,0.11996842060105846,0.3753188783048042,-0.01583035882508294,0.02241603549843152,CRM
2021-09,0.8616582195098539,-1.4033272731542457,1.4653779109972929,0.3016358352971587,3.5311377739886316,0.10498353786291537,CRM
2021-10,0.45670005341204734,-0.9700562964937628,-0.9764754322913194,-0.020089284519365373,-0.7555247375803894,-0.049129816482697874,CRM
2021-11,-0.4396685564188886,-0.5918294883560987,0.07956528195279429,0.002058214967545775,0.32811632438046007,-0.10821493430189078,CRM
2021-12,-2.0175574622827126,-0.5080618312947242,1.610840496007741,0.170994497199685,-0.04574367383195801,-0.08461108449129529,CRM
2022-01,-0.6147573367634994,-0.5712100915868235,0.9101466664841703,-0.008301191324664819,0.16405970936121383,-0.09496183206106878,CRM
2022-02,-0.9067990163125299,-0.9063395414540725,1.0895405360631318,-0.06978771549577371,1.4375566909743842,0.008482745324850605,CRM
2022-03,-0.09740662508900713,-0.8380859585082836,0.46918356481253826,-0.10510022748468843,0.7485849444422765,-0.1713343528961958,CRM
2022-04,-0.835194024867474,-0.5093581161733255,0.6896236123682074,-0.10625698234579636,0.9367316147212231,-0.08927850510410051,CRM
2022-05,-1.418132111793046,-0.9017823470714038,0.16697798645115017,-0.14305884031886157,-0.21390394561930007,0.030017098347159932,CRM
2022-06,1.6500813638768248,-1.1585612183359328,2.234522426164784,0.27200777008688537,2.6021055299691316,0.11497079618813388,CRM
2022-07,0.3004434498553351,-0.8915196705693904,1.0002299987887429,-0.3411898327304914,0.410559677115047,-0.15164047422111937,CRM
2022-08,-2.052253563301114,-0.7554087413300161,0.6977473447669246,0.04524773047273497,0.022486332218197715,-0.07864803379915497,CRM
2022-09,0.30375996496289154,-1.1170919365211207,0.0362144738940657,-0.09049016204430459,0.4344101553160357,0.13037037037037025,CRM
2022-10,0.16996452775440063,-1.2184857489871272,0.11265197338317526,-0.18801915342798078,0.12419553564374593,-0.014416775884665833,CRM
2022-11,-1.169238712142263,-1.1406388423038023,1.3936278215127604,-0.07108691866594377,1.233935441805848,-0.1725557244174265,CRM
2022-12,-1.691926909931957,-1.2140781985204339,1.5248816682710553,0.37488148906699204,0.20357950139694805,0.2667789087013088,CRM
2023-01,1.7318376473857304,-1.1479843397723601,0.6062141226607337,0.20261821019791704,0.7079033925535813,-0.025916752250347286,CRM
2023-02,-0.002976468466248216,-1.040343185686774,0.0761051555375984,0.028510165630916073,-0.3151804750277511,0.22103696353262214,CRM
2023-03,1.8274868413916847,-0.9077546975294309,1.234788650743082,0.28801984470945896,3.34791402469334,-0.00706013815522144,CRM
2023-04,-0.353575377400028,-0.08947933647059052,-0.3711667239631804,-0.21187842820589176,-0.5315401732305906,0.12609340631234311,CRM
2023-05,1.0876397190578555,0.2596554038903363,-0.28341083345348356,0.017545410066165855,-0.34232646765401714,-0.054283637685109465,CRM
2023-06,-1.9274339055268421,1.2227136611881484,0.9292627026112094,0.29372739696446193,-0.35778351769598127,0.06513281137422555,CRM
2023-07,0.32434272982726065,0.0891514798568697,-0.005787386886738362,-0.14403713130432744,0.036691393079563414,-0.015783540022547893,CRM
2023-08,0.07078299201913771,0.09551834106633536,0.36826004918849603,-0.01739691234768259,0.08823514302330229,-0.08435280641466203,CRM
2023-09,-0.9450020046537773,0.5183708097032355,-0.5336963304701147,-0.150561266882918,-0.5983804889945514,-0.00960768614891927,CRM
2023-10,0.23936226961667378,0.24571383476723105,-0.3855470025115678,-0.38309965446219446,-0.28649531798901057,0.25424413904607945,CRM
2023-11,2.1048498360783108,0.16729631011557905,1.4643020179976596,0.011177522503987758,2.8197419663247083,0.04463422494360292,CRM
2023-12,-0.1765990576591461,1.0114874505226163,0.07609543313649042,0.09289623750238961,-0.14152309121711726,0.06821687490359407,CRM
2024-01,0.6486581796285495,1.3342481320819808,0.15373507138000297,-0.01823223579180911,0.2586618726627594,0.0986606981697411,CRM
2024-02,0.762387481681551,1.0189087780470332,0.15241678557440383,0.16505210116220684,-0.02571009657955778,-0.023460603272655534,CRM
2024-03,-0.9137308374151086,1.161522104275235,0.2772438503815369,0.1313970163560364,-0.2963840813258332,-0.10703230148048448,CRM
2024-04,-0.9561819192909269,0.43172878708239176,0.4848216040166679,0.007873854751549322,-0.17693036679118543,-0.12830174460228339,CRM
2024-05,-2.3776208088141653,0.2487339707690765,4.277036707006771,0.4629670388170245,2.36238121020563,0.09665427509293667,CRM
2024-06,1.0871567100611539,-0.707841924800575,0.4612195316498316,0.46338548822167525,0.39139279825580675,0.008198659834450117,CRM
2024-07,-0.18177963432890604,-0.10456285226518763,-0.3414427601276585,-0.04981697409734709,-0.4481047030542378,-0.022793025256079513,CRM
2024-08,-0.5697087742807578,-0.21246478816487518,-0.13813403849203199,0.05000798852094507,-0.002985359323310262,0.08397679535907177,CRM
2024-09,0.9266404558230299,-0.37649735526852657,-0.11393573001483775,-0.0009105289234063105,0.7425580885100747,0.06451612903225823,CRM
2024-10,1.2386574755450745,-0.010778801508018286,-0.26764298034901823,-0.19659327397995663,-0.15897732095831416,0.13254975383121814,CRM
2024-11,0.8149157076216172,0.16224144238662483,0.4815913010993028,0.263300448747375,0.3748721557489385,0.014327261594979435,CRM
2024-12,0.5472962638969344,-0.0976777383673363,1.216367170986271,0.43334995799262654,2.434856301025553,0.022032414813026424,CRM
2025-01,-0.3701453528489749,0.10898774196167192,-0.07384274640752933,0.18838371116314337,-0.17197328728142106,-0.1283111360481941,CRM
2025-02,-1.5696643199544849,-0.1546885870172398,0.06270918585287007,0.2382368096065399,-0.8264228887180096,-0.09902432414120199,CRM
2025-03,-0.7379373546102771,-0.8099589043697951,-0.10009894195886111,-0.0200629356758907,-0.31037931229867444,0.002895281067869959,CRM
2025-04,0.4272470058698697,-0.8267484691264144,-0.20077352695576914,-0.15907254910624538,-0.13420908407020685,-0.012447510497900605,CRM
2025-05,-0.829403051501365,-0.3962892925028412,0.11188273175634558,0.1767181986215051,0.22583168296626835,0.029195140470766878,CRM
2025-06,-0.39938707891432995,-0.04118866858964898,0.09724726127616895,0.18912644359889444,-0.1577669623453708,-0.05263934486701827,CRM
2025-07,-0.7533743663663154,-0.40938347668069286,-0.5416098603471559,-0.1827219721287082,-0.9064027487785685,-0.008060119928354426,CRM
2025-08,-0.7901934872914158,-0.5696057250948869,0.6827822198828264,0.1248278533872505,0.30166902204304213,-0.0734838076545633,CRM
2025-09,-1.0183935014793892,-0.6613180611213787,0.32796141778399673,0.2191604829590701,-0.21221487470410344,0.09875863237724003,CRM
2025-10,0.6847903001555901,-1.1185116316790755,0.3278719024993547,0.09323947464261138,0.0006284885085621314,-0.11471427469730844,CRM
2025-11,-1.6888158598013974,-0.976996751584267,0.24041536580735182,-0.2399347171291152,-0.14322123433741218,0.1509647632736617,CRM
2025-12,2.2106780643354838,-1.2973706746487643,0.11540559597419227,0.027526690153748392,0.9335903633263934,-0.1986376537369915,CRM
2026-01,-2.0975123230121673,-1.0922808050637745,0.5716640364634916,-0.12058483870236326,-0.5228442635160706,-0.08245183226293906,CRM
2026-02,-0.9802934799739811,-1.1312456159063808,1.008409873936234,0.14935918176857943,0.005810087480310415,-0.041688111168296516,CRM
2026-03,0.034666205170798006,-1.0970875138059641,0.7261208534583049,0.06513349714757675,0.45723556757426814,-0.05193340494092369,CRM
2026-04,-0.7371180825570111,-1.1213821289987667,0.6106412412748635,0.09431801579548864,-0.25089200653760596,-0.00203931343114494,CRM
2016-01,0.0,0.0,0.6573732543983396,-0.28060878708167064,-0.21215985937317508,0.13057417662489068,QCOM
2016-02,2.9438399400054456,0.0,0.6204157492123094,-0.32660608834088417,0.32903721079589787,0.006960556844547661,QCOM
2016-03,-1.3244062408191808,0.0,-0.39240206101527986,-0.07135228570196632,-0.48836992543382235,-0.012288786482335001,QCOM
2016-04,-0.4398575354348849,0.0,-0.18652128280143287,-0.4025329947956449,-0.21894169303107255,0.0974598237428721,QCOM
2016-05,0.9100638157977207,0.0,-0.19617388565753227,-0.24975113553941833,0.16931915476061152,-0.02456306093528593,QCOM
2016-06,-0.3860532707887238,0.0,0.15926188030164903,-0.4189043778943471,-0.1577111686940663,0.16828087167070227,QCOM
2016-07,1.8412044650317319,0.0,0.8832579520437396,-0.0896974926669061,1.976421691361244,0.016373056994818613,QCOM
2016-08,0.023873889886438234,0.0,-0.11965351645664961,-0.3157492614575497,-0.20402038466616482,0.08605220228384991,QCOM
2016-09,1.8464490724957647,0.0,1.2106225545185352,0.023379704012398955,2.71480336741661,0.0031918888471649254,QCOM
2016-10,0.14976200818363744,0.0,0.1946124945600042,0.12158939726027763,-0.01357067215121848,-0.0007486430844094727,QCOM
2016-11,-0.6251376797013817,0.0,-0.39137836665578835,-0.267581485066264,-0.39560009509947947,-0.04307922831991007,QCOM
2016-12,-1.4661153024223346,0.0,0.9842370219287754,-0.5333775524155439,-0.15260719511404514,-0.1804658445879821,QCOM
2017-01,-3.2416850856627746,0.0,4.422828787676363,0.6614852336707518,1.1349881452984862,0.05708144256030567,QCOM
2017-02,0.23101307404505747,-0.24367495949012843,-0.1703989972411421,-0.24954029289077634,-0.19373297035246628,0.015137821961138664,QCOM
2017-03,0.03283271538181524,-0.39706227402312855,-0.3070841966912464,-0.6416638837686043,-0.33849983458329463,-0.06276430002225686,QCOM
2017-04,-1.633701817290743,-0.32508540915029505,0.10586243965052937,0.018139697858109687,-0.797738166176967,0.07622892424602234,QCOM
2017-05,0.8004085419276584,-0.4973375881676213,0.0440522941094178,-0.09094425426460627,0.19433912683866425,-0.03596646072374232,QCOM
2017-06,-0.7704293531513585,-0.5981317013817093,-0.07953100640776069,-0.6343031916079647,-0.15929104290911958,-0.03662165255207128,QCOM
2017-07,-1.0789678697459681,-0.657409554131244,0.2733772088132982,-0.5784963305027296,-0.5146673080437676,-0.006652411499168509,QCOM
2017-08,-0.25027838995794033,-1.146570909955727,-0.4499810528554136,-0.6146653745076782,-0.3389590366031023,-0.008132025831140921,QCOM
2017-09,-0.696648859439389,-1.2426709859502245,0.1921039091753706,-0.8215586179639313,-0.33427680618654687,-0.01591511936339518,QCOM
2017-10,-0.6708229064678111,-1.59599487476296,0.8707702463424133,-0.8787699043952533,-0.19082825603674317,0.3111982357265375,QCOM
2017-11,4.70310983307288,-1.6385138785773563,3.255344641333477,0.7287327688030839,4.647831430197143,-0.03494673892730327,QCOM
2017-12,-1.2836121988938693,-1.1146098777655233,-0.662212735644347,-0.5876840475465842,-0.8410212062535176,0.06603408210689388,QCOM
2018-01,-0.12005443866100465,-1.1061290334983116,-0.060991792167718224,-0.7807730180020791,0.37821343184353456,-0.03941871026339683,QCOM
2018-02,-0.07899582797826624,-0.1883768603024238,1.3422160392807623,-0.13982926788894462,1.5595733873396036,-0.14750378214826032,QCOM
2018-03,-1.9979553050185075,-0.2526714400181715,0.4925544376713345,-0.20340634248605405,0.6611015799563066,-0.07941437444543031,QCOM
2018-04,-1.6118144892640502,-0.6926463296360568,0.05582198289633659,-0.7969490897808902,-0.5899367467983455,0.15132530120481924,QCOM
2018-05,1.6867230699688773,-0.7529202721359617,0.5893508436450018,-0.49424604717992426,1.071862626709749,-0.03453327752197566,QCOM
2018-06,-0.6544247141411557,-0.5940530633529625,-0.4647650751117933,-0.8215540061937323,-0.74824268112754,0.14199002818122697,QCOM
2018-07,1.725766957397911,-0.5472309260511172,0.7790116796662788,-0.5077613441080173,2.1788768207170106,0.0721336370539103,QCOM
2018-08,0.5209258461361385,0.07638467671817355,-0.3551726928902423,-0.056818206517843244,0.3271916490495184,0.0578966005665722,QCOM
2018-09,0.789624726069413,0.2455909187262794,0.432861464918777,0.16642911326005294,0.7685540361933779,-0.1268619246861924,QCOM
2018-10,-0.5785154725382032,0.5580828116013294,-0.3014953024115293,-0.24466696557307252,-0.45403861604956175,-0.07360552041403112,QCOM
2018-11,-1.103942904467557,0.7584363642618162,0.3859747694628726,0.036799717315012755,-0.614268649990301,-0.012621560107593632,QCOM
2018-12,1.3322335441868987,-0.8254671822015053,-0.8707832503017987,-0.3572079378574539,-0.6295724189993395,-0.12992455993294205,QCOM
2019-01,-2.3145694263196384,-0.31015426761578746,-0.3128873229183775,-0.09059594634184105,-1.12378828550816,0.0782755298651252,QCOM
2019-02,0.9344888146823349,-1.1795221290326225,-0.8431808967890826,-0.39974995719443546,-0.6073623091153049,0.08063435336162605,QCOM
2019-03,1.2366171076098145,-1.0131596046774756,-0.10493252723226304,-0.4356864935232592,0.01813876179070229,0.5103348491112027,QCOM
2019-04,5.1094774349987615,-0.22138898725083694,5.250968674400653,1.1638078187647918,6.30753664865403,-0.22416860544683181,QCOM
2019-05,-2.105727675422223,2.100537497200702,2.743832947279363,0.8886723099408713,0.20081919861086972,0.14870347503968961,QCOM
2019-06,1.2954878680001187,0.5520054797442389,0.1464968428950271,-0.024133576128440894,0.18724227226377957,-0.03823710073710074,QCOM
2019-07,-1.0747077665577336,1.153357243370065,0.009998350320560827,-0.011537622118101195,-0.282215845794511,0.06306881686092924,QCOM
2019-08,1.3504005786568336,0.4004284685106723,0.3774627888679242,-0.18637602619181362,-0.011895364433949908,-0.011414839291078449,QCOM
2019-09,-0.6079680466725573,0.6061548582203156,0.6715101408750825,-0.7921862342117963,-0.09539815287234943,0.054542692190823416,QCOM
2019-10,0.3301055993275908,0.30845339203948124,0.6331811753147428,-0.8017137361475689,0.08344875890306683,0.03861115113096103,QCOM
2019-11,-0.15642511067562825,0.9416713116612256,2.3029133574065486,0.2687472132795879,2.2388390403695895,0.06422527396310151,QCOM
2019-12,0.5258473387109779,1.6306361153690576,0.8722201623928116,-0.27978249243086,0.7749912555372497,-0.03310740354535968,QCOM
2020-01,-0.3688404800719543,1.093088277664316,0.8026855681782626,-0.2879048285001773,0.6619649481458838,-0.08223240765705053,QCOM
2020-02,-0.018318969417336073,2.050307277807294,0.38287318139913146,-0.28600009943064386,-0.0179094485798483,-0.12911280846063455,QCOM
2020-03,0.0703864815225016,1.501543851205533,-0.030525063387743495,-0.688496052719902,-0.21024525341124597,0.16292798110979945,QCOM
2020-04,0.3632959690781595,1.0105965096938012,-0.23959912224974525,-0.5959527705430674,0.14019424998852373,0.027991298042059354,QCOM
2020-05,-0.30744986192687285,-0.2294282298845869,0.22765279778754713,-0.5061371345810395,0.041207440087903176,0.1365688487584651,QCOM
2020-06,1.566463604558182,0.09843381071017109,0.03709896571191311,-0.41577311227294117,0.817690534543489,0.1578947368421053,QCOM
2020-07,1.2025814103668586,0.17099563850980973,1.6731040248655678,-0.24195883188317602,3.392775206383663,0.127680102915952,QCOM
2020-08,0.36570234057114964,0.40040758865195764,0.4239514844208958,0.01469206666161992,0.5378137540187844,-0.006654624964350209,QCOM
2020-09,0.4905907684902233,0.1310966020332366,0.5301789467554346,-0.2514572481683317,0.05557501018058038,0.04832998373050068,QCOM
2020-10,1.1567757415755908,0.24763545049871824,0.1948727338061038,-0.2900570630760894,0.5886458867355187,0.1929888625159759,QCOM
2020-11,0.32216509532950194,0.5088994056077802,0.8154649117543435,0.026370782189171972,1.2941369449789004,0.039562289562289354,QCOM
2020-12,-0.12358021184270293,0.4784011524516047,1.2190885554564088,-0.039715175550205706,0.7830627660812544,0.025910931174089047,QCOM
2021-01,0.7983712139259395,0.44874524789512066,0.23399391031858863,-0.2641348689174293,-0.010472963205988601,-0.12857860371672525,QCOM
2021-02,-1.8149570022200778,0.8887664102763424,1.5521252987242817,0.4233099051062751,-0.09389708312816854,-0.021819678880197646,QCOM
2021-03,-1.2013857249204287,0.713577480809628,0.8720729733939476,-0.10965547748998608,0.287288289250859,0.046801346801346844,QCOM
2021-04,0.1813291039857986,0.4413475972023896,1.1642725717143312,0.018469120304821875,0.8868453221500764,-0.030636860726921844,QCOM
2021-05,-1.0935475414519278,0.5265802887718717,1.056242023918085,-0.1465021118014753,-0.28318955912512994,0.06768975528826227,QCOM
2021-06,0.8184730403382146,0.4640386561480165,-0.3302098231932058,-0.35668268959555416,-0.3503035898366466,0.048092611296713494,QCOM
2021-07,0.6177028142158327,0.2871947311048249,0.7068419762908126,-0.22472377114268083,2.1613594719866693,-0.020756115641215822,QCOM
2021-08,-0.9222321482996234,-0.041231651659532055,-0.38657942379032845,-0.21579091839803227,-0.6325001805401491,-0.1166540499621499,QCOM
2021-09,-1.4645453431052575,-0.4321721658537783,-0.5402209346609226,-0.3887756837948739,-1.0784507308838447,0.03153654983289056,QCOM
2021-10,-0.37271828321053585,-0.855284772815808,-0.4363410186544355,-0.41611870394437606,-0.2522074500057214,0.3571487912270499,QCOM
2021-11,3.506953152663464,-1.0500281208544793,2.465615568773291,0.5055306823790343,3.5989806094971026,0.016650342801175277,QCOM
2021-12,-0.28479143205892143,-0.20906850087959325,0.43029683901765053,-0.010092682611050228,0.2984244400400219,-0.0388969171483623,QCOM
2022-01,-0.16863478244212574,-0.2681417205294175,0.7656142702879942,-0.09045958768633511,0.42044717084223887,-0.02142588648039101,QCOM
2022-02,0.17614877027776132,-0.4989243361190482,1.2171389173717115,0.1898819021111515,0.9890021550831148,-0.10736235595390509,QCOM
2022-03,-1.6813492767748213,0.42202590299707166,1.2418029112145166,-0.07362443201653984,0.005638635505901421,-0.08592125080685653,QCOM
2022-04,0.018163497103490626,0.07896618118437476,1.3018044714845494,0.10560134165885558,2.286889537797882,0.02526480972930556,QCOM
2022-05,0.06540064583208845,0.039669167415472446,0.410596642070751,-0.1404141177880227,-0.0687579534438061,-0.10339021963725414,QCOM
2022-06,-0.15070283159493703,0.23948725099607232,0.5615459771050951,-0.0854781139357746,-0.0687663720943042,0.13562649368385138,QCOM
2022-07,0.542374635636855,0.032478128449553466,0.938719678526001,0.022738018570278972,0.4133140905373653,-0.08305148440435939,QCOM
2022-08,-0.8614060277791962,0.08801883729327521,0.7456450489519749,-0.24274885392245033,0.025104949626021267,-0.14581967213114755,QCOM
2022-09,-0.7001307944198057,0.025216213088024825,-0.20907379068919613,-0.29630798528320423,-0.44760614285676514,0.04145475482199412,QCOM
2022-10,-0.5783376967310807,0.1600995617254575,0.516331888254117,-0.3819806751134146,-0.32412157342139847,0.08191283516078496,QCOM
2022-11,0.044528821677265566,0.02457917078497152,1.5726240034827583,-0.18789268171439147,1.0017582430349457,-0.13081246806336233,QCOM
2022-12,-1.1071891563769465,-0.7504892643700337,0.5386491046369725,-0.36549196273380236,0.10936021228342935,0.21164021164021163,QCOM
2023-01,1.2193492021445809,-0.8588493204276625,1.1632058345661167,-0.2852121290809044,1.1194873216588332,-0.07269933689147656,QCOM
2023-02,-0.7304226606380414,-0.7995145052392082,0.25377260698900633,-0.2567167178639664,0.10961682131150625,0.03915583849306703,QCOM
2023-03,0.11312243865217474,-1.130118011347844,0.037196531686339684,-0.4845669699304628,0.2455050275438472,-0.08450822423632087,QCOM
2023-04,-1.7067138570695688,-0.603740169151629,-0.3860547977102715,-0.572470133400923,-0.44297992867159935,-0.022366853057108838,QCOM
2023-05,-0.24427489050511703,-0.9875311185394093,1.0396632382113629,-0.16617289287285109,0.62562391896741,0.04969526488513831,QCOM
2023-06,-0.137603789051865,-0.8965241052053255,0.920063714609066,-0.3351625871978463,-0.058370586027577234,0.11022778025904434,QCOM
2023-07,1.086798557888421,-0.7839481169836311,0.34389480644994563,-0.3070621768116474,-0.048854837202939407,-0.1272829672540028,QCOM
2023-08,-2.23212868646455,-0.8029565106270058,1.275247903863002,-0.17665839808450304,-0.24794923264552846,-0.03033096708767391,QCOM
2023-09,0.26582634332097566,-0.8558495748917951,1.572439360780989,-0.2882181558350781,1.0788183818758526,-0.018634721429929724,QCOM
2023-10,0.08244955879252755,-0.6767504954621929,-0.45382069108874734,-0.48521919076695835,-0.6710740611250605,0.1915326487114899,QCOM
2023-11,1.2655014468877328,-0.47310014903330183,0.5617875438308385,-0.04135246681610522,1.0823328604263915,0.12074152370111402,QCOM
2023-12,0.9717181393316502,-0.3201398463097048,-0.509117900542359,-0.3114849246829408,-0.5715985049551273,0.026842716192687188,QCOM
2024-01,0.1390381741037938,0.052933519279744844,0.5562341990022703,-0.18261198478891397,0.6204563568133452,0.0678960011304226,QCOM
2024-02,0.331069543894175,-0.21256795006990115,0.40558386154337883,-0.05880423425459904,-0.3065882789744353,0.07290770757525622,QCOM
2024-03,0.46984268888507336,-0.024388341930396976,0.8935324472287306,-0.10290938512788438,0.5815684222338027,-0.020349016464204173,QCOM
2024-04,0.3192480495526378,0.0636872806669618,0.15245813871118763,-0.24984264091682717,-0.2357887112807477,0.2353496569522251,QCOM
2024-05,2.91392813318237,0.5046564433129215,1.2992203784918275,0.3388085437600987,3.559633018495072,-0.023845918679302858,QCOM
2024-06,-0.6898207989244657,1.593585712184658,1.2465864780045575,0.42881903629456414,0.16077000879190023,-0.09155444200856044,QCOM
2024-07,-1.5448985741860612,1.27346913618292,1.9902535461322497,0.0821683210645357,1.2234474389864298,-0.03119972420133288,QCOM
2024-08,-0.6908050227888283,0.6286027335160912,1.1182669187026966,0.0930065359126338,0.5712081896085203,-0.024909554593440575,QCOM
2024-09,-0.8333551742108857,0.9227697811769802,0.8745784118601626,-0.09923663365604035,-0.08904913076811563,-0.04281977981874574,QCOM
2024-10,-0.6672705493314691,0.5531474511181802,0.8714401841804673,-0.21065069986213072,0.37034720761714834,-0.02605325030183636,QCOM
2024-11,-1.1902327417674052,0.3287042895027476,0.450950461503198,-0.08652963813544674,-0.2264738012850074,-0.025902003001239682,QCOM
2024-12,0.10268409698086367,-0.28294580838461403,0.0367295478130644,-0.30012968888816216,0.15794300048774823,0.12565304755525775,QCOM
2025-01,1.1597098661834397,-0.4279298383110482,-0.5153195094424458,-0.3744075443041941,-0.5450985987672679,-0.09109841723194101,QCOM
2025-02,-1.1133856732205603,-0.2522126794800121,0.5155531274290522,-0.26491391706543127,-0.550481456648165,-0.017348608837970625,QCOM
2025-03,0.5364563279820438,-0.6730406898577272,-0.2540698447296093,-0.6002365392011222,-0.10199587746575,-0.0335776149233844,QCOM
2025-04,-0.04753223024110638,-0.7013969097990042,0.9428408054237798,-0.4109777841147642,1.1000921896485032,-0.021921963325520544,QCOM
2025-05,-0.9314605088813313,-0.723882966228969,1.31173893794034,-0.24389818341172562,0.18313168790718337,0.10339723710177617,QCOM
2025-06,0.48206040343391454,-1.4076494169069196,0.015179484601794038,-0.3788189523171519,0.30721497281324356,-0.07850526988182704,QCOM
2025-07,-1.090911090157571,-1.2575154242558415,0.8561224164786927,-0.4031623462779926,-0.211457100603767,0.09517537779010143,QCOM
2025-08,0.8517779188850104,-1.1567178092828168,-0.30616119037191925,-0.43807742978042297,0.30368281289644117,0.040951958984745795,QCOM
2025-09,0.09261931949302579,-0.9745755052898409,-0.19537292932234698,-0.4540838956945245,-0.2854365813566775,0.08737686975556369,QCOM
2025-10,0.5824255716770422,-0.6804324376164393,1.5302605447721058,-0.02059032438160023,1.802397523244257,-0.07079349102499599,QCOM
2025-11,-1.0478467496356167,-0.2949061471983969,0.6428980119088514,-0.1906966462802631,0.21298938922215363,0.022807967743876834,QCOM
2025-12,0.12670641875438313,-0.22542373810844007,-0.26326024189950803,-0.42405178041231534,0.03817793076674398,-0.11379148034831732,QCOM
2026-01,-1.3446806544785472,-0.21841473725349264,-0.14704532289452069,-0.504599300985576,-0.30178674975720177,-0.06088168901872271,QCOM
2026-02,-0.7217497793840245,-0.6256794180068416,0.3867599255308073,-0.426347455410179,-0.4215826835083023,-0.08957228702721798,QCOM
2026-03,-0.7215637993033055,-0.5827615106987407,-0.715247687508027,-0.3327446514803308,-0.9858422136372255,0.3944711911787546,QCOM
2026-04,1.3530881647192603,-0.7919797087447799,1.6923458340778461,0.07588642012123505,2.1673484280865365,0.3547722463526004,QCOM
2016-01,0.0,0.0,-0.33406822287689164,-0.869631738676863,-0.3900797736787832,0.0014996250937266975,TXN
2016-02,0.22777071348075578,0.0,-0.4632211816173046,-0.9555956919033872,-0.597363993454402,0.08310456700773639,TXN
2016-03,0.040338133281070755,0.0,-0.5056825846857886,-1.4632786200286454,-0.6781163186838423,-0.00023041474654372784,TXN
2016-04,-0.25897906644822927,0.0,-0.2776920994279794,-1.033123697642828,-0.3475291606527664,0.062226319428439814,TXN
2016-05,0.4243057186240535,0.0,-0.31770786794948536,-1.0456923749861768,-0.2927272502159527,0.03384682143632012,TXN
2016-06,0.6247456197922753,0.0,-0.24501433656754243,-1.1729532567886871,-0.46348338911921505,0.11941238195173143,TXN
2016-07,1.0797406946127197,0.0,0.9753955018289687,-0.5115424449767143,2.1902285968627524,-0.0029996250468692365,TXN
2016-08,-0.33990964773044574,0.0,-0.6346064124704915,-0.9441974977118596,-0.5271165659497733,0.009025949605114603,TXN
2016-09,0.19542447146615435,0.0,-0.3706435981591807,-1.1903105738939044,-0.3034627607870976,0.009690644800596449,TXN
2016-10,0.26266782330513533,0.0,-0.258736764507907,-1.0131811538008941,-0.13056019202912444,0.0511258767072722,TXN
2016-11,-0.06312796911238946,0.0,-0.6507581396882854,-1.0325280384479636,-0.5177678144841252,-0.012993854258121162,TXN
2016-12,-0.8860778051541958,0.0,0.2956305558543351,-1.0962719818459672,-0.4446212944551346,0.04180750756093232,TXN
2017-01,0.30921275821685507,0.0,0.24365118251468912,-0.7418656582267116,-0.3285563166843254,0.014344262295082011,TXN
2017-02,-0.45828063071858743,0.1632969053920914,-0.7035126667327788,-1.0222319834743052,-0.7073032365932129,0.051346801346801474,TXN
2017-03,0.7784986483829268,0.034266484863223416,-0.24221243514434757,-1.015478331082261,-0.25749437856821755,-0.011048839071257088,TXN
2017-04,-0.4667651387031085,0.14187152324958824,0.13494854271196666,-0.8361383245064327,-0.3325510955639979,0.04177461139896388,TXN
2017-05,0.3247893389479365,0.21245551744929195,-0.0018925540018196328,-1.073738480531538,-0.37481322580781623,-0.0674541498290333,TXN
2017-06,-1.3268587380861656,0.26595787289689143,0.28249545665957837,-1.0818208389893191,-0.24147520976037107,0.06433333333333335,TXN
2017-07,0.6614234498126618,-0.14200767236614104,-0.21414540625064152,-0.9532532637243859,-0.2899480130749618,0.017694957720012505,TXN
2017-08,0.30631302078048345,-0.23406688032179923,-0.031148433245986554,-1.0540552687211562,-0.32784505515317647,0.08232035697799667,TXN
2017-09,0.8762287931547534,-0.12592614852225598,-0.28918695949244294,-1.043247093960494,0.18034177693327677,0.0855843048052316,TXN
2017-10,0.7052090581282584,0.02738596579787365,-0.8337579989273369,-1.0309146073944708,-0.49443593699478694,0.0061550550026192585,TXN
2017-11,-0.5256230277032929,0.1478731697546986,-0.42961347654593757,-1.0936754800217028,-0.6350941248047425,0.0735389821684238,TXN
2017-12,1.4383478673326144,0.08568564870602455,-0.7889162173977259,-0.8098804121528477,-0.3813009367610748,0.05589233753637246,TXN
2018-01,-0.2392288778855923,0.637016276862817,1.8921927330617194,-0.3859510801342562,0.8518246272408007,-0.012056493282810887,TXN
2018-02,0.37504193005397124,0.3796923119789979,-0.1475237030539659,-0.6569770175379938,-0.2874146162041875,-0.04114365411436549,TXN
2018-03,-0.11031009178295251,0.4753969916483527,0.3696989836993923,-0.7856580585027276,1.0263739651679413,-0.023636363636363678,TXN
2018-04,-0.6035270025588001,0.34137627364524675,0.4640977142937221,-0.6569584396396104,0.40051128994673374,0.10999379267535692,TXN
2018-05,1.0806224503011335,0.2974116275797074,-0.5970660130088455,-0.8621727244842495,-0.32616805555058564,-0.014875293591320893,TXN
2018-06,-0.3186949164624785,0.5023145137603099,-0.10103634183817704,-0.9136085470833286,-0.14197269081262961,0.015326975476839255,TXN
2018-07,-0.3312125959918459,0.7347029284528541,-0.2437776012655353,-0.7809870338707053,0.34124246182360735,0.009728279100972737,TXN
2018-08,-0.37138629457605815,0.6593976131659962,0.2639101765578398,-0.6916717384190368,-0.20550971196759313,-0.04540420819490576,TXN
2018-09,-0.931179504105777,0.37337096966948824,0.04221574222579054,-0.4886511989160711,-0.12633354340922545,-0.12726218097447795,TXN
2018-10,-0.5824429902044862,-0.09191573087936057,0.10820873533589251,-0.3518097421853206,-0.0772848740608296,0.0755017944968761,TXN
2018-11,0.6677050668810567,-0.5958913846742053,0.16175763327259915,-0.6811014655861175,0.5520196269875186,-0.05351625262637494,TXN
2018-12,0.5324203166037965,-0.188798688936541,0.3435192636277566,-0.7711357570409687,0.17931309716634872,0.07351788978845653,TXN
2019-01,-0.1211407020001151,-0.2909735492538488,0.6332090577406799,-0.5043142925103195,0.6416254301529382,0.050602116530835906,TXN
2019-02,0.31344389347480606,-0.25389946250028256,0.37225394887785646,-0.7089509281392066,1.3705975710934546,0.0027787426189649356,TXN
2019-03,-0.28481885888106,-0.30191633019092834,0.14238763630978052,-0.8798859323964884,0.3259579324331907,0.11084170419120198,TXN
2019-04,0.687587106425175,-0.3097809204245635,-0.32377351931472614,-0.5912992231540198,-0.2612202051717434,-0.1089283858226795,TXN
2019-05,-0.40585190594510767,0.06911179856905726,0.22778659810614557,-0.7466091316399457,-0.14699075011637863,0.10019829697888705,TXN
2019-06,0.3461529158950336,-0.3456987951661153,0.3296024413300353,-0.8777756326046227,0.15085801540064867,0.09573791348600502,TXN
2019-07,1.5134577158204665,-0.20881598470267315,1.0818225412592395,-0.5097313950860297,2.5557403878217153,-0.010062893081760893,TXN
2019-08,0.24553765078714787,0.25191475634258786,0.07354605150631568,-0.6427514438189872,-0.19784956384757213,0.044374938911152295,TXN
2019-09,0.44274472021318045,0.4087138295779122,-0.3080155893693632,-0.8219091611402627,-0.34627054866941304,-0.08020589611605045,TXN
2019-10,-1.6048989788512287,1.0187845422086395,0.7340111460341705,-0.44075692606564215,-0.5270776541662129,0.018823768823768683,TXN
2019-11,-0.5438170874405136,0.814458584283016,-0.1937125270745533,-0.6818762939354307,-0.2075955472125564,0.067212623589334,TXN
2019-12,0.5807885799464986,0.2805519847053412,-0.07526376267800099,-0.7966409162481441,-0.18293044574450618,-0.05277933745087027,TXN
2020-01,-0.5695640637337895,0.2316129487836118,0.15475935460545232,-0.6032034899263602,-0.45532310168504897,-0.053941908713692865,TXN
2020-02,0.4728475854962789,-0.04961539496635642,0.3098211621696114,-0.8088954360149361,0.6126454855374772,-0.12447786131996663,TXN
2020-03,0.11028361717894197,-0.0036456965646283076,-0.3471059991222288,-0.7006945721385233,-0.1110459009470342,0.16149809160305328,TXN
2020-04,0.34752766799431234,0.06975421595035206,-0.05931246227256378,-0.6780676674449324,0.21425540218677308,0.03090983774902445,TXN
2020-05,-0.25614374305240056,-0.0558820160927926,0.07288822548791937,-0.9515398513186639,0.10924724321972275,0.06932961450343655,TXN
2020-06,0.6649496828184,-0.0433594298302634,-0.5832742374805645,-0.7502846523927208,-0.09995455353439632,0.011551001397298588,TXN
2020-07,-0.29375739868922307,0.0036340254607133866,-0.4626260354889232,-0.5612423718369292,-0.5423552780133792,0.11446726217883785,TXN
2020-08,0.25058253727327684,-0.1830642216160515,-0.7887308317487809,-0.7307979374347324,-0.5618545163446881,0.004462072384729954,TXN
2020-09,0.6813507885454838,-0.15604990401513105,-0.21632968665402075,-0.702483925229939,-0.5094352174565132,0.01990786442908843,TXN
2020-10,0.7209032476856732,-0.15140525523466677,-0.17794188368813696,-0.6266798453961236,-0.3244231097218085,0.11526052589127289,TXN
2020-11,-0.3667074551974764,0.09977064398788663,-0.7412781609315773,-0.8620123871668381,-0.8826610421945615,0.017863600202502328,TXN
2020-12,-0.4635538203252598,0.06408413897033073,-0.6583500068286138,-0.6927186340766502,-0.32605101858303875,0.0155606082137274,TXN
2021-01,0.6046197570864428,-0.0009974247583177183,-0.18170343117141208,-0.6454755552507638,-0.16636978458612606,0.03973973273630449,TXN
2021-02,-0.1379070105043399,0.22995471374707768,1.0230184414974788,-0.5927604883265531,0.32775315724000625,0.09703250117757878,TXN
2021-03,0.7911267058725159,0.29631778338228854,0.7287357180891701,-0.6271277270664429,0.5451258439109945,-0.039563270563699904,TXN
2021-04,-1.5170812343805273,0.3554844534344106,0.5999760460556011,-0.4945831925529036,-0.4030480919557181,0.051603014433516226,TXN
2021-05,0.645639876280163,0.12408968058428378,0.3322926146073025,-0.5180117437303978,-0.27753032753770096,0.013057208793878283,TXN
2021-06,-0.0931350941198938,0.3190849181882694,-0.21462784368119586,-0.8306063741818713,-0.300040369736985,-0.0032372159942448686,TXN
2021-07,-0.33836016394842716,0.1625282689669303,0.5151336389811783,-0.5776623930250937,0.32852949772996404,0.0015035785168702187,TXN
2021-08,-0.4584248298693071,0.24351231379768176,-0.6220195184124034,-0.6990258519497244,-0.7169896848603807,0.006846024501561354,TXN
2021-09,0.6012210814228,-0.01969175938696113,-0.48955569745525107,-0.843964093384856,-0.4936790832310688,-0.018609089824645153,TXN
2021-10,-0.9390003616073545,-0.05365094543273929,0.4875691052238216,-0.6328642827018094,-0.2580105802966998,0.0260726874924031,TXN
2021-11,0.29085436340346477,-0.5035083279259563,-0.48000979135134864,-0.5880230738258211,-0.1235177211246481,-0.020257063318130708,TXN
2021-12,-0.7969586339498045,-0.3048387844826981,-0.538129870795059,-0.5921580293703046,-0.6431662162467721,-0.04135179251556742,TXN
2022-01,-0.19259180349300734,-0.44592012435410067,-0.1375781781731379,-0.539701680227133,-0.7160242916725504,-0.05297345021126321,TXN
2022-02,-0.2884453006202838,-0.6271415764829782,0.41056951811352865,-0.42021786852277143,-0.23281142328345794,0.07937670639941419,TXN
2022-03,0.8719219650146802,-0.6852089397172253,-0.4117778484616126,-0.6407890112761949,-0.5003186574517593,-0.07212042692331422,TXN
2022-04,0.1560467560219992,-0.5363592245326867,-0.4455301043816172,-0.44547468133702633,-0.07160141429982128,0.04534574468085095,TXN
2022-05,0.3254832604105583,-0.19237101993185446,-0.6927061296764968,-0.4618268737318496,-0.3225375260930539,-0.1307721663910444,TXN
2022-06,-0.5203150665192275,-0.1997792056208793,-0.7254119827734892,-0.4878384163571854,-0.6700040526584021,0.1719596077857457,TXN
2022-07,0.9679285720085988,-0.3259510975453589,0.1050827860385547,-0.29669489976025126,0.7781940289455953,-0.07642357642357644,TXN
2022-08,-0.7463317584880516,0.0019259617208112782,0.3417271205474317,-0.3503615852783302,0.04334966989613088,-0.06314223904813399,TXN
2022-09,0.5354965200622309,-0.09494201640454772,-0.5518581218505041,-0.3392802230906597,-1.0771673577608962,0.04611054986289487,TXN
2022-10,-0.5391551328544465,-0.09264067043279724,-0.04919622891530746,-0.22261311891420835,-0.5680116100455321,0.12340484238118243,TXN
2022-11,0.5673343300827961,-0.04217905478726451,0.07054136011296297,-0.33839857162685943,-0.05959831979851015,-0.08442834336239713,TXN
2022-12,-0.45744231707419103,-0.02195600652968041,-0.3112705796741521,-0.48026070838255536,-0.2362957924989885,0.08020924149956388,TXN
2023-01,-0.0022403009457958537,0.03551631812474634,0.032556057393629934,-0.34359023147661905,0.35034184661396023,-0.03247035450425273,TXN
2023-02,-0.10488176166846915,0.3027777608995271,-0.1331801798526635,-0.3407154552443217,-0.2201217629157039,0.08489476386036965,TXN
2023-03,0.5442457091521216,0.439601407002051,-0.5778171789970167,-0.4999846565930552,-0.592651578215153,-0.10114153900751166,TXN
2023-04,-1.9973237275031095,0.519085539453529,-0.3059412804364919,-0.43525439734513455,-0.996427313485741,0.047969994077778466,TXN
2023-05,0.3867537409107769,-0.2778664253526797,-0.12235960543125789,-0.3983762057060014,0.009302113888150694,0.03535099836744937,TXN
2023-06,-0.38451734148869887,-0.17485056409037572,0.4336069855761389,-0.4996013513297852,0.7501930624486821,0.00691370004245262,TXN
2023-07,-0.6600132157956563,-0.10840963649140399,0.5115018302440423,-0.30474009858217715,-0.23968071890903683,-0.0663735469493466,TXN
2023-08,-0.974104149189679,-0.48389536870268235,0.03598959198591378,-0.3654525782908099,-0.13038750380140376,-0.053802980452874016,TXN
2023-09,-0.26026790894244684,-0.4436208296227571,-0.5970541040079489,-0.616821090286722,-0.7804715395520216,-0.09872502897661406,TXN
2023-10,-1.3097226081122075,-0.5637285404889126,-0.746301351549418,-0.4660925156327567,-0.7251037316559514,0.07534609274529092,TXN
2023-11,-0.289572401230349,-0.5615126731833205,0.07559921917542153,-0.4352181345085551,-0.37486065646638494,0.11621526556454431,TXN
2023-12,0.9034253455905037,-0.7634269018437191,0.02860537726913313,-0.5229145316651471,0.3991424807416392,-0.053255183714627785,TXN
2024-01,-0.8475557160222797,-0.5260448884788255,0.1004137138941628,-0.3330230475519972,0.3379310551475767,0.04506723472240726,TXN
2024-02,0.011012550101883007,-0.706087200112546,-0.34324234150173255,-0.7014502674630358,-0.29488264644435846,0.04108541945346822,TXN
2024-03,0.012965578513301223,-0.6716387399232174,-0.006508166818001262,-0.5077761284694505,-0.14986695064084127,0.012665198237885367,TXN
2024-04,0.8050085836737488,-0.9127074667804355,0.4077184148999691,-0.4582422493219141,1.0526738554814292,0.1134070448915474,TXN
2024-05,1.1395219379205244,-0.4469769170981298,-0.2918185470723412,-0.2909213313484718,-0.47111216646197945,-0.002441936184067628,TXN
2024-06,-0.374183169588826,-0.3981321700557096,-0.653956451377519,-0.5154190141064093,-0.6640869427422277,0.05450688135777604,TXN
2024-07,0.451018871815685,-0.394695415057104,-0.11280080073615993,-0.3991573982722528,-0.23981289908751097,0.05168945060613872,TXN
2024-08,0.5031913575361658,-0.16441944149325743,0.5433490617692618,-0.2349621365530486,0.37527639669489093,-0.03624858978760981,TXN
2024-09,-1.0166348267958254,0.16315639203491125,0.5242832116408931,-0.3887451934420488,-0.048427493027550464,-0.010026465798045558,TXN
2024-10,-0.08497058197022249,-0.05478077084426954,0.32818024913330723,-0.3327936630784505,0.12152772350870888,-0.010487892653333941,TXN
2024-11,-0.9934467292723524,0.19730542629228168,0.39292714970884984,-0.29321608323398596,0.3849457646677104,-0.06728321296825468,TXN
2024-12,-0.35465932248528803,0.0037222290108668314,-0.5326973528548739,-0.5354219098142772,-0.3737361415868112,-0.008188502673796783,TXN
2025-01,-0.8163270361453518,-0.29472723911513177,0.7559131157457321,-0.3043643106314785,-0.6617331705321231,0.061668070766638605,TXN
2025-02,0.7597396620839427,-0.25806733173735497,0.41346654487017076,-0.4782511561700033,0.9947369306465662,-0.0831085012960906,TXN
2025-03,-0.4896013099026768,-0.021812098961841126,-0.1815773321145435,-0.588397624826705,0.03085741148480432,-0.10177705977382867,TXN
2025-04,-0.9353059989336369,-0.1510314258059157,1.206626176515229,-0.2152031737826315,1.2733265738842814,0.1424717368961974,TXN
2025-05,0.8393650320937479,-0.6257728230005554,1.2219133517341358,-0.27335857850797923,2.1437991647580117,0.1354998313280107,TXN
2025-06,0.8634074561765779,-0.6112978502077101,-0.17053136409799152,-0.4927830015018648,0.0723748248064639,-0.12165775401069534,TXN
2025-07,-1.6540283228864714,-0.3079079330087692,2.509984436122006,-0.2270489704460339,-0.349750796582256,0.11832685044252789,TXN
2025-08,1.220004516773188,-0.867816961446588,-0.07440958095356379,-0.45582144601284946,0.9754967818023422,-0.09260006048996883,TXN
2025-09,-1.2039858439157123,-0.8371488534567751,-0.1311487341713183,-0.37778099785734637,-0.4481330612206157,-0.11338258985611904,TXN
2025-10,-1.2231548340776437,-0.9657970190608752,0.2298767457169072,-0.30887044960062,-0.5643216900562492,0.042167919799498854,TXN
2025-11,0.6006842856813014,-1.203174191404166,-0.012189922228911883,-0.5224555792331566,0.2031317450999514,0.03102266578488555,TXN
2025-12,0.2602865205640769,-0.8438439326990413,0.0768810176727549,-0.5620540955454791,0.38959575660270196,0.2505685462709195,TXN
2026-01,1.8882496690866393,-0.6878875517343735,1.1188586314278304,-0.4022648741001851,2.3122386543685987,-0.01594702974913742,TXN
2026-02,-0.18315469632066037,-0.05034636533098876,-0.5551126238562931,-0.3405487350638359,0.14619558090151796,-0.08472327520849121,TXN
2026-03,-0.6449838401916668,-0.2170340309335066,0.2513765683197885,-0.632311388355495,0.36355078190892953,0.44781528266721904,TXN
2026-04,1.6028619220991525,-0.25662640870317205,2.0505306818596267,-0.14138063164580641,3.175005904744417,0.12976471429593062,TXN
2016-01,0.0,0.0,0.3720011210624904,0.003557260879729699,0.40065982952614254,0.0019588638589618235,AVGO
2016-02,0.2374343091553932,0.0,0.8829594932899553,-0.36687929049339163,0.22138821728089625,0.15738025415444756,AVGO
2016-03,1.3715961790375018,0.0,0.7856956935357323,-0.15795010245522115,1.7269579026880364,-0.05658783783783783,AVGO
2016-04,-1.104353933647706,0.0,-0.01219297115545402,-0.6788026079227327,-0.14122212417294175,0.05908683974932849,AVGO
2016-05,0.38102226712769377,0.0,0.06950439802456371,-0.9145594901583296,-0.06315696906037165,0.009298393913778513,AVGO
2016-06,0.19992840911158133,0.0,0.8155617707904677,-0.3439781983795538,1.0819669550164701,0.04271356783919589,AVGO
2016-07,-0.11537232231618179,0.0,0.21472266933403278,-1.0143150840523116,-0.08959457367914285,0.08835341365461868,AVGO
2016-08,1.3755333414935687,0.0,0.04955805794348222,-0.6332978702109592,-0.08916214410004454,-0.019188191881918892,AVGO
2016-09,-0.4093335178171858,0.0,0.835653979696331,-0.1769240984346614,0.11088201347353356,-0.012791572610985735,AVGO
2016-10,-0.12792586890038402,0.0,0.09244498970598423,-1.0180158990875898,-0.07240689582461482,0.0007621951219514145,AVGO
2016-11,-0.6087692246966216,0.0,0.13445497994602967,-0.8770385919216358,-0.3441753975063569,0.04341203351104328,AVGO
2016-12,0.20141174726482625,0.0,0.9160068044713731,-0.3753721061520565,1.1066587678974416,0.12773722627737216,AVGO
2017-01,1.6819713456293746,0.0,0.9380148576314946,-0.25751980423684406,1.1899352269378005,0.0576051779935276,AVGO
2017-02,0.2394602279012817,0.24624731175344708,-0.15032472755493756,-0.6061573651431074,-0.17708548094271775,0.04345165238678095,AVGO
2017-03,0.6159107015437647,0.17938259231851209,-0.0430886742075188,-0.22084023901682084,-0.27109227326317753,0.008211143695014744,AVGO
2017-04,-0.03217208073494126,0.1436407658966175,0.47883157879035354,-0.8041547924807084,-0.11520692090631958,0.08435136707388002,AVGO
2017-05,0.9125335406522765,0.459640954987895,0.3145243165739204,-0.42717464907939184,0.19022375534123517,-0.022532188841201783,AVGO
2017-06,-0.5330278844169343,0.7428544848549422,1.996790651742232,0.16967371015487293,2.5994899487137184,0.05872667398463238,AVGO
2017-07,0.564768676632092,0.5410095071034864,-0.047649392446487054,-0.47055976773731867,-0.21221649029106301,0.021772939346812015,AVGO
2017-08,0.3995374478712581,0.7550521797709409,1.5666990171218818,0.020670825610813258,0.5505022868340439,-0.03450025367833587,AVGO
2017-09,-1.1551663139422432,0.5768596650420977,-0.033414149768072075,-0.23424210747236554,-0.6200506219669254,0.08828166053599573,AVGO
2017-10,0.7417772232761853,0.396641581483957,0.13940251460984363,-0.40025233670319665,0.2402159770527174,0.05311443746982114,AVGO
2017-11,0.2793058536613463,0.6158783676049571,1.2617474338585317,0.2818332078897955,1.1960669547437601,-0.06923429619440613,AVGO
2017-12,-2.1439038640721324,1.1654528582278514,0.38475891639456244,0.06297128045335991,-0.02821318659199776,-0.03497536945812807,AVGO
2018-01,-1.3070045400897319,0.6919814762178937,0.6680689221193516,-0.15452088665506986,0.1768805548000123,-0.006125574272588086,AVGO
2018-02,0.4734572438563206,-0.3426528109293644,0.22651572933984135,-0.3398558361927711,1.299129664324973,-0.02978941961992798,AVGO
2018-03,0.09120119623043535,-0.2618646836590816,0.7763110121394574,0.12376493916442421,-0.02834714401069689,-0.026469031233456897,AVGO
2018-04,-0.6547325448633001,-0.3522900527581864,0.3731961725163059,-0.19217314928472062,0.10186283856307647,0.09896682979880378,AVGO
2018-05,0.9189189637766118,-0.47513939632428376,-0.09682392682436738,-0.18050046401304942,-0.051492522254430656,-0.025235032162295945,AVGO
2018-06,-0.49562419602169705,-0.49615257667239737,-0.032703595035826476,-0.08451242873557725,-0.5417275377864454,-0.08578680203045674,AVGO
2018-07,-1.973277653305154,-0.46828608273294786,2.856111216875337,0.8546771053240809,0.5450165385416967,-0.012215435868961788,AVGO
2018-08,-0.6851517134807477,-1.169382291967278,0.14536093813083023,-0.26601639652538356,-0.3707700200113923,0.13434513771781909,AVGO
2018-09,2.06311878383935,-1.239492423533962,1.331417834304079,0.24145323570139393,2.8048634822340337,-0.09365708622398417,AVGO
2018-10,-0.252692759733362,-0.5901374036629145,0.0584029694035077,-0.6121840664169205,0.11323060476887865,0.061782394751230374,AVGO
2018-11,0.5046953128524435,-1.067351034207443,0.6125624346197981,-0.5333064330944685,0.21828268272662382,0.08290422245108142,AVGO
2018-12,3.2005147259213436,-0.8797377227764522,0.3473959927780231,0.040784057861109065,0.3062794676775641,0.05515929624346172,AVGO
2019-01,-0.31907513738881305,0.18000802140286987,0.5194108328744745,-0.21358393545228066,-0.20958081927381758,0.02613789995493465,AVGO
2019-02,-0.23558044523800664,0.666904337654665,0.3467397169161466,-0.5449306904795476,-0.41044177870067156,0.1018884497145367,AVGO
2019-03,1.6519596412836501,0.44757880216311635,1.2359510286289235,-0.00666956881051694,2.7737532011835233,0.05898764447987248,AVGO
2019-04,0.1136274076155206,0.742522139675312,-0.5153500441018163,-0.5459283048491441,-0.25638323935172735,-0.20963492660895744,AVGO
2019-05,-1.8913455041764549,0.9673060048932135,0.7118147211365234,-0.12656630789731552,0.3863914789758808,0.15476190476190466,AVGO
2019-06,1.4140624062269738,-0.029235446843896,0.8912186684115215,0.11490289902632944,0.56418197067438,0.007422680412371152,AVGO
2019-07,-0.1926397915007464,0.43114691165721186,1.0461597067622628,-0.3003800726027774,0.8403380315704937,-0.025378632828489622,AVGO
2019-08,0.014149747067658324,1.1495839669945456,0.5155731546802758,-0.6505506247965577,-0.21323888054425802,-0.014279714405711852,AVGO
2019-09,-0.6619234656664654,1.2936937176681385,0.6051670582735076,-0.25022130552122285,0.26211167902857957,0.06092884533446963,AVGO
2019-10,0.4218114622622313,0.6247899034825124,-0.01147151594328908,-0.6498124609142318,-0.11883312124198413,0.07951807228915664,AVGO
2019-11,0.6444394405226682,1.1052391068449605,0.29582861704748137,-0.41548091506035606,0.07823689022523739,0.009300595238095344,AVGO
2019-12,-0.48428886935642024,1.0595106678435162,1.0653502270795026,-0.15956598369997563,0.08213536811811446,-0.03427939550313308,AVGO
2020-01,-0.3807989599508049,-0.19582829837759508,0.829871459417135,-0.30718120807670957,0.0171352261821888,-0.10648854961832055,AVGO
2020-02,-0.43944288478079474,-0.24065621923010522,-0.18162951903746638,-0.6151216381375174,-0.4123050449963121,-0.11576249466040156,AVGO
2020-03,0.18530457326738126,-0.2981891130280124,0.7692208460028124,-0.5239228807403834,0.4126964838453948,0.14589371980676336,AVGO
2020-04,0.17544833490786238,-0.4527104721253114,-0.068581962880447,-0.6027885694269793,-0.2013918876177922,0.07251264755480613,AVGO
2020-05,0.47520786416183775,-0.3582476599780692,-0.2076802444906407,-0.8266505942368595,-0.1359216698083265,0.09433962264150941,AVGO
2020-06,1.0002728132660337,0.028919658941048712,-0.1702014972836595,-0.39461695881200576,-0.20828467097973277,0.0039511494252872925,AVGO
2020-07,-0.3714645408107306,0.02036866853774916,-0.6773904644278662,-0.6774259709647038,-0.7792441435904108,0.09588550983899813,AVGO
2020-08,0.08868490171914173,-0.05885830931105769,-0.6007587429687293,-0.6849591126779778,-0.3704910799804666,0.05876591576885404,AVGO
2020-09,1.6131924972603815,-0.08115217511979475,0.4282066896161548,-0.343296814327832,0.2702526276850415,-0.04039469626888681,AVGO
2020-10,-0.20387745711098057,0.06512326410203409,-0.5456461082861656,-0.6721129844043077,-0.5533124267700653,0.14877892030848328,AVGO
2020-11,-0.06964845645370686,0.08465599705181585,-0.6188430201712939,-0.8570934433044405,-0.5950879185035225,0.09958041958041974,AVGO
2020-12,0.816779820890598,0.015229413294532217,-0.042661336911003093,-0.4769833625138037,-0.24497126737265576,0.028745866191808522,AVGO
2021-01,0.8514393927481838,0.12975864903043755,-0.3419497535411221,-0.7037557016485648,-0.03687619414602657,0.04302670623145399,AVGO
2021-02,-0.10515704998920257,0.4154845496043604,0.5829872854361989,-0.5477907008939197,0.026034870755529908,-0.0054528212422948474,AVGO
2021-03,-0.9270014664180872,0.745701296137566,1.5633012931067891,-0.09660059042905128,0.4860157029473041,-0.016209773539928474,AVGO
2021-04,-1.057821157831711,0.474517695788377,0.2260391974193387,-0.3769538180840369,-0.3290558963876861,0.03537678701235758,AVGO
2021-05,0.30249185334014095,0.395478844555649,0.7859881415766724,-0.5841711079008175,0.16794138191682959,0.017318043529136462,AVGO
2021-06,-0.022038067649742015,0.4134772810839578,-0.06832504752735721,-0.5420349581584654,-0.2571042696626873,0.01794340924775706,AVGO
2021-07,0.056147527134656885,0.1839689642274603,-0.5090084267581412,-0.6001073924568072,-0.5457063631869985,0.02440677966101701,AVGO
2021-08,0.01879072532636436,0.41777171184236994,-0.5927019912968557,-0.6747310670942589,-0.3867078481548944,-0.017427752040591216,AVGO
2021-09,0.19519741872444557,0.3371814155921088,-0.5914143958684837,-0.4459275420447489,-0.3453714399530583,0.09631791647956889,AVGO
2021-10,0.35884137375266995,-0.07141632093743283,-0.3174705249206874,-0.5091298528715889,-0.4091514317025784,0.04136801146835967,AVGO
2021-11,0.43943431938796407,0.07570551051616213,-0.3219904064291646,-0.48475270764324213,-0.12715308075152962,0.20943952802359878,AVGO
2021-12,2.3905604263460374,0.3587742928364263,0.7677310232646849,0.08399680131551769,1.735164573327452,-0.11934959349593499,AVGO
2022-01,-0.953768922695004,1.0188463880008907,0.5087980146571449,-0.0782244741916846,0.12148221068975311,0.002400295420974974,AVGO
2022-02,0.5270317398137074,0.1943775903166623,0.12130262197405953,-0.24299414307666392,0.035591584190660434,0.07938846933136867,AVGO
2022-03,0.8720827988300588,0.4259502906561187,0.12278764854838438,-0.18403049624512893,0.09227388477452596,-0.11962457337883958,AVGO
2022-04,-0.31856451216764553,0.8446046145260991,-0.08505546049571373,-0.21944427814962456,-0.21579382828745095,0.04652064353556895,AVGO
2022-05,0.34070021951817153,0.852198923134259,0.6274164281654272,0.019550431057426064,0.8070472309296969,-0.15558436747545834,AVGO
2022-06,-0.8552398685671937,0.8503133389435518,-0.46045750402580576,-0.18972471580672767,-0.9986441799170531,0.10221539811362135,AVGO
2022-07,0.15104502930226826,0.5779750951744442,-0.5184778681908415,-0.19011211714939075,-0.46974159121561193,-0.06805970149253737,AVGO
2022-08,-0.6011174919468691,0.6460852203193485,0.8297490864413701,-0.17855978741088846,0.15895544991314747,-0.1029254751227846,AVGO
2022-09,-0.05907023557190107,0.39873163882933366,-0.4153116276619216,0.05217007482666329,-0.7715208471272296,0.058795524875029814,AVGO
2022-10,-0.43240003746899164,0.35069995570727625,0.1680915844577072,-0.2174999682222357,0.010243611083516638,0.17221223021582754,AVGO
2022-11,1.1823147304114043,0.05468650434644255,0.4688447587893904,-0.15075113388291064,0.5724756963472627,0.023014959723820505,AVGO
2022-12,1.0476188872620675,0.1579997860774903,0.1921068533066387,0.167980202224791,0.19951740666312442,0.04630671166104228,AVGO
2023-01,-0.31734848689791206,-0.07089693051848889,-0.03342397210903164,-0.015169176308635221,0.8428317770646816,0.01594696290987274,AVGO
2023-02,0.6479837214650518,0.36999596721979544,-0.22152482889138528,-0.04871529643560026,-0.14065667068505522,0.08712522045855375,AVGO
2023-03,0.5652694156689506,0.47389778363563406,-0.17731880259059485,0.154846316672485,0.8277488387803761,-0.02336145360155739,AVGO
2023-04,-0.6383847034377399,0.5716078037223071,-0.9240880959337695,-0.11972992705488263,-0.9364513454883059,0.28970099667774085,AVGO
2023-05,2.555448954799405,0.44079523451939967,1.6650455186656443,0.5932939831303886,2.184717989729204,0.07934054611025232,AVGO
2023-06,0.3726922021203066,1.383914735273472,1.2706525312832924,0.7084407885482122,1.9253359682890012,0.03603818615751786,AVGO
2023-07,-0.1675828022291991,1.591068424115494,-0.17005806486684216,0.46708924520857553,-0.0903972334167068,0.026952315134761706,AVGO
2023-08,0.9534503058830729,1.667581096805829,1.4044465491179532,0.4622162065394808,1.0345500398102354,-0.09510991475998198,AVGO
2023-09,-1.186108414376524,1.7779464507627,0.992457974890035,0.5081258553567396,0.20195601725442378,0.013014377788795217,AVGO
2023-10,0.6325909727736422,1.4219810195759228,0.4275358404214357,0.3634608014388474,0.07736671983133785,0.10020800195766544,AVGO
2023-11,0.043186449472629285,1.524555251952504,0.8636203809681046,0.7510919767970518,0.6984984768404978,0.21141014234875444,AVGO
2023-12,2.339738496383286,1.3990503973017747,1.7363717654842417,1.20546881668297,2.722556672073685,0.0571008904801249,AVGO
2024-01,0.5117387057394504,1.4507474591425102,0.8721589183593592,0.7130784632959112,1.2708713140643717,0.10212765957446801,AVGO
2024-02,0.8109939295709648,1.9264847642012513,0.5548793555114797,0.6925485621933902,0.7713292964762847,0.023481207154676387,AVGO
2024-03,-0.23978059783523076,1.8921364029392036,2.2838399646779823,1.1695876175592497,1.831173942038784,-0.018939102317345302,AVGO
2024-04,0.3399930727259356,1.911978092239682,1.0472933814429812,0.7160342656225169,0.6027811504955323,0.021658950011771205,AVGO
2024-05,-0.19551907200256377,2.216181191592592,0.8108177260666245,0.8249614444063045,0.4840268027434852,0.21238190337199492,AVGO
2024-06,2.79375473436666,1.1172248906848647,2.7883663607331433,1.6358746570925704,3.317355057459795,0.000823618854536301,AVGO
2024-07,-0.2825590372367424,1.7551848183868388,2.2527026763707756,1.2799060908260376,2.2712024868129377,0.013293663353801222,AVGO
2024-08,-0.049889682364440295,2.057248387408787,1.4397024597077193,0.9513736121222025,0.9683172410344979,0.06290997688511268,AVGO
2024-09,0.5861247854102001,1.6875880748773915,2.604622724987458,1.3005665473322772,1.3219786423830382,-0.015810508992594285,AVGO
2024-10,-0.18767591273599218,2.0372991683873147,0.9547590000477078,0.9111673412323714,0.18614110987497096,-0.04532696327261854,AVGO
2024-11,-1.433901869528136,1.6243084835415809,-0.0604039886871447,0.6743018161308992,-0.5517238386842885,0.43425497310146377,AVGO
2024-12,5.188319947401002,1.1308122458522514,4.933280024743291,1.7556219280573673,6.516359517472946,-0.045577459874389326,AVGO
2025-01,-1.3683376714190927,2.3917746929615853,2.713511531830968,1.418527470157763,0.05723887404105049,-0.09870675867111467,AVGO
2025-02,-1.2066743080257003,1.7300651384089434,1.7493779695665543,1.036852609024286,0.9232921168674142,-0.15793743345332845,AVGO
2025-03,-1.657164006626809,1.1561104097179307,1.712385992558894,1.2632247308177975,2.116112915292013,0.14956647398843925,AVGO
2025-04,2.336512366948168,0.7392021321629659,1.5199954750995324,1.0312416635436032,1.7609345451768543,0.2576995600251415,AVGO
2025-05,2.0805827427024446,1.3611650477097939,0.39441474022708295,0.8812740976011093,1.0035323567273084,0.14142928535732135,AVGO
2025-06,0.9338435026379843,2.279054004026294,0.8940822022340189,1.2461877205345593,0.23220263710199426,0.06545534150612964,AVGO
2025-07,0.7876992087224073,1.8439145720303447,0.5022467833384059,0.9640647659175668,-0.4595459886625909,0.01256763235394831,AVGO
2025-08,-0.4621069262753353,2.2608245968903513,0.7822717792819541,1.0639053143720896,-0.13232451289700986,0.11126517636714128,AVGO
2025-09,0.7752632890299741,2.4947201602129603,1.484558520307599,1.5048550732325918,1.098812891186015,0.12039319516722968,AVGO
2025-10,0.8793661509584957,2.477450478444212,1.284636890339596,1.1842183729771092,1.464576578652421,0.09018063289420075,AVGO
2025-11,1.3013700070145542,2.759655850588419,1.8965161153928416,1.2009748293415536,3.54462781272203,-0.1394543415971098,AVGO
2025-12,-2.5118587108999093,3.7847727713779404,2.5086222078640996,1.854770683171803,-0.13906735287060837,-0.0427644912849614,AVGO
2026-01,-0.7144652357756086,0.7250681283502733,0.21961472433854967,1.2163387894041904,-0.19100962684907286,-0.03547987054233093,AVGO
2026-02,-0.4172789153640736,0.5213450068389816,0.5158547272460362,1.1372201457081368,1.4109760819552322,-0.02938409433015554,AVGO
2026-03,0.2289823136065081,0.7439998492352828,1.0765175783332857,1.3907000562175542,1.1344389948484237,0.34868017188459177,AVGO
2026-04,1.1386802589096447,1.3069044361661333,0.23538421267693574,1.2620735753394023,0.08778903990509286,0.021919842847902604,AVGO
2016-01,0.0,0.0,2.6356989465598017,-0.7100832985965154,2.373564420503682,-0.036245353159851335,MU
2016-02,-0.5664832480806353,0.0,1.5608206596918983,-1.1159275215805156,1.6470763269008115,-0.015429122468659462,MU
2016-03,-1.7257009561240542,0.0,2.483948619036961,-0.9186143390372871,1.142109523096721,0.026444662095984395,MU
2016-04,0.14115348586450346,0.0,1.4373685837931218,-0.8271580990436109,0.8136000530072283,0.18416030534351147,MU
2016-05,2.1053880330688326,0.0,2.6822140932222873,-0.6876665084047592,1.9223156612493215,0.08138597904915379,MU
2016-06,1.447423663697507,0.0,2.4790255257087606,-0.4086290831089892,4.192152523519811,-0.0014903129657227732,MU
2016-07,-0.8041526373705924,0.0,3.2455090381571545,-0.3289540778258107,1.3690281061090595,0.19999999999999973,MU
2016-08,3.472052040152446,0.0,2.6895203598948316,-0.2587567823628398,1.2981987536476478,0.07835820895522394,MU
2016-09,1.68153163429841,0.0,1.7569969829550427,-0.2751922194211631,1.3211558871867546,-0.03460207612456756,MU
2016-10,-0.5068495729226845,0.0,0.34050306904111555,-0.24304902025276517,0.005421319603723494,0.13799283154121889,MU
2016-11,0.8779905673487802,0.0,0.3893641174600732,-0.4131019868380802,0.2511629377320038,0.12230971128608914,MU
2016-12,1.7225366454601096,0.0,3.8311503542878462,0.1767292689106541,5.288433839512853,0.09962581852198338,MU
2017-01,1.232881357009618,0.0,1.5466247165593574,-0.22759210751391415,2.0557556802844728,-0.02764780944279044,MU
2017-02,-1.1355567289372628,1.369892870033188,0.6479123146239211,0.0658625549496686,0.07092396917218881,0.23315835520559935,MU
2017-03,4.522616384885119,0.9465142981449888,1.9693040982554997,0.6339895407202654,2.4975497124158736,-0.04256828662646339,MU
2017-04,-1.1779876389886546,2.280571003815354,1.372876099599055,0.28501262081521617,0.527717675832661,0.11189329381252322,MU
2017-05,1.292731784689459,2.6763337062113153,0.9727516758118702,0.2168470822633068,0.34478083882738003,-0.029656781072975646,MU
2017-06,-0.6589289138694607,2.9789864163466633,2.1082980436100422,0.7091741337070251,0.809580273698638,-0.0580357142857143,MU
2017-07,-1.448130886617956,2.189612527651161,1.770449721081334,0.501127658007686,0.8271471287552765,0.13671162960262495,MU
2017-08,3.027085713230072,2.1526716677785664,2.459637893509762,0.40703455664176624,1.8233187563162,0.2302758178319435,MU
2017-09,3.449028212352932,2.040969505783556,2.8479337805093183,1.0523162234376935,4.446448322007671,0.1266944734098019,MU
2017-10,1.262541343835036,2.7768174254869686,1.4490986419464695,1.2971311258950309,1.2550048672366072,-0.04349838037945386,MU
2017-11,-1.3767305614515963,3.392237335668986,2.517880715970848,1.168789896658758,0.3650077418276167,-0.029995162070633796,MU
2017-12,-1.1593747017138243,2.9269676956284387,2.9838094562574726,1.516688752910009,1.2656748396944155,0.06334164588528668,MU
2018-01,-0.15169293779957135,2.19553825402062,2.308558086953086,1.026556354457362,1.132461572546681,0.1163227016885553,MU
2018-02,2.5053152885373082,1.4554883705621071,3.369252998055119,0.8814606132192453,5.274302192762389,0.06827731092436973,MU
2018-03,1.8316578684019102,2.2939564654605307,2.823496932650534,1.84444846224125,3.3497684028308763,-0.11819075712881022,MU
2018-04,-2.3127670846009716,1.9125778983258843,2.932819525373843,1.4696145174681305,0.7241364794115783,0.25267618198037467,MU
2018-05,3.1729700962090996,1.4742393037961907,3.9797064657382366,1.927429651528869,2.472182187252135,-0.08954958162720317,MU
2018-06,-1.5940232361174318,2.078241850319514,1.649842805712628,1.6190606583082077,0.051196769959138834,0.006843957763003505,MU
2018-07,-0.4689749001195341,1.631045556190271,1.080795225297249,1.1531318520072662,0.47297693843077954,-0.005243736647892905,MU
2018-08,-0.5854658521954877,2.5272475326067325,1.3294514313375572,0.9849011885590899,0.4397984860032149,-0.1388129636860601,MU
2018-09,-2.4872000572044812,1.2124227412263862,2.489841983731034,1.1222040922303977,1.0499525486059005,-0.16594876445250506,MU
2018-10,-0.9620553648380193,-0.3200703418526729,0.5594698085262747,0.4543127701070437,0.20864361831790673,0.022288665398205953,MU
2018-11,0.03544277798462759,-1.214821939369973,1.12257625868958,0.1841404768882882,1.1374533460055511,-0.17708056367987235,MU
2018-12,-1.8842348616297162,-0.7975345688663535,1.742946335335237,0.3111594244114257,0.4618195406590234,0.2045234248788368,MU
2019-01,1.291304459300285,-0.9773235445664239,1.614947706584008,0.5025178422716287,0.6330976997014468,0.06947424892703857,MU
2019-02,0.7369710469718158,-0.59376908960111,3.2742438686314737,0.7680126276491853,2.761722471509337,0.011035866566340813,MU
2019-03,-0.12346009188307643,-1.0540097523618674,2.8583116873358607,0.5704153815891769,3.45743073452646,0.017613495410568225,MU
2019-04,-0.3443327650406456,-1.2815605380458341,0.12584037608221982,0.2815955528132943,0.06435029340188642,-0.22476840565577771,MU
2019-05,-2.1145751580549335,-0.9338683859552788,1.3290344447806928,0.2772405235505978,0.43821845744549764,0.18364779874213832,MU
2019-06,1.979412125052106,-1.8943433115445443,3.2549689774881165,0.45142654532704735,4.5408250439027364,0.16312433581296504,MU
2019-07,2.8152468088013483,-1.5470401668657179,1.688489471961097,0.8390692562915469,0.5947230572281375,0.008451347647327578,MU
2019-08,0.5252480286144274,-1.1132116682651532,1.287787777548288,0.33709516382658544,0.5803847093714645,-0.05345413363533402,MU
2019-09,-1.3997120668452445,-0.7591006132818948,3.3487809363267784,0.6567797145416439,1.2648741553833784,0.1098348887293612,MU
2019-10,1.1241076351483685,-0.4853681987907566,1.5556174877700055,0.17166031409835708,0.7914190001832035,-0.0008624407072013174,MU
2019-11,-0.9292283311722418,0.5727400151859906,1.628034313503835,0.005601189515692403,0.5029699230505387,0.13185153215364687,MU
2019-12,1.76958209693148,0.25170466077616444,2.6010797997290527,0.6379641885968383,1.0490384365018988,-0.01277407054337465,MU
2020-01,-0.16136827690414046,1.4459313291104583,2.1787974119913533,0.35852136680102925,2.517816653988217,-0.010042487446890735,MU
2020-02,1.2350090287952213,0.5467090825622147,0.7049417802106377,0.25332566685602653,0.2989591540011137,-0.19976589933671474,MU
2020-03,-0.537787865601459,0.6429453702274498,0.4162534634122501,-0.0702968865043484,-0.20376520772109377,0.13871282301316423,MU
2020-04,0.09626001849649884,0.2509735647114985,0.9407731540302363,0.049029745216024004,1.3622901992949954,0.00042817383857829405,MU
2020-05,-0.7919924993152753,0.26452862636985874,1.2814936712722171,0.0015388011324978137,0.9137964690286656,0.07532634282045803,MU
2020-06,0.7453511645214984,0.4903224414523508,0.408679226220749,-0.01883670303028385,0.2575776371138279,-0.028457711442786082,MU
2020-07,-0.7028394105774437,0.3366003230481872,0.27297249633043974,-0.10300080539406525,-0.3685076179082934,-0.09074149938549769,MU
2020-08,-1.5373442784892872,-0.0973822958997551,0.468709967412894,-0.11036380650723639,-0.3452257898828543,0.03176391079071861,MU
2020-09,1.1498441799125532,-0.28438118360159104,0.7845127842416385,-0.11487176637502726,1.2495879852992038,0.072052401746725,MU
2020-10,1.5205751258571503,-0.18840815189927781,-0.1046393747480701,-0.23804097998576076,-0.24168853504330393,0.27311608961303446,MU
2020-11,1.0322979721401284,-0.162315630145402,-0.17017823407587232,-0.22625110565755824,-0.06774449282208368,0.1729323308270676,MU
2020-12,1.9660526429547176,0.033418097786455686,1.0123740504299998,0.016929228504246992,0.6831808393089375,0.04118930714675417,MU
2021-01,1.084372685974885,0.07915429933655241,1.0160579691328833,0.2503910884948371,0.6561761709637438,0.16937385381189407,MU
2021-02,1.1537104463766108,0.31781078670318774,1.967983191149079,0.10568286565994109,0.8819538603319154,-0.036294387812254914,MU
2021-03,-1.4440488167140633,0.6372993162929956,2.1347261674009754,0.36611863512184695,0.5495472325431427,-0.024293850982215592,MU
2021-04,-1.2167992338428628,0.5771058830675727,1.7152107999656774,0.37422956032390564,1.0839777121733845,-0.022396950202525523,MU
2021-05,-0.9192920640535113,0.5130468169506531,1.585909606968303,0.16536322109966978,0.3525180898436086,0.00999268827687061,MU
2021-06,-0.14427021431432113,0.5963657992821918,1.2445733826139505,0.2309832720804514,-0.16442956477127182,-0.08711389961389959,MU
2021-07,-1.9006368395622182,0.43423198163503707,1.1693757744523379,0.18188528007947802,-0.43381997243755144,-0.04996034892942114,MU
2021-08,-1.5307372352078137,0.30583721341794734,1.9631793196507386,0.4628469004380742,0.9770045452413946,-0.035614913745130816,MU
2021-09,-0.10901638980843853,0.8156249095457716,-0.04165485216008097,0.01253895029063738,0.08100656901448866,-0.02639930755914599,MU
2021-10,-1.0269733283495177,0.3565146020500368,-0.24297513013836708,-0.10549212750454552,-0.6616905457620192,0.21558749444362135,MU
2021-11,2.131815804918919,-0.3900485154474278,0.9177822550285049,0.0702107674758462,1.6632401289742729,0.11019015114578234,MU
2021-12,1.0132684139893369,-0.0035737063867017776,1.6278203502298172,0.2094026464482502,2.6387954172148,-0.11682037768994291,MU
2022-01,-0.9290864165621736,-0.19399625682453958,0.5185036168545627,0.01974613513400063,-0.21187759774013482,0.08005967180507212,MU
2022-02,1.6707043899582734,-0.8262883405306823,0.809833715024518,0.07315004161444506,1.2584124916524277,-0.12338858195211788,MU
2022-03,-1.900474838614875,-0.8349271202155768,2.500895643840143,0.31254569576624347,2.4099677864965288,-0.12342436974789905,MU
2022-04,-0.35652806499708406,-0.9100478755889766,0.1197052848462023,-0.004202106961556386,0.6361953225848628,0.08298382264829218,MU
2022-05,0.8129610471321905,-0.7883881542876193,0.5890466079277089,-0.22127412460122733,0.9812377116944162,-0.25145228215767634,MU
2022-06,-2.14930250486682,-0.45066376474684017,0.7898295395911021,-0.17010306725232585,-0.29987429513728314,0.12121212121212133,MU
2022-07,0.3735453707279764,-0.9807684130778561,0.5243727400681342,-0.027442217811699393,0.39473961126892304,-0.08618984838497024,MU
2022-08,-0.9158945546093137,-0.6007554730121114,1.7618391545409866,-0.22584122958590983,0.9737360205145155,-0.11361587015329133,MU
2022-09,-0.2188398801983143,-0.4934471815852523,0.3073271026499428,-0.16359041331978505,0.4888048175884679,0.08199389623601228,MU
2022-10,-0.23716556952090917,-0.5393251464844491,0.6192740277818458,-0.10877712818874702,-0.25440890568062335,0.06562617525385495,MU
2022-11,-0.16068553364764773,-0.3442445145551035,0.9763291616558136,-0.34490065206925125,0.5057760001690389,-0.131109934709723,MU
2022-12,-1.1113560564643552,-0.8335187870274519,0.388704903971521,-0.30998854528134706,0.16957379821907767,0.2065393988627131,MU
2023-01,1.1719395289179935,-1.0891921840428898,1.103108145676903,-0.4109473635392902,1.5723883848879276,-0.041070526847332034,MU
2023-02,-0.23861021363377707,-0.9648327371617066,0.5944708854620969,-0.4771899176299553,0.07670811489577307,0.043531683342109995,MU
2023-03,0.15436801946480072,-1.5353808005426202,1.0351083845825424,-0.24190244201150105,1.471668230089942,0.06879730866274181,MU
2023-04,0.9717721612258704,-1.0448434912950062,2.0586528413575884,0.005405370844115275,1.7961613992229877,0.059647466163046836,MU
2023-05,0.4915184485786196,-0.547369427122965,1.4476377926963155,0.01571492561405118,0.6629499280573649,-0.07455814644289316,MU
2023-06,-2.276427071201974,-0.4745135082067904,0.35045236872529106,-0.1101110199656212,-0.15199393411589615,0.13320494302680141,MU
2023-07,1.4752913786581472,-0.2570599667842929,0.3528660848914866,-0.349106220124613,0.7231595290299097,-0.020252088939243573,MU
2023-08,-0.021510517836947275,-0.08855229853394725,1.697558323207495,-0.2769639554489531,1.735242255636083,-0.02732003469210753,MU
2023-09,0.33331242568703795,0.07461850181614653,0.8620156008736264,-0.115060562333956,1.3680352541936849,-0.015306880665775013,MU
2023-10,0.14029585043083417,0.15189667698893972,-0.6771119805771799,-0.40097159125394405,-0.6446721641875771,0.1382432840325989,MU
2023-11,0.552261462228242,0.1914849434356711,0.44595609982856144,-0.2512688179477962,0.062153965541212254,0.1226465128613099,MU
2023-12,1.000460872925491,0.39943928110208515,1.9589947675320938,-0.13111821746629582,2.5365385948297874,0.004724223455769394,MU
2024-01,-0.13340304867847952,0.7986431321189965,0.4773633585584198,-0.2195682823468935,-0.0992025208320355,0.056776772070060044,MU
2024-02,0.1751790782097035,0.4564505970200482,1.0571950781234436,-0.14524521299651033,0.5140048873854174,0.30233592880978866,MU
2024-03,3.76377624747166,0.5169326537564058,3.1624180023795043,0.6123608627643828,4.625290503770614,-0.041851725316023214,MU
2024-04,0.0028641091450150795,1.5705756566562488,1.4897310710280816,0.6647411079564587,0.9663271406888405,0.10661436976288097,MU
2024-05,1.0406806499816592,1.3058773687138816,0.9308537930146494,0.29773567661470507,0.8441724740810134,0.05219913001449972,MU
2024-06,0.4315910176740762,1.603876648325703,2.2532493511153984,0.8988841590858283,0.8619034177673454,-0.16436992803552286,MU
2024-07,-2.539916937369032,2.350252852653387,1.3539444237727536,0.6044478090182009,0.836889901021338,-0.12359138799816771,MU
2024-08,-2.0216822139522854,1.1245672520968562,1.5675957431906973,0.4908486545825835,0.8345654610045088,0.07756638093246915,MU
2024-09,0.823025068013195,0.37768570130884493,3.5015356221848486,0.6425326333239396,4.569381258636661,-0.03802871556072951,MU
2024-10,-0.582197215196729,0.46814746356273723,1.1756739299730636,0.3845035724356456,0.3637226495370887,-0.017144009681323125,MU
2024-11,-1.0775971071960126,0.2593067056589569,1.1262388059188633,0.033797022120189535,0.33249223613930057,-0.13954442848348036,MU
2024-12,-1.1532872849072808,-0.16052918233350844,2.9551480793879503,0.46322124508613,0.8015904204789869,0.08406868590507988,MU
2025-01,0.5457582716307072,-0.6837830369095393,2.90054686440355,0.399749728696695,2.5148891308814028,0.026179738202618097,MU
2025-02,0.32460434082162054,-0.5822614002337178,2.370068625758738,-0.03605801312034794,1.9489620571142852,-0.07085432522242474,MU
2025-03,-0.2983982758591428,-0.581759293044793,2.022219614305756,0.11041183660831247,1.595225035273808,-0.11432856483617915,MU
2025-04,-1.0986929147128153,-1.457193269607964,2.5615356263393174,0.012376524276392234,1.7931558265637486,0.22756285007164267,MU
2025-05,1.7559543923785716,-1.5388842722821259,1.061347872341436,-0.038647678355051375,1.5308356727046266,0.3047538200339559,MU
2025-06,2.873977359128717,-1.2885653453696422,0.578740920838009,0.4407635291361236,0.5610622293882892,-0.11361418347430063,MU
2025-07,-1.549063955871406,-0.8384837477395556,1.159115291060873,0.33211345279488425,0.367360415745018,0.09037526378566851,MU
2025-08,0.7754316027839273,-0.5881460749751398,2.1943844982194927,0.18890173009682043,1.6989411170822761,0.4059239313362504,MU
2025-09,3.635991750038919,0.18905545071417457,1.1593545337762252,0.6745543383225849,0.6837561092165523,0.3382212113957386,MU
2025-10,2.8384568891352084,1.4245323671633583,1.8479878615076923,0.7810070984514135,1.1829132416190775,0.056800393577530306,MU
2025-11,0.8142270076646847,2.9214823985042155,4.021079189122693,1.0077373010996582,2.5306857585942844,0.20737229675398883,MU
2025-12,3.127927125411205,3.542574522458334,3.3898855862398896,1.1397453223477139,3.4165041756261,0.4536436608363419,MU
2026-01,3.6901149887588005,5.585210283567226,2.5232170213605007,1.6841109180510552,2.5475858419415034,-0.006052422174531613,MU
2026-02,-0.06455611172804615,6.215514100708371,2.2964461569562697,1.7148526226836087,2.628383639016289,-0.18039786511402234,MU
2026-03,-2.15596307820726,6.1252011680406,3.8038720972224165,2.057561504682471,1.1728990083305215,0.5307838029836609,MU
2026-04,1.9913465412095745,5.551876322546065,1.4522899509334075,2.0192951991808825,0.7774584036894145,0.802188877716761,MU
2016-01,0.0,0.0,0.49292692434306024,0.5265464213375094,0.26674625448067063,-0.08753568030447201,C
2016-02,-1.6457671001128726,0.0,1.1188926769830845,0.44841585216857005,1.4088778927823256,0.07473062217587767,C
2016-03,-0.1097497603537983,0.0,0.8248005865314566,0.42531610240389406,1.5748184508810674,0.10963777490297533,C
2016-04,1.389070137007222,0.0,0.18583676128559154,0.4724833579471987,0.29106937238829284,0.0061206645292917194,C
2016-05,-0.3492130299305423,0.0,0.9314792566574658,0.4951080351801228,0.9013300314658811,-0.08980301274623415,C
2016-06,-1.515048369469507,0.0,1.5976459596887618,0.780938269536576,1.1672285107418574,0.0372374283895609,C
2016-07,-0.20070096284997335,0.0,0.10254641174308425,0.49114107942914764,-0.11080669834210256,0.08959803620742535,C
2016-08,1.3989050767176048,0.0,0.5327507730663963,0.5039734229341447,1.224901912737184,-0.0104196001126442,C
2016-09,-0.22138252417557255,0.0,0.05057412151206883,0.32052542658216865,0.4423554092234537,0.0404097894137736,C
2016-10,0.7963653628403046,0.0,-0.5896605466522152,0.2733313796206611,-0.33397366785419236,0.15125820568927795,C
2016-11,1.0217079283141315,0.0,0.12279437399768678,0.8287930625159413,-0.0676778607906932,0.05393205036825832,C
2016-12,0.4042346949385177,0.0,0.07842035244432667,0.8762614939948604,-0.3450042723167254,-0.060640216411181225,C
2017-01,-1.3274269858008363,0.0,0.2406685230567005,0.7205185553930067,-0.3433212194055355,0.07439404847612185,C
2017-02,0.5102423118367819,-0.07429797572301554,0.2480467730816637,0.4666716826777747,0.3073451840774885,0.00022336385972754336,C
2017-03,-0.2743066601013343,0.12741937013584897,0.410551580101437,0.6821088988762927,0.2023759449787283,-0.009155873157659755,C
2017-04,-0.42405119368024824,0.15693772647490684,0.20075165345158133,0.4848885569926415,0.41830924101517575,0.02411539328375034,C
2017-05,0.08101540903425376,-0.065926529911791,0.03217716652334358,0.35690393748511645,-0.22030883836218282,0.10475352112676073,C
2017-06,1.7162800616705605,0.054631408544252164,-0.3509872543347257,0.4417405195860851,0.029433485750620363,0.023505976095617553,C
2017-07,-0.042410813684694626,0.7246926427846184,-0.32996202077714903,0.5890757938501845,0.06102916898363394,-0.0015570260801869296,C
2017-08,-0.13379567130870346,0.8313333572636454,-0.04537391675170568,0.5750052703000723,-0.250620201987188,0.06920077972709571,C
2017-09,0.6480922949381471,0.5467909934405828,0.09700621347072329,0.3757951084140856,-0.0014998504089175364,0.010391978122151313,C
2017-10,-0.31417647884161365,0.7901099158876718,-0.2244507424028954,0.5507700914402891,-0.34685533434039956,0.03175748827138203,C
2017-11,-0.08677275138989585,0.44254021760462536,-0.3608266372876599,0.27573069820710905,0.1351007320703811,-0.014515564882826126,C
2017-12,-0.770983999592715,0.11835283722842181,-0.09429604342433553,0.5405489839506767,-0.32262478067590955,0.05465838509316767,C
2018-01,-0.2537289068920594,-0.11533324086937424,-0.8917569852309051,0.18034274955675175,-0.7286357823630033,-0.0341578327444052,C
2018-02,0.008301083514685684,0.17874733921375002,-0.5427279909428544,0.12255276095482223,-0.6100192692365234,-0.10574912891986066,C
2018-03,-1.2569072003022228,-0.0020197488227987155,-0.23927275365302084,0.20288454282918586,-0.5283810965763258,0.011299435028248483,C
2018-04,0.028000155198080783,-0.22746996328509067,-0.7784051258023913,0.21535728134776444,-0.2606413968896125,-0.018493546522827864,C
2018-05,-0.8035636991583494,-0.14518362594005335,0.4215945503711944,0.23259900535609263,0.6155298140878371,0.0033366045142295686,C
2018-06,-0.007662163160320011,-0.37509169271909687,-0.43781322371663506,0.1458279820764492,-0.35191696532003164,0.07433489827856032,C
2018-07,0.6270628292374785,-0.6639351070053778,-0.11460474678673419,0.16949019916647423,0.35346169476006173,-0.0027312454479242465,C
2018-08,-0.5495406291905124,-0.6394560249002336,0.004220664624206101,0.007226983128687833,-0.17009541724884528,0.006938104801898826,C
2018-09,-0.059251445633076986,-0.6927009910021256,-0.13182065897147513,0.03229535651669698,0.40440370313776347,-0.08739800543970988,C
2018-10,-0.19127548516604356,-0.7560492405970288,-0.8124193976201306,0.016291967255115326,-0.8074621450203738,-0.003377707132922736,C
2018-11,-0.26951728956015825,-0.951822306283282,-0.11307184342384034,-0.058288634464600614,-0.3016615444728715,-0.1965709728867624,C
2018-12,-2.26542582149618,-0.9357453666705693,-0.5948213170836817,0.2297404334792415,-0.5581881088744926,0.2382133995037221,C
2019-01,1.65453523127052,-1.2255245577773675,-0.208011167673063,0.1615851504496062,-0.031276658498972765,-0.0004008016032063244,C
2019-02,-0.8311602394263792,-0.7628178513431177,-0.22985960552794424,-0.11869497607407371,0.2678053107924841,-0.02766639935846038,C
2019-03,-0.879770636505414,-0.9120135702758184,0.2021881545720138,0.005362966695284357,-0.3427090122539945,0.13628865979381444,C
2019-04,0.9692531332436488,-0.7064827671629225,-0.13162866658646705,-0.11107058886378884,0.0606714445637416,-0.1150426419887497,C
2019-05,-0.49604156315833015,-0.40714517457094845,0.2925655743029983,-0.07942953815004969,-0.4438074473176913,0.12671724420750463,C
2019-06,0.8651771624527712,-0.35212023761222955,0.1718089296132391,-0.17447227205153126,0.7006612282078318,0.016014558689717795,C
2019-07,-0.026659568134675245,-0.19252086477498798,-0.7226225197043867,-0.07803822275110761,-0.8123690727903652,-0.08884112484327422,C
2019-08,-0.9446320835815788,-0.3698003692004859,0.5457160731945898,0.045394385201976716,0.02639666067207543,0.07352073913898183,C
2019-09,0.9916600482052397,-0.47116761886243413,0.3780198878284939,-0.060958631413067385,0.9468510836031215,0.040285661966672714,C
2019-10,0.1253730740996578,-0.26499125889483,-0.051357829803961336,-0.07085202869243594,-0.14642648745756778,0.05280760429501852,C
2019-11,0.1215091794136344,-0.1246264955139137,-0.0003001458386524664,-0.22373151413640222,0.4309082184029057,0.06353452599899678,C
2019-12,0.5131435861285644,0.040562915749893555,-0.33603926909581056,-0.017871470498840723,-0.3011151564240018,-0.06241157050778179,C
2020-01,-0.6678470463391591,0.9741997493921778,-0.16554884630765743,-0.20451771838856175,-0.5292400506292869,-0.14721663313212607,C
2020-02,-1.1465450291353985,-0.18591196938030843,0.03688459648615543,-0.21906780806040702,-0.026521747533534975,-0.3362170664569406,C
2020-03,-1.7123451064615471,-0.3291009533474269,1.3057922865355958,-0.2736142674045077,0.9167403342858216,0.15284360189573465,C
2020-04,0.2520891052324958,-0.9238733246555059,1.8880235453510072,-0.06235948180822171,1.2552378593493125,-0.0030832476875644055,C
2020-05,-0.8537211130492985,-0.8304689300965955,2.082995592621606,0.02347874363333797,1.3544294693343484,0.06675257731958761,C
2020-06,0.6303979077450966,-0.7145960324460845,1.9531838627798896,0.17662430196475054,1.6428187114609056,-0.01159700410727238,C
2020-07,-0.5304416604613761,-0.6473780495819561,0.5393965415509056,-0.11424681380177375,0.5836599755961598,0.02224395013444158,C
2020-08,-0.5529335084630067,-0.6059454988028706,0.009401011541989952,-0.23067544223456402,-0.21227782815895455,-0.1566236250597799,C
2020-09,-2.08284345999839,-0.4169802375694638,0.41798153758356893,-0.010351043781351927,-0.2886238382429486,-0.02750212645307648,C
2020-10,-0.006161146843156936,-0.5876810904944884,-0.20713453313130337,-0.09858187356719988,-0.3958191933390842,0.3297376093294462,C
2020-11,1.5341099546875827,-0.7500232713303138,0.7821259019957387,-0.08740780821312392,1.017279357765016,0.11949133961850489,C
2020-12,1.1287427796350287,-0.5291639199589562,0.6299182196018487,-0.16246555333470514,0.08901503236615686,-0.051508029768899344,C
2021-01,-0.6508624502939437,-0.5108862953684075,0.8372193164310334,-0.06763024940792557,0.5898783840270846,0.1360726822217635,C
2021-02,0.8219121960122632,-0.6170115379023094,-0.13803496825656725,-0.2266633861249607,0.04757190297794885,0.10432569974554706,C
2021-03,0.9133944572915804,-0.5490763937955901,0.1468206775431036,-0.1739559001722945,0.5955353153484774,-0.013989466754443791,C
2021-04,-1.014157535924225,0.14541076510700962,-0.2753263271244782,-0.11511306275806629,-0.5836000631617619,0.10499081956267742,C
2021-05,1.7746712465227648,-0.017032865139905196,-0.9631609677719896,-0.08908591273191252,-0.6364097866423767,-0.1012084592145015,C
2021-06,-1.9997918240315495,0.4770209136966232,0.4302852693182392,0.1817306958253967,-0.20389563067577626,-0.03697478991596648,C
2021-07,-0.9667520191713594,-0.16860206914586415,0.32605462961791704,-0.03699335608679537,-0.28785872325799,0.06335078534031413,C
2021-08,0.8302356047919895,-0.19383435989110995,0.09421015990829923,-0.08046021206240855,-0.42273418731861206,-0.023961923518792116,C
2021-09,0.08590135465006718,0.2583462920128314,0.7402498338538203,-0.07023980313825967,1.0715526908287765,-0.00739868841432656,C
2021-10,-0.8124041220608549,0.883645225819152,-0.6879987652021519,-0.1301464932894041,-0.6856749365064477,-0.07894291038455026,C
2021-11,-0.7292752484158748,0.43937249029525427,-0.471220822010466,-0.1336673962224136,-0.5508745523921816,-0.05205076328857827,C
2021-12,-1.2381625023274445,-0.40025984642202894,-0.570117696984773,-0.1529027208849166,-0.7677166866591352,0.0783857198292588,C
2022-01,0.9759213284347641,-1.0702418935648637,-0.36907596367914225,-0.1582293073631632,0.07556235719546245,-0.0833033465275278,C
2022-02,-0.7351070498348375,-0.49056391513497466,-0.20394304108936914,-0.21230978389999977,-0.8792234645721609,-0.0983316977428853,C
2022-03,-1.5578736653304373,-1.0245369626514587,-0.6080383476131285,-0.020473282459211328,-0.6531355023593245,-0.08794079233783192,C
2022-04,-0.0020136292885235105,-1.353086833717494,-0.6624767731585434,-0.309573852111332,-0.5133100094445591,0.10787589498806693,C
2022-05,1.13535615831733,-1.1345500017926795,0.26003731788657436,-0.2120672258605396,1.7126441717454837,-0.13894872899612243,C
2022-06,-0.6306855089729929,-1.062468350448353,-0.24569342173655973,-0.34559960710330434,-0.5008304133098839,0.13935451588691516,C
2022-07,0.586039335528691,-0.9068343517692027,1.6720732342162987,-0.17634685681277265,3.5000784229955495,-0.05950812472551603,C
2022-08,-0.4526443310935007,-0.627833638944973,-0.39749054777691045,-0.4576299026921031,-0.8716517371957716,-0.14615923418164833,C
2022-09,-0.7052056029729332,-0.7269603427503649,-0.5737123280826686,-0.448720831807082,-0.3378093621129832,0.10035548263604044,C
2022-10,-0.08263685301275055,-0.8969773967336799,-0.35970780020125886,-0.5470386158880611,0.05725090850023402,0.06809145129224636,C
2022-11,-0.12962268615114017,-0.6891001761321623,-0.11103743517286073,-0.558266768390656,0.214393760718855,-0.06584457887389483,C
2022-12,-0.19712173720778053,-0.5379406260401822,-0.19113936490035072,-0.483264125545109,-0.2864853036345612,0.15466998754669992,C
2023-01,0.689837568266616,-0.3461584642902959,-0.8374770054509275,-0.42349840533657607,-0.31071297020665056,-0.019844693701466798,C
2023-02,0.09144105685671076,-0.5278955799856069,-0.5711630949779192,-0.510684130251797,-0.49554732183089045,-0.075044014084507,C
2023-03,-0.9632958098852418,-0.3146806864329165,1.397263510398936,-0.2351359253338936,0.9336065223665241,0.01498929336188426,C
2023-04,0.03166247353138809,-0.24463995719046594,0.06962298410414379,-0.48961611726314,0.47434868800729063,-0.05836849507735575,C
2023-05,-0.5672644446031869,-0.24249881254836025,-0.024641862289022338,-0.672153541206391,0.020459902795449476,0.03883495145631066,C
2023-06,-0.3245466742793853,-0.7161707096497828,-0.5697806760479406,-0.7232491592490933,-0.01263543063591964,0.034986820033549026,C
2023-07,-0.18535906970359523,-0.5457926216877738,-0.020668675408237438,-0.49686002752031755,-0.8703656026940262,-0.12340819634174571,C
2023-08,-2.1520990808705904,-0.7586359387932112,-0.7458899574328868,-0.5311843743460809,-0.9827999284786765,-0.003961965134706813,C
2023-09,0.8568527776338757,-0.8691858843079453,-0.04507001281408323,-0.6334457365217503,0.2856506193832459,-0.04004242906390876,C
2023-10,-0.2896705595861845,-0.6263890534614858,-0.6222115814020187,-0.48305449937716033,-0.5930175892258148,0.18287292817679557,C
2023-11,1.1495972889279087,-0.58910145307764,0.28908989691367826,-0.5954154709038287,0.3752727697503952,0.1158337225595516,C
2023-12,0.8976685732286225,-0.4500258090087782,-0.09785719958454689,-0.47129507642491864,-0.41571923553139745,0.09187944746755972,C
2024-01,0.94011837450616,-0.2715383290552328,0.2550288046948025,-0.34634054557984684,1.0857985562769457,-0.0024918535556833765,C
2024-02,-0.6557610525419943,-0.25742887625955857,-0.37405063458976134,-0.5722928217790546,-0.3910139993144831,0.13950807071483462,C
2024-03,1.426033561913081,-0.3844809598777617,-0.7280404980016495,-0.5572142177333298,-0.4900030869098936,-0.030185497470489042,C
2024-04,0.1745172325211886,0.18740419693208865,0.012768053718239728,-0.493613960408039,-0.003688637469991361,0.024865240827682156,C
2024-05,-0.14886382826600503,0.22421447346967205,-0.478717469589972,-0.7914383764894084,-0.35868878042318303,0.018493383101459093,C
2024-06,-0.0654567655124181,0.5061791536582019,0.05152432488417473,-0.7279867806750284,-0.05038448611748067,0.02232217224720956,C
2024-07,0.01121714383081957,0.5105715438875988,-0.12959881405847373,-0.5653602732689401,-0.2775114537613409,-0.025256640052142676,C
2024-08,-0.605196486106179,0.6989967293300571,0.2959461610358092,-0.5663984033245649,-0.12648686224010566,-0.0006686726847208169,C
2024-09,-0.4415352055360097,1.0040315568062028,0.24878914088194623,-0.6832416060049624,0.6768052376577529,0.02509200401472067,C
2024-10,0.5386164032561667,0.6133246106582267,0.6241653672500664,-0.6241342881541369,0.07987405404316739,0.11422976501305482,C
2024-11,0.5833040974105808,0.7444402632458046,0.3041354671018167,-0.5069375862282258,1.1006008261626412,-0.006883421206795526,C
2024-12,0.3128766756464221,0.6435516638448181,-0.424937168971405,-0.6551991762388234,-0.37192944090266955,0.15690901047043204,C
2025-01,1.6211729621540436,0.4995722217525182,-0.009170549536728658,-0.3200834066355179,0.8777008943308974,-0.011344805608667907,C
2025-02,-0.13549770531114858,0.6273290719980485,-0.02022568473573857,-0.5219850952322831,0.20397137857047395,-0.11204228984012377,C
2025-03,-0.9410578682821431,0.9417261090749071,0.2331991869097161,-0.5510965147481893,-0.29135141410936777,-0.03673587919268184,C
2025-04,-0.0886443562859694,0.26081924122575173,0.39895886577972106,-0.4408749242991694,-0.04388494903282951,0.11018993066023519,C
2025-05,0.4916300099222694,0.13294302060689858,0.004312110308292873,-0.6609265538118964,0.21214007526326428,0.13021045485403926,C
2025-06,0.8005748976929709,0.3236869094874059,-0.3918321173137823,-0.6166153792482411,-0.4329269308676691,0.10079288803459874,C
2025-07,1.2488356140592223,0.6637794327669696,0.13430684063651957,-0.2358885351192418,0.32348449552741126,0.037324020517297773,C
2025-08,-0.06835397905476599,1.0693336112027334,-0.11821761532888193,-0.3219540364095556,0.20338293461385526,0.05113098369279334,C
2025-09,0.19144355327721338,1.5101539783166664,-0.3823636571564228,-0.3816333736786737,-0.3277372012026745,-0.0027024321889700387,C
2025-10,-0.2277251573083097,1.5955479117949922,-0.019441311388372517,-0.41879864758311997,-0.19801745443085164,0.02950622240064238,C
2025-11,0.415902589264314,1.113069474688213,-0.5918731398249174,-0.5712059570872948,-0.6689661692437704,0.12634041723532863,C
2025-12,1.8102588846678944,0.9501897568232972,-0.29425710561016327,-0.2594003830112601,-0.013621162994093557,-0.008395360913969308,C
2026-01,-0.40951135594987026,1.2314641276246723,0.13032276805729248,-0.3846312016177658,0.10754210818343136,-0.042768613074975925,C
2026-02,-0.504643122717807,0.42730529525953564,0.9507818775217923,-0.41722025984476646,0.8704808404372374,0.029269627063007064,C
2026-03,1.1552946745471446,0.3545000889710131,0.3422487563321954,-0.29225966908965684,1.2748561457242276,0.1284549964564139,C
2026-04,0.10751695663019788,0.838168666545446,-0.6048450448661311,-0.433512156706216,-0.0955362404746207,-0.021431935939707936,C
2016-01,0.0,0.0,0.5423021641737021,-0.060086750599898944,-1.2011404824122296,0.03894986012481172,AXP
2016-02,1.0158224997345944,0.0,-0.7100902647398902,-0.567162244474322,-0.46691609197808026,0.10459817729908849,AXP
2016-03,0.42557242369157267,0.0,-0.6185367764856323,-0.6753948461013145,-0.7211705284194264,0.0706919182448904,AXP
2016-04,0.8048729435520734,0.0,-0.30493974568525906,-0.822745793302544,-0.17873877793075113,0.005078809106830118,AXP
2016-05,-0.36357690651314245,0.0,-0.4368600298850865,-0.7946843170827688,-0.4410236360922877,-0.07126677121449732,AXP
2016-06,-1.1942736715062545,0.0,0.40223679234885096,-0.8742488525115155,0.2518006917552304,0.06078799249530964,AXP
2016-07,0.1662614999268638,0.0,-0.14359982029641183,-1.0570968139068961,-0.061529775560931116,0.017332861690838364,AXP
2016-08,0.04189726666968419,0.0,-0.18273222895711855,-1.2234473230056109,0.23071804255513123,-0.023470097357440878,AXP
2016-09,-0.501114320251599,0.0,-0.529535236845764,-1.0820628385759978,-0.8455477269205044,0.04254940359622572,AXP
2016-10,0.8335378440115225,0.0,1.5701164550921742,-0.7621399523919357,2.2459696324332663,0.08452868852459017,AXP
2016-11,0.29875884309709405,0.0,-0.4266624179861098,-1.0919448624168315,-0.3573967372316199,0.02834199338686827,AXP
2016-12,-0.08913436126632845,0.0,-0.4501114756442782,-1.341931625684707,-0.07735562538220675,0.03536977491961424,AXP
2017-01,0.20636763200390817,0.0,-0.35262790549132045,-0.7707171580127531,-0.3635264431051524,0.04821058858325933,AXP
2017-02,0.08793803342916512,0.14907531858134218,-0.6973668812488811,-1.3216901067215683,-0.24230826726887109,-0.011851015801354281,AXP
2017-03,-0.5229591691791019,0.016195310681162735,-0.08508762596250301,-1.0402247396305573,-0.09174679000826064,0.005853797829811436,AXP
2017-04,-0.08536455555072384,-0.06132199358744657,1.0677348763258243,-0.9936890689975518,2.252232244369012,-0.02909865152590485,AXP
2017-05,-0.6535695961012126,-0.19298734972806075,-0.5197363363609888,-1.445446707494994,-0.47498298468738276,0.09488304093567246,AXP
2017-06,1.5418555364736457,-0.2757715100422167,-1.0206938811433819,-1.2528584902910689,-0.42808083250400597,0.011750567498998388,AXP
2017-07,-0.24506559987469212,0.2314864643439538,-0.7561989860384078,-1.0346927081471398,-0.7009332422852502,0.010162333377326194,AXP
2017-08,0.13411396421237531,0.16725121297794204,-0.6951587121889711,-1.1720186869363398,-0.34274707552855316,0.050692448392997136,AXP
2017-09,0.32625068238893384,0.20226589164002445,-0.7773679337094183,-1.26782674146243,-0.44581747073825706,0.05993533946779395,AXP
2017-10,0.35748495572847305,0.3960969086373371,-0.7044423085040252,-1.1103418268763827,-0.3183518658742309,0.02299389957766307,AXP
2017-11,-0.23698907182174597,0.2757837654016149,-0.8014940917825979,-1.2664815021830398,-0.4708671134356541,0.016399082568807177,AXP
2017-12,0.004679700430665667,0.16851531142038995,-0.9033688441531141,-1.2237571934175806,-0.8898232340215612,0.004400315920117359,AXP
2018-01,-0.8443055250035201,0.21596284320494363,-0.8711578838125181,-1.206957456881526,-0.7407133278335452,-0.018984497865648153,AXP
2018-02,0.26008137438480344,-0.1828066353368772,0.6842837731352718,-1.140618526382891,0.25965518404181187,-0.043398603000114444,AXP
2018-03,-0.15033019658123167,-0.1455698105823032,-0.47809896029499327,-1.2314925513233974,-0.6752910553807561,0.06260474024419427,AXP
2018-04,0.955435474250782,-0.07621147874636394,0.5001158325953259,-1.0598933061352043,1.764927785375987,-0.004618677481130984,AXP
2018-05,-0.6000974569817134,0.151756767181535,-0.5876025747509283,-1.420709761617791,-0.975682756465208,-0.0030556813037573294,AXP
2018-06,-0.1168331153773685,0.18247463824592466,-0.819505530058163,-1.0582044865896916,-0.6374143125300941,0.01918492450902476,AXP
2018-07,-0.268560369412828,-0.17271304401833176,-0.25488522601535635,-1.0083182390759293,-0.6631831466094869,0.06493651147248825,AXP
2018-08,0.4180166930570651,-0.18495436222097686,-0.7448999875043667,-1.3600990255308136,-0.6679911202989014,0.004811212216295324,AXP
2018-09,-0.09468162088839015,-0.09139520040223036,-0.5634732377725409,-1.1719213522668737,-0.7897859036046558,-0.03185177474757972,AXP
2018-10,0.35377229727661763,-0.18511169051759377,-0.7103588204076836,-1.2753130969059754,-0.16868464690499935,0.09289323728631338,AXP
2018-11,0.874344924591204,-0.10641813624280383,-0.5776726094776682,-1.2533260961058061,-0.11559466162955094,-0.15100836202656176,AXP
2018-12,-1.3743180369719705,0.2894472269533721,-0.21546357986296377,-1.0425126574957668,-0.34866850498911617,0.08180764774044036,AXP
2019-01,-0.031764108106176206,-0.0927392165058329,-0.7624700979064927,-1.1027436029847753,-0.16209408543303405,0.049164524421593914,AXP
2019-02,0.28118154594912137,0.25728413265754563,-1.2048038413274411,-1.2565820551696338,-1.1950127895608345,0.014395099540581935,AXP
2019-03,-0.05781475408300889,0.23093300493815352,-0.6383510342003551,-1.1555960543004897,-0.6029919967800377,0.07638888888888884,AXP
2019-04,0.306237456963885,0.21770594490827797,-0.5230053879271278,-1.0135968811945155,-0.3309164325689926,-0.021505376344086002,AXP
2019-05,0.8837000924119276,0.10636597495255153,-0.681408389377184,-1.0519603654384124,-0.35672137456249575,0.07615862398471096,AXP
2019-06,-0.12434740433759059,0.5436441207593429,-0.9155122290776881,-1.2183073236781643,-0.8446107532027954,0.010655301012253426,AXP
2019-07,-0.13019115432197093,0.620996725739315,-0.5701061991233136,-0.8595827286427371,-0.6295918144822322,-0.03215603584607274,AXP
2019-08,-0.08824224331828776,0.7530723907415497,-0.4466897819756113,-1.0272196402947917,-0.6342366375918338,-0.017338416848220795,AXP
2019-09,-0.7195293176703766,0.4913540791966595,-0.5293817269299589,-0.810445542421211,-0.6229035388879332,-0.004618937644341847,AXP
2019-10,-0.5194619250672129,0.43815686935176335,-0.3946757747775201,-1.060431503319306,-0.5296785929269818,0.02422273781902562,AXP
2019-11,-0.438117544211661,0.03252251361136299,-0.9678248215300865,-1.458011872437545,-0.7768010711082514,0.03633562885103303,AXP
2019-12,0.012920526723564854,-0.5264079096634393,0.008383110370015202,-1.0527986256587372,-0.3205849671811474,0.046865436740404,AXP
2020-01,0.44716648573415785,-0.05300295036081694,-0.06627037562191786,-0.9815170764422582,-0.055406901866347225,-0.15359559007767476,AXP
2020-02,-1.2572935285931308,0.14404533780203166,-0.018079747346283863,-0.9612052384558742,-0.7161901134106126,-0.22123544503651071,AXP
2020-03,-0.7225954483570779,-0.2744303603705004,1.1527873336090049,-0.7125328722194992,1.8117362952255833,0.07184490623416129,AXP
2020-04,-0.6411350317128823,-0.5650554786421884,1.68659470810448,-0.6692996749869713,1.8431068711234466,0.04184891831185711,AXP
2020-05,-0.06384148778593371,-0.6160048655448305,1.6231276720247716,-0.7629520100061439,0.7580187934685209,0.0013616248723478108,AXP
2020-06,-0.24633506877005537,-0.6313341149008639,0.5426422790539202,-0.7159030662316285,0.9304333628215706,-0.015297450424929138,AXP
2020-07,-0.5682780695096253,-0.595998867847082,-0.16364355289790186,-0.9185686172388232,-0.5490628484190545,0.08860759493670867,AXP
2020-08,0.025274455121023328,-0.565077998276299,0.0551945900890062,-0.8957708551962353,-0.2625299451615413,-0.013213530655391104,AXP
2020-09,0.3780414256526179,-0.39046963004303215,-0.12862884178823475,-0.8770962390891152,0.014760320577589105,-0.08602035350830206,AXP
2020-10,-0.903577883930396,-0.3956277584157851,0.12751213607704304,-0.9928288110365467,-0.09289262574055385,0.2996952648851383,AXP
2020-11,1.2678576799079997,-0.5070403649296951,2.3804283680317275,-0.8318145132311782,3.265653991253335,0.019568942194968075,AXP
2020-12,-0.43683463644911885,-0.2967659031343643,-0.32023483946431724,-1.0164266840872085,-0.6626398010955459,-0.03511409870865023,AXP
2021-01,-0.3439784971637936,-0.3266548942573139,0.3867982112235523,-0.9662845258944209,-0.0008743734784325824,0.16344302869190575,AXP
2021-02,1.0946183092515538,-0.47713661527079754,-0.15844536770738157,-1.1264546077665307,0.09964837466189894,0.04884966908288679,AXP
2021-03,-0.016640487399102205,-0.24224245506626527,-0.09722424234874952,-1.1942832916815715,-0.3277743275797347,0.08420973557692313,AXP
2021-04,0.9169867862229136,-0.018545031973987904,-0.06259711375957275,-1.1201129621235304,0.6846110315936789,0.04420425413981843,AXP
2021-05,0.4891728244453721,0.3262672622590668,-0.7326292034681817,-1.1675137969604683,-0.578449809031683,0.03184924689801605,AXP
2021-06,0.2204321089124546,0.4863603082062009,0.4187848488197205,-0.8929796293363088,0.6858891473906242,0.03472445501896981,AXP
2021-07,0.36870919826193327,0.7552753137863949,0.549542726958259,-0.5957439946457287,0.5283641335359623,-0.02678515940587911,AXP
2021-08,-1.047854477219705,1.3172940310853984,0.10068773955533901,-0.6641843410233099,0.272696348294685,0.009450830140485422,AXP
2021-09,0.6447912578350562,0.9395855328620273,0.503623715207505,-0.8115403252495277,0.7999020345884957,0.03991649797570829,AXP
2021-10,-0.27808563950351195,0.9058678798671919,1.2034188754554063,-0.7995647984033307,1.1325219001361955,-0.12360849200072999,AXP
2021-11,-1.163160150820435,0.9319626418125406,0.6438057502050712,-0.7441123145377626,-0.45683168805851754,0.07420004164642191,AXP
2021-12,0.5138306150161984,-0.04712421053677281,0.14005520671912877,-0.8641182148426759,0.2020171141152288,0.10189971568880862,AXP
2022-01,1.2053933828303094,0.2824855386395671,0.558246382801913,-0.8760567630964519,1.838172452696646,0.0818624288981411,AXP
2022-02,1.6972531993641047,0.9947828971345473,-0.5846690764775171,-0.7716345648341348,-0.391264657689583,-0.0387554881023362,AXP
2022-03,-0.7432919658559638,1.094761051594187,1.0806594249354822,-0.7619911619924312,0.5454900222974407,-0.06309913161159353,AXP
2022-04,0.24617801251384264,0.6226459516492489,-0.33067676506460425,-0.9115213154902889,-0.6199883829867515,-0.03370448390009029,AXP
2022-05,-0.6983530391425488,0.4954601480066606,0.07155034273666333,-1.0704031683483397,-0.36049613484942633,-0.17577078791653689,AXP
2022-06,-1.1277240729021407,0.17602020632838197,0.18548685145097465,-0.969463473542068,0.14638742588901213,0.11108592155973684,AXP
2022-07,0.25494160584084474,-0.2011552738896446,-0.46213755972897436,-0.7258027779931291,-0.15767199998773718,-0.013126572808270454,AXP
2022-08,0.3526358886894897,-0.1831352504784048,-0.4653856825070493,-1.076298490757476,-0.6103775107885181,-0.11247415575465192,AXP
2022-09,-0.20177677792614016,0.03551911150748706,0.0410841253784145,-1.0411830334915992,0.11030708425336319,0.10459698710979959,AXP
2022-10,-0.04694090451929091,-0.13788157603901763,-0.0681648506447508,-0.9402744225710667,-0.5615393576836575,0.06158172231985937,AXP
2022-11,-0.2116462466627638,-0.09325807931857055,-0.07116167298867662,-1.1370386396347198,0.0066065419020275035,-0.06244619561618425,AXP
2022-12,-0.14951732956460037,0.22556808037773599,-0.42763159726850486,-1.2072385990788477,-0.2815986699211967,0.1880209069077552,AXP
2023-01,0.9998187923744544,0.07721797937735835,1.249756903738998,-0.762874711830456,2.9200817197305824,-0.00535077288941721,AXP
2023-02,0.31681440006219785,0.1682021852284944,-0.5462662085374151,-0.8240267155069843,-0.06663892205844854,-0.051942618051404654,AXP
2023-03,-0.7455480309217822,-0.23729202974474714,0.623294511106395,-0.7773730021297047,0.08784169841492394,-0.01828384086753676,AXP
2023-04,-0.549670914331722,-0.366821463075567,-0.3818664814231908,-0.826977852848705,-0.7035263356719611,-0.017275704835912897,AXP
2023-05,-0.1985995378951868,-0.6144442486963514,0.20628957182306276,-0.9964114190408632,0.04970866788980404,0.098679911122729,AXP
2023-06,0.7055883673731378,-0.3944239557149879,-0.34127526623996324,-0.9273339724043289,0.17651876823435392,-0.027182964549131494,AXP
2023-07,-1.236512130823223,0.06351340411025884,-0.07900659836795218,-0.9061865637976312,-0.7815245303381726,-0.06450626719657604,AXP
2023-08,-0.9355373111670497,-0.24821346604725594,-0.7262615184697435,-0.989252650006272,-0.9414242421950476,-0.05568627450980401,AXP
2023-09,-0.30247946375272533,-0.4267149224752864,-0.44694816324471753,-0.9142458522962816,-0.3858381069773367,-0.017165005537098543,AXP
2023-10,0.10799693926755506,-0.41738758669068654,0.03718650363565855,-0.8596014378270739,-0.4942827624343735,0.16943661971830992,AXP
2023-11,0.969761922217173,-0.3667942452784688,-0.7132432292633394,-1.0740313829028603,-0.31725983666616797,0.09701312778513782,AXP
2023-12,0.6137008987758283,-0.1875461735771602,-0.07900930401688633,-0.9186732836303728,-0.5135616917211776,0.0749849042103532,AXP
2024-01,0.7320223673284689,-0.07618575083728271,0.4215271800817922,-0.7759322269161768,1.8946153809259894,0.09309094622887182,AXP
2024-02,0.6843001233678093,-0.16674706814746765,-0.8473739250126268,-0.7064235418304771,-0.5753436962346583,0.03765299448752679,AXP
2024-03,-0.03631423423949511,-0.1048541451502818,-0.4578425782380786,-0.9947840040863263,-0.2118853584185344,0.03106428957320362,AXP
2024-04,1.075726894408598,0.16144696323116156,0.21535476439731588,-0.654742888844119,1.291378868118226,0.025499956335691243,AXP
2024-05,-0.1396279827267961,0.5422078888361936,-0.6616045666765303,-0.8125338667659738,-0.8839892501408301,-0.035212467001618064,AXP
2024-06,-0.8574396225234492,0.7031804975854801,-0.42992942577169424,-0.82105545727361,-0.6285935472753581,0.09607661414890334,AXP
2024-07,1.0190662712997043,0.256764464132752,-0.5995778826156688,-0.8165487545031487,-0.5427960868409578,0.02214527299081981,AXP
2024-08,0.0776153855916393,1.0316795597439186,0.1662377385693206,-0.7257109582014988,-0.44069789349933847,0.04853068620499479,AXP
2024-09,0.35370365299982864,1.2554562451169802,0.00171141284138125,-0.7802996694621039,0.006325086411661189,-0.0015403110676986964,AXP
2024-10,0.06571524439622047,1.3125037238118258,-0.15760629158685607,-0.6817465936036793,-0.2138059709169286,0.1281182977762727,AXP
2024-11,0.7588907458897759,1.186354653795071,0.11389290825257752,-0.8147865617192411,0.637299997043346,-0.025882195984257228,AXP
2024-12,0.10290300331258766,1.2044502955421204,-0.1316217697025812,-0.857373741727255,-0.3279865229712111,0.07210847086215155,AXP
2025-01,0.3691776339724635,1.0074199599826978,-0.415891080717787,-0.7549788603708433,-0.162106458053239,-0.05196090955544197,AXP
2025-02,-0.6335064919291343,0.8919950426706124,-0.5548398322840769,-0.9763967321329086,-0.4238226070922317,-0.1060131379484589,AXP
2025-03,-0.846984457922635,0.592959762982151,0.09100881538997621,-0.780196249350389,0.010987693544297497,-0.006518953952822426,AXP
2025-04,0.304698927626637,0.39701180383167367,0.569109862308926,-0.7311603571773625,0.7583162726308853,0.10377394272710028,AXP
2025-05,0.4225179010807516,0.12464426607683847,0.049237307503003314,-0.7291978754196432,0.3252438618573814,0.0847737191161817,AXP
2025-06,0.2608314384020916,0.2891782186868593,-0.1617499377091016,-0.809694728951021,-0.16707798513404823,-0.05930055752660934,AXP
2025-07,-0.8402996897911668,0.6858337705579989,-0.10210423166439994,-0.8213486486378967,-0.32716537792351447,0.10681573275862077,AXP
2025-08,1.0369189841044355,0.07261129059414442,-0.4206225720716208,-0.85362698988824,0.11265756050873783,0.002646951442132117,AXP
2025-09,-0.2792692581526825,0.38882216942827375,-0.19845516787899922,-0.7195877376661115,-0.21712654060212483,0.08875739644970415,AXP
2025-10,0.594841683741613,0.12606911603652476,0.10202123835078354,-0.819302947813829,0.7416171304750498,0.01259754738015606,AXP
2025-11,0.16914154640988774,0.3195518118507658,-0.2611350014720638,-0.7902406087310624,-0.41218391296625323,0.012798634812286824,AXP
2025-12,-0.03605643696766763,0.13337515936371405,-0.3029708317669489,-0.7536758119209189,-0.1252811922538318,-0.04595483327445182,AXP
2026-01,-0.7427728233451566,0.09318327336925741,-0.21739858580034768,-0.7936471712698688,-0.7653416015118324,-0.12285649176778901,AXP
2026-02,-1.4645911534380676,-0.2058613709503699,0.7297973605894722,-0.6624115400256335,-0.6927145144140907,-0.02078394440294884,AXP
2026-03,0.36480362202979505,-0.36898310480838575,-0.7521260073739264,-0.6751014560257133,-0.7649899354833928,0.07136934965011776,AXP
2026-04,-0.1597759355611221,-0.21123376137815097,-0.5585646326775583,-0.7677500714427247,-0.5950160383070451,-0.024547283702213263,AXP
2016-01,0.0,0.0,0.2845287842605771,-1.1420431623369414,0.13714123924376587,-0.007308560870457836,BLK
2016-02,0.04242323363262979,0.0,0.027908424005573345,-1.2570536673360675,0.07237213586665425,0.09943334574182061,BLK
2016-03,0.3330021112553042,0.0,0.2432115594830533,-1.4038162471843836,0.5987618974342233,0.046273654113840657,BLK
2016-04,0.4385931233482869,0.0,-0.12257740466911568,-1.4151406761743242,-0.14745742738868245,0.021106756319442033,BLK
2016-05,-0.14260243090842153,0.0,-0.17037830799093887,-1.6618003491063744,-0.4155689924816062,-0.05264455243327015,BLK
2016-06,-0.8720111138714636,0.0,0.6421594976171056,-1.7897060908880411,0.4943997019332783,0.06924878266364365,BLK
2016-07,0.2980966603615989,0.0,-0.17568488140693292,-1.8385415864605081,0.02269954524093542,0.02416046721824361,BLK
2016-08,0.17010721131582426,0.0,-0.22257414178762544,-1.7354338960433424,0.15578352985460125,-0.027765520518651776,BLK
2016-09,-0.5931848684654734,0.0,-0.203126832254912,-1.798536799044242,-0.6393498252307428,-0.05854833641727464,BLK
2016-10,-0.9228787417102948,0.0,-0.5927370754474477,-1.4270356112444085,-0.43974494262207925,0.08659052139731505,BLK
2016-11,0.32109678667202024,0.0,-0.2590786770431341,-1.603862713590845,-0.18503257155053973,0.03252448721886636,BLK
2016-12,-0.00849706389820832,0.0,0.18083187667309134,-1.3888396180762554,0.2710028433483876,-0.01725391683744304,BLK
2017-01,-0.6343150309899498,0.0,-0.1841632002404859,-1.7554670429775692,-0.45509538320649323,0.036055428494551345,BLK
2017-02,-0.10810848338697825,-0.2429521524378844,-0.2924904434170768,-1.828495290603587,-0.1975621574083467,-0.003765744708479457,BLK
2017-03,-0.3564559615404296,-0.2289127440975081,0.11915707590717714,-2.267026070828327,0.4237901682702915,0.0027698123044839207,BLK
2017-04,-0.1549533353770875,-0.318247086398355,-0.07204366554273763,-2.009373034518226,-0.011760448564508976,0.07074383388034966,BLK
2017-05,0.7246904650769189,-0.4652424190885668,-0.31181971723215746,-1.564197266565136,0.0947366081680429,0.03216995447647952,BLK
2017-06,0.43363181103078613,-0.35951085145438455,-0.7877167875213601,-1.499681082968693,-0.3684979765307104,0.009761834754483889,BLK
2017-07,-0.27934992149704235,-0.12923286046286364,-0.205118657374931,-1.5127044185634133,-0.465405497599293,-0.011705783006231596,BLK
2017-08,-0.3658006523749313,-0.2435751838639829,-0.34871760180780786,-1.6478873741249562,-0.4257416419220407,0.06703005303476717,BLK
2017-09,0.6103455004567059,-0.3376186904567293,-0.538277303294565,-2.0455884976743883,-0.27399138007500246,0.053099544387684716,BLK
2017-10,0.264811794174062,-0.11441477406449017,-0.6322500286045115,-1.5469877199336854,-0.5100390300292613,0.06447637526876093,BLK
2017-11,0.47406037133463125,0.16149669594748678,-0.637718003143867,-1.8225469121820512,-0.29959184868158667,0.03012537872256571,BLK
2017-12,0.3490792178082618,0.2117876544653073,-0.5344173193008717,-1.9552099683308144,-0.17931040629415365,0.0935915829746532,BLK
2018-01,0.2037704900294896,0.31228575009568066,0.12061957745023591,-1.3362890737060251,-0.0774512075616209,-0.022018629466042716,BLK
2018-02,0.20973420001675586,0.547782708028181,-0.1841305791394862,-1.483929136076071,0.10363454750670761,-0.008786638942920422,BLK
2018-03,0.4639517667915691,0.48544571157967004,0.45770315316999854,-1.5720826357905826,0.46291717673529514,-0.03733026571028997,BLK
2018-04,-0.8510688188593302,0.7436750322254431,-0.25783163999614084,-1.366217199875649,-0.6121490293206918,0.02441481759178976,BLK
2018-05,-0.1743394824748349,0.5697929446690058,-0.3945868448230126,-1.7077244980195239,-0.368721238249357,-0.06079458383843006,BLK
2018-06,-1.1029296619273927,0.29714442316765527,-0.16451738888889622,-1.5553507115803067,0.5345417057248391,0.007451964055232185,BLK
2018-07,-0.4591010143671864,-0.07591398907398701,-0.6766892662503307,-1.346503664478666,-0.27693675802686435,-0.04716091759530083,BLK
2018-08,-1.1848247965350005,-0.10770467587799806,0.2915086957736486,-1.0638350962219028,-0.5554470583499805,-0.009640265868385067,BLK
2018-09,-0.33541705092575586,-0.3820883835680278,-0.44074362977344295,-1.6954171233673574,-0.09664239243490504,-0.12710692146114044,BLK
2018-10,-0.5809195051292023,-0.5372491755587713,0.18093611748520622,-1.1164041165661984,-0.2732008935385567,0.040321633994600425,BLK
2018-11,0.24970505110170935,-1.0195653575731332,-0.6098421741171082,-1.6359060166746218,-0.499883624830562,-0.07511988716502116,BLK
2018-12,0.10989916279037895,-0.9527869216837127,-0.20062238074475627,-1.6731593546446357,-0.08209685435055279,0.05666880165919408,BLK
2019-01,-0.30280030122302054,-0.9239461981824324,-0.49293948276878996,-1.5875471577880673,-0.43914255112217326,0.06780199162938372,BLK
2019-02,0.6994423587281453,-1.1633785613549517,-0.46651565192406313,-1.8904622363858448,0.4154297637372012,-0.02843704384494783,BLK
2019-03,-0.8948303891415516,-1.1015086323294263,-0.26032301687265896,-1.7253437015094029,-0.5046794854178166,0.1354126092037169,BLK
2019-04,0.9595563470009982,-1.2135764005039333,-0.262291323296499,-1.694385431869736,-0.00043852147917913207,-0.14359577544169166,BLK
2019-05,-0.9172207300984982,-0.7854461018607047,-0.2822266831273411,-1.94487984733895,-0.7504248067557466,0.1379438610546797,BLK
2019-06,1.0849025648326,-0.9746054708868069,-0.4302468622114399,-1.8394903054253122,-0.11590119228939616,-0.0034448076439527187,BLK
2019-07,-0.4025808587261302,-0.6178176150008651,-0.7968544507934977,-1.8489090116771982,-0.9512804503358835,-0.09648525218883253,BLK
2019-08,-1.0601184153881342,-0.6314505315341439,0.02944224516000162,-1.7305528623689537,-0.398188924303788,0.06305677343684568,BLK
2019-09,0.7945877043139475,-0.5588519721847536,-0.6525055396352321,-1.6504600383032595,-0.4475409380568052,0.036041715921927064,BLK
2019-10,0.064429541189133,-0.3426391463205762,0.06588270314421454,-1.7611555863101402,-0.047000721143566286,0.07193387256269168,BLK
2019-11,0.4959580457326644,0.02673878818953646,-0.7917830125837472,-1.8900453777092119,-0.7572815187000358,0.022684265304191653,BLK
2019-12,-0.23814578678547801,0.04145840145950294,-0.7212809359018933,-1.8772369891890217,-0.55293295131709,0.049034347172429715,BLK
2020-01,0.4692970742491888,-0.07977474856739797,-0.2763995978588593,-1.3927846905493886,-0.2923695460733879,-0.12199316503141877,BLK
2020-02,-0.708626844843118,0.24492730132291196,0.19126867816978252,-1.2010155301059844,-0.4284566504615298,-0.0425644116317615,BLK
2020-03,0.8153859441552904,-0.12156908961997358,0.3950113160116819,-1.25607412844954,-0.11474912075373432,0.14108112361318748,BLK
2020-04,0.12237677558999069,0.4087455493487584,-0.1484585735087081,-1.3925717569912264,-0.26734762446279187,0.052981197995678686,BLK
2020-05,0.13185708826528908,0.08065430016003643,0.46551480376591603,-0.021681525216036855,0.5346698239583917,0.0361048656436227,BLK
2020-06,0.21948694108305505,0.20657916511767846,-0.6246822637430275,-0.977794127499173,-0.5689748813469251,0.056841883493100154,BLK
2020-07,0.1693338595074125,0.09723234871191527,-0.7269008989138391,-1.1167628613286935,-0.3168007546032974,0.03335127484400857,BLK
2020-08,-0.4561584802028664,0.10288045554080781,-0.766288534688039,-1.2003297496181362,-0.6429026518649688,-0.045875453352882234,BLK
2020-09,-0.18242980363134895,0.035386841658578805,-0.15405664545136125,-0.974152572122014,-0.60484110485015,0.06328602046180598,BLK
2020-10,1.3861367177804629,-0.008085121247362685,-0.39578101826384743,-1.0900918149205763,0.2922921431654095,0.1654559975659846,BLK
2020-11,0.0781532493923856,0.19267018414316958,-0.7051951832751493,-1.241324895162347,-0.8040676916663634,0.03845714565419578,BLK
2020-12,-0.14089553241793493,0.13012307280915422,-0.47933137163937745,-1.0748032189350636,-0.5123757357456792,-0.028108600697608677,BLK
2021-01,-0.21284003407200305,0.15270293344956268,0.009340040461302008,-0.9864087890898224,-0.4448832624669181,-0.009651292497211306,BLK
2021-02,-0.6300174971227366,0.16187389568104726,-0.7233383518405785,-1.056397084962201,-0.754782513673703,0.09206660137120459,BLK
2021-03,0.7078752494039607,0.27194192298041053,-0.2557221482281628,-1.266411907257016,-0.013922186818053567,0.08665171898355761,BLK
2021-04,0.9650098075768598,0.079967260349543,-0.5029099633950997,-1.2148191716179555,-0.5975906832395894,0.07048433910615293,BLK
2021-05,1.0449372029930468,0.2537377820255158,-0.20775024455927218,-1.1530812611472532,-0.471400466288245,0.0023001503450224003,BLK
2021-06,-0.2726292347751603,0.45920027674332253,-0.35544548477321575,-1.118399739256511,-0.18183992266358648,-0.008910256410256445,BLK
2021-07,-0.4440255090631501,0.41704956024037465,0.631267851359306,-0.9373412536117146,0.7154739677582983,0.08778216156781582,BLK
2021-08,1.3392925133534885,0.27669370083761885,-0.689438176902263,-1.2406707052775652,-0.4292422097416099,-0.1070506950803296,BLK
2021-09,-1.303911528398359,0.8258120233009418,-0.25821336656948896,-1.1523513648061423,0.3917296267196336,0.12495838271917337,BLK
2021-10,0.6822709452803285,0.37087058032867193,-0.14462587724957918,-1.0734323164408772,0.23727134162686073,-0.041185244814849975,BLK
2021-11,-0.36249437491216974,0.1647899581536029,-0.3703411765508685,-1.12263253729017,-0.2538033155776727,0.01677922783450425,BLK
2021-12,-0.2830028835309558,0.026295497663670633,-0.6539043155849565,-1.2228922238902205,-0.5103360310397366,-0.10116329900913146,BLK
2022-01,-0.7762896723516691,0.0005072386400981205,-0.4950088223434783,-1.0739893370095241,-0.6978430421359295,-0.09605382256386708,BLK
2022-02,-0.9228805216041919,-0.3153851759045546,-0.43446746817356774,-0.9864622306473608,-0.632363913332924,0.03410500515610271,BLK
2022-03,0.2529248928716831,-0.35681346630460226,0.1051902335517157,-1.0362193932985895,0.13553378962021834,-0.18254736750827394,BLK
2022-04,-0.9472226262075665,-0.399037372043085,-0.3233004246458539,-0.9838965092239734,-0.330258108833887,0.07109013118348018,BLK
2022-05,0.6589173046161142,-0.8507263926406367,-0.16455165511517492,-0.7156101184903089,0.5345783921120343,-0.08322466698578823,BLK
2022-06,0.12149969114790099,-0.7995763712921257,0.30924276397757444,-1.0037249328037126,0.48255810380873704,0.09875587403899821,BLK
2022-07,0.1105251310133426,-0.7481176379580129,-0.27525288571340356,-1.1424465063387776,0.1561728267691795,-0.004178546848883968,BLK
2022-08,0.5079922321782776,-0.6478149099657917,0.49677355367068304,-0.973287716642858,0.4343299745886129,-0.16805713251386356,BLK
2022-09,-1.0324731571296777,-0.6596424561285521,0.1077754324485192,-0.9618469535868154,-0.3364791063602865,0.17378060841014298,BLK
2022-10,0.535299429731576,-0.6751015230186111,0.5172442792749635,-0.9259729465311078,0.7591605229167364,0.10851981666217303,BLK
2022-11,0.37978077555554035,-0.6214752595070453,1.1416128012965507,-0.750159376849274,2.3095513936250556,-0.0034810896266570523,BLK
2022-12,0.676463358717096,-0.4736124050227696,-0.4724439987122656,-0.9525675408163576,0.16151550326998568,0.0713904355121655,BLK
2023-01,-0.08420698514867424,-0.2930841728068767,-0.19136890482497898,-0.9601812901945935,0.4921339179377383,-0.09191998291450143,BLK
2023-02,-1.029294257147461,-0.003208551443701994,-0.4155200724101817,-0.9236528551596143,-0.47543871659739606,-0.02242117311340719,BLK
2023-03,-0.46728653287941707,0.0024164237431957875,-0.28792659746617083,-1.0982719837830168,-0.388137318534078,0.0030954786764822995,BLK
2023-04,-0.17614096145631872,-0.32687196996328444,-0.3216781735417422,-1.2041169656295674,-0.22283569544897966,-0.020322343385244968,BLK
2023-05,-0.22593252526263374,0.15982327749706862,-0.12280998573075319,-1.0450791898004057,-0.29480530664470456,0.058804328311925724,BLK
2023-06,0.01919413486476955,-0.18078805113573737,-0.7448791673693074,-1.1689167844956188,-0.39259633107774927,0.06902611215587129,BLK
2023-07,0.39016980421648806,-0.21210038705675494,-0.49725640904627644,-1.1028343977003479,-0.7194763276136676,-0.051851424616449426,BLK
2023-08,-0.6741639078162858,-0.17326429230819873,-0.3248422334753539,-1.1704937227692085,-0.4682967033627668,-0.0704726564876208,BLK
2023-09,-0.633896732875201,-0.3551243809570741,-0.7203677620994009,-1.0356115760215,-0.5744512215598645,-0.05291057229802698,BLK
2023-10,-0.5133514443154693,-0.21692085989063525,-0.7641662306839937,-1.0842306771515913,-0.643319657499205,0.2269382255389718,BLK
2023-11,1.7393797380901181,-0.4181282166452815,0.32540926015436117,-0.9990549904782289,0.8797785786600368,0.08782822949665614,BLK
2023-12,0.47511791357647604,-0.23830414684767415,-0.047252572940408306,-0.9977038541594183,0.4235362616789564,-0.046179930885417275,BLK
2024-01,-0.7604073485810153,-0.2946583813714953,-0.8741983003238613,-1.0706742153895206,-0.7773114043180439,0.04781871225999046,BLK
2024-02,0.049587986611527364,-0.43453148183022117,-0.5267945119508497,-1.1586778871456398,-0.5925289145680869,0.03394242349680776,BLK
2024-03,-0.08958742897586977,-0.2480928652361503,-0.1510642291913523,-1.1867351608314338,-0.14825299641698822,-0.0948271543086171,BLK
2024-04,-0.7765993103228627,-0.13545739976137028,-0.5096545769185022,-1.0241140328822544,-0.7064253359178865,0.023038924019980866,BLK
2024-05,-0.17543885239689286,-0.2748260713845614,-0.49326440755020445,-1.1269614277581443,-0.8534504122269904,0.026537181810804222,BLK
2024-06,0.05316254077957541,-0.25360447147057175,-0.6707733956261207,-1.262732094273036,-0.5878479107086958,0.11327342679456076,BLK
2024-07,1.2540594754144205,-0.24077096693711783,-0.7814149723929246,-1.0754353354136799,-0.4918992084754094,0.028878131916253436,BLK
2024-08,0.17460041656678116,0.008559620688868088,-0.5937298112061847,-1.2045923756324866,-0.5383652741195388,0.0591144904696721,BLK
2024-09,0.5247760533795844,0.18490264437950868,-0.7813928669592315,-1.3174844507867893,-0.6312346365494368,0.03320227647927698,BLK
2024-10,0.6826278132777611,0.39875960842912217,-0.47826429370896567,-1.1013908378445776,-0.006313177889494666,0.04257376825153214,BLK
2024-11,-0.3226113458760791,0.6221263211694688,-0.999210645859421,-0.9221203149223633,-0.8536064723944534,0.007219270208411066,BLK
2024-12,0.46873903734748507,0.11649067063541182,-0.4749640868488367,-0.7396492973466922,-0.3425793126653483,0.049151609189649115,BLK
2025-01,0.030242484544743573,0.15103025974761305,-0.08477378580232826,-0.8067311240041376,0.3380241924562721,-0.09085444396736786,BLK
2025-02,-1.1103942285064998,0.4004936871611296,0.07000214621182956,-0.7594463410059507,0.13815170466682863,-0.026730896382355707,BLK
2025-03,0.39006363426105084,0.0786219094823061,-0.6315522480846973,-0.7607879363649651,-0.1701143825430522,-0.03404287439613529,BLK
2025-04,-0.05358866012040717,0.26139151215138073,0.019828709872769988,-1.0218956140514273,0.11151498036753854,0.0717913796760401,BLK
2025-05,0.07800628390637813,0.4393190924797419,-0.6631080522933649,-1.0118294612454055,-0.33215039842956945,0.07645036975315067,BLK
2025-06,0.1619582842211277,0.48481844845772737,-0.7109410899820912,-1.1328054603360533,-0.5696899976216564,0.05409772617319786,BLK
2025-07,0.6394882992975829,0.5797461501982031,0.3277692731116151,-0.9872698042130503,0.2024669204669086,0.019102082778751805,BLK
2025-08,-0.3581758077189455,0.3865370270295703,-0.47907013889863925,-1.1245136884711193,-0.3302580000725837,0.03924447406820275,BLK
2025-09,0.07604200551499632,0.32162352794457494,-0.43605111236469823,-1.1268188691906513,-0.1988552772701121,-0.07124346718206953,BLK
2025-10,-0.844166096196377,0.17717548108548203,-0.2991239632683413,-0.8749461778551286,-0.33728745658389425,-0.032792392612846166,BLK
2025-11,-0.493268069612818,-0.3233946769937252,-0.4907037509587368,-1.0613534521511325,-0.6025644945819906,0.026976699310145236,BLK
2025-12,0.19449461793827405,-0.3354443928709762,-0.3385738384031192,-1.1796433612280193,0.2622290396937856,0.04540543587527357,BLK
2026-01,0.0678577698178046,-0.4051949702816748,0.1235522857061309,-1.0774242153320597,0.6918769273571403,-0.049787012240056105,BLK
2026-02,-0.5887669447904228,-0.31680395750918433,-0.4887008225620901,-1.0638882206988818,-0.8202638370325734,-0.09044394423742586,BLK
2026-03,-0.7353297945230514,-0.23000405842161026,0.4802979540094175,-0.8896872340214292,-0.31220325654053815,0.10802632810306623,BLK
2026-04,0.011863527909103984,-0.4182279685541306,-0.5703215370158812,-1.07363612017467,-0.3139918955465893,-0.015559309309309266,BLK
2016-01,0.0,0.0,0.5830980890321023,-0.8715573482769988,0.45001603137226676,-0.016540008940545414,SCHW
2016-02,-0.1518307980257477,0.0,0.5617983671672298,-0.9271292211874821,0.6817279191170379,0.11863636363636365,SCHW
2016-03,0.6771816544808035,0.0,1.0340047110626907,-1.0712454931363886,1.365500954733017,0.013815522145469217,SCHW
2016-04,-0.04828664327723547,0.0,0.3081092571292255,-1.2575335345822334,0.09326314287514834,0.07895791583166334,SCHW
2016-05,0.6549812812639711,0.0,0.9601902007307332,-1.320565241366783,0.8796545186586425,-0.17236255572065384,SCHW
2016-06,-2.9437637007981765,0.0,2.230958210936889,-0.7982581471724199,0.9667326106312012,0.12298025134649904,SCHW
2016-07,1.1353348678177015,0.0,0.38382311690084603,-1.186531625050465,0.3723151418711569,0.10951239008792979,SCHW
2016-08,1.772860220791876,0.0,0.9881186439970805,-1.2084358750328403,1.642917843758357,0.0036023054755043304,SCHW
2016-09,0.07917099198605386,0.0,0.04076468488088776,-1.454683648786154,0.2553648162161839,0.003948312993539149,SCHW
2016-10,0.16290370567711984,0.0,-0.08242685946288605,-1.3617846565331069,-0.15411044545040403,0.22238112263139076,SCHW
2016-11,1.7922552052316023,0.0,0.2607726132784102,-0.8054169524658561,0.1069716385964452,0.021058789119625665,SCHW
2016-12,-0.22955247827520286,0.0,0.15412688474058134,-0.8088220444347102,0.3930609283393012,0.04497278716700093,SCHW
2017-01,0.3597792540194428,0.0,0.20614780257194995,-1.2634145183187202,0.23329424272394925,-0.018366228070175294,SCHW
2017-02,-0.9858572033557603,0.4428548587452408,1.1409206495617048,-0.9421314264380822,0.007060304067216623,0.009773806199385504,SCHW
2017-03,-0.07763059746163022,0.21787269201690587,1.7260199380240364,-1.1303750302740483,1.9855095333573471,-0.04784292035398219,SCHW
2017-04,-1.297007434028074,0.19101876867780318,0.7092119921058703,-0.8446162370443003,-0.03269685931443729,-0.0008713331397037782,SCHW
2017-05,-0.2639099696650406,0.11961295366710663,0.5675175661466335,-1.2038485727342565,0.014480549313109374,0.10872093023255824,SCHW
2017-06,1.7863894622411065,-0.04748874222838616,0.13290539353082614,-1.1299194763064966,0.5198052454104609,-0.0013109596224435416,SCHW
2017-07,-0.4702369296804408,1.0169169635458783,-0.5884636009037449,-1.1462809557299676,-0.190264075887787,-0.06825938566552903,SCHW
2017-08,-1.6586405154054165,0.6791758364789918,0.1603029662202596,-1.3296919001014553,-0.5447177375212137,0.09636517328825,SCHW
2017-09,1.120454285321175,0.04447561022361067,0.5381393718055776,-1.2048812083991376,0.36653472420172395,0.02518632742225657,SCHW
2017-10,-0.11360886282713016,0.28903589016220754,0.015005455870709694,-1.3013103122431062,0.05159989291340148,0.08999749310604144,SCHW
2017-11,0.911516823115808,0.1943464743757852,-0.10365681812373162,-1.4593686152697236,0.02722779337524005,0.052897884084636804,SCHW
2017-12,0.9204525707013129,-0.18204273749563066,0.7356329891674102,-1.1620042359385114,1.3408006939318375,0.038444735692442,SCHW
2018-01,-0.44425358059878545,0.0415136417071622,-0.5296687242826792,-1.2285968191770993,-0.5052926087333506,-0.0042069835927639465,SCHW
2018-02,0.5052935753738643,-0.2266109473304615,0.22994272287661593,-1.2466593853696128,-0.24099034576426828,-0.014997887621461814,SCHW
2018-03,0.3537165305898232,0.11238303726777285,0.409998407309764,-1.1166669526110842,-0.24415387597162788,0.06626635213381937,SCHW
2018-04,1.0216256699197899,0.23882489809792007,0.5105234790062546,-1.055408933820703,0.10918623533401715,0.0006033789219630492,SCHW
2018-05,-0.5235192788685427,0.7582621342168085,0.13404913335271018,-1.0483826142068768,-0.16107301405901342,-0.08120603015075378,SCHW
2018-06,-1.4515275021199183,0.6872573257590021,-0.18082296784133728,-1.4925142166211935,0.0397214246060661,-0.0008750820389411551,SCHW
2018-07,-0.5943303743907764,-0.10359882327336269,0.3313230915074267,-1.2533664727284757,0.2963124752677437,-0.002846507554193134,SCHW
2018-08,-0.5511887212800627,-0.12970776929969832,-0.1073324080134076,-1.1778926597499768,-0.4406161094071104,-0.0322793148880105,SCHW
2018-09,-0.7125425718891752,0.021331641055899266,0.09243079149983666,-1.3704118297934578,0.07129637087491802,-0.05922396187882917,SCHW
2018-10,0.08518251700540981,-0.3722394384959622,0.026263362829244623,-1.1465122849290772,0.027761814052424758,-0.028461167390255615,SCHW
2018-11,-0.5675513699529281,-0.3457025366349756,-0.3919910290201308,-1.3013675271142033,-0.7977441309579522,-0.07298907646474673,SCHW
2018-12,0.15157328915219007,-0.7269048282442292,-0.2753386582588691,-1.3289512614082357,0.25214383026776066,0.12613818960899814,SCHW
2019-01,0.44618866936136925,-0.7853278504944722,-0.23889997688174358,-1.43707810990892,0.18986038175499315,-0.012366230677764434,SCHW
2019-02,-1.0996876114226484,-0.5439036872738889,0.38484342382428705,-1.4952248719295833,-0.13227659771942069,-0.07079219841078732,SCHW
2019-03,-1.722524821283974,-0.8745458043679321,0.6102750972735904,-1.4295441497488228,-0.3800845940456172,0.07074371598859797,SCHW
2019-04,0.2437524412174429,-1.1498132928574212,-0.2405942242382023,-1.4239337653359136,-0.012018995469155325,-0.0876089060987415,SCHW
2019-05,-0.09137431193516453,-1.23430596055087,0.3534302591329037,-1.420220314138115,-0.03558451941357338,-0.034217506631299854,SCHW
2019-06,-2.284609934258535,-1.1385595248972928,0.5819583285066291,-1.0521743832079793,0.7439376594304307,0.07552870090634434,SCHW
2019-07,1.1230506930780093,-1.305136682141201,0.20012161045827637,-0.9630742906080003,0.24917230036717308,-0.11057201225740543,SCHW
2019-08,-1.272939078076836,-1.0810560915451506,0.6616482331230105,-1.0906802064420797,0.023785578114492473,0.09302325581395365,SCHW
2019-09,1.3589592904161638,-1.1776779460416715,0.12243722910661725,-1.4753295388783016,0.09754379365607582,-0.026792750197005555,SCHW
2019-10,-0.8378803170088708,-0.9155298335087525,2.122920181944852,-0.8270330609007728,0.7522371126468472,0.2207827260458839,SCHW
2019-11,3.4100803229922114,-1.3675409592169891,1.5322254478543806,-0.6194595429180009,2.8812325865542836,-0.039133318593853605,SCHW
2019-12,-1.3750514772730227,-0.3287161611001783,0.2621101716159116,-0.7069530157195618,0.442814485611759,-0.04233778186838477,SCHW
2020-01,-0.4630231173485627,-0.7077534943911263,0.6044047422786282,-1.0383866743481256,0.44288421034810566,-0.10187409899086963,SCHW
2020-02,-0.35932892772256547,-0.9626139198498698,0.30488408530418887,-0.8886389528347449,-0.03283408553630515,-0.1749598715890851,SCHW
2020-03,-0.3242601976242177,-0.7660132900623113,0.3624299890448151,-1.0029459801149359,1.178377584297652,0.12191958495460442,SCHW
2020-04,-0.08892969905214539,-0.5471974980493034,-0.20148778103607706,-1.2587898393801882,-0.30790585572937107,-0.04306358381502895,SCHW
2020-05,-1.5565506387541497,-0.49843442774071683,0.8052663694323433,-1.320873539408343,0.740653027747668,-0.06040471156750227,SCHW
2020-06,-1.074470796553477,-0.5667747191776449,0.8263854616527267,-0.9599757554371938,0.9324329580542058,-0.017679202828672524,SCHW
2020-07,-0.5926310665439805,-0.47620865675874224,0.14752379881829145,-1.1010933106052634,-0.16549569785932403,0.07755235602094235,SCHW
2020-08,-0.07104676411679942,-0.5425973854924107,0.08028712644528019,-1.1395182947437272,-0.2534697517429647,0.019738839963558963,SCHW
2020-09,0.9434966757822273,-0.3277659194471851,-0.17436618152465816,-1.2931702217914331,-0.0803360025818057,0.13460393091125678,SCHW
2020-10,2.4798452888044165,-0.3781492105747637,0.6269576584889683,-0.5027455711275405,1.425332272341807,0.19133858267716541,SCHW
2020-11,0.3075393805514587,-0.20147109880370173,0.5458392683443631,-0.8926725961130229,0.5102890070897986,0.0872438863185725,SCHW
2020-12,0.6234918457667188,-0.29797959274729363,-0.6098947069812719,-1.1909985218251218,-0.4566162938480068,-0.02816616008105366,SCHW
2021-01,-0.21391750908799606,-0.18094770676915858,1.0903629201469216,-0.9353610217840036,1.8093693665713964,0.20120934111759792,SCHW
2021-02,1.4709052621487821,-0.1366792831125445,0.46460446826611135,-1.0020313354684678,0.7168764300272794,0.056066655094601625,SCHW
2021-03,0.1043495889647493,0.2770722278671148,-0.3529641714599264,-1.2060261628434596,-0.08869174316454426,0.0800460223537145,SCHW
2021-04,0.8351049484976398,0.3964407939798707,0.8965025047287727,-0.9398042822291526,0.309473493567409,0.051742504945974765,SCHW
2021-05,0.6485897852347621,0.7230089805438512,0.4553276186115334,-1.053728096311817,0.9036100567508665,-0.01403559542757915,SCHW
2021-06,-0.5452103184754058,1.3892236370523725,0.6848663652206575,-0.858534280645218,0.6397933912900295,-0.06677428823011444,SCHW
2021-07,-1.521793767987912,1.973818392202726,0.9924108524474988,-1.0056451026596305,0.6103484881482448,0.07469727944645377,SCHW
2021-08,1.0666533636156132,2.085051908699009,0.8772902728165477,-1.0811287465547228,0.7414633269227965,-0.00014632718759155505,SCHW
2021-09,0.48426110864004296,2.3812130562507536,1.4976714235233093,-1.3157859785924375,2.30066938032551,0.12615249524367056,SCHW
2021-10,0.6957557572566042,1.9486257885376719,0.236884250772951,-1.1218399844558784,0.15843831912161355,-0.05445094217024038,SCHW
2021-11,-0.4913583814716861,1.1544634303948447,-0.058381740182462304,-1.2427531490269528,-0.5481033693078341,0.0867234744365033,SCHW
2021-12,0.6876193529575885,0.9540286993281201,0.06787036094604137,-1.2012748296367326,0.2863488446628987,0.04287340331351963,SCHW
2022-01,0.6293581889374891,1.160888106809193,-0.18045605078037624,-0.7748603138004048,0.23401399289704103,-0.034926024739267425,SCHW
2022-02,-0.022664813074794933,1.552883157383201,0.1578932466423634,-0.8925585042409783,0.055358368191749475,-0.0017592359889418985,SCHW
2022-03,-0.2374445797509714,0.804582404675968,1.203291499687157,-0.9542938866936096,1.3483412855987762,-0.21324269889224567,SCHW
2022-04,-1.2538979638917727,0.5318948323682309,0.5881821119810764,-0.6799000864958059,0.2803130124333248,0.06000000000000005,SCHW
2022-05,0.5152810485763646,-0.2262209419505286,-0.13185026081169499,-1.056461300409777,0.0788205159061959,-0.0987169811320755,SCHW
2022-06,-0.08762162908714834,-0.18685043179247687,-0.34135188437103103,-0.894625080666724,-0.27838124848989804,0.09294925473120097,SCHW
2022-07,0.04251472880792155,-0.10134712021336813,0.6356205345436521,-1.0311868254941166,1.4581270875608745,0.03079987741342305,SCHW
2022-08,1.1152904361683011,0.23743693135949281,0.0458088551279792,-0.7565510087174643,0.4200803865371045,0.012932956741489532,SCHW
2022-09,1.6724523539213312,0.23252115116265826,-0.8457299030184775,-0.9774024155692649,-0.3813303928502664,0.10859994129732908,SCHW
2022-10,-0.013252564124098096,0.5560288563217315,0.4919311497794352,-0.6764154278466538,0.4730194396251644,0.03878739740534809,SCHW
2022-11,-0.49885815623347074,0.284287821694219,-0.9108753516074464,-0.8802143190151823,-1.06050853997458,0.008793169364088138,SCHW
2022-12,0.8484006548380285,0.3153719895288316,-0.624118851440131,-0.940959729043267,-0.37572123778017585,-0.07011116725618993,SCHW
2023-01,-1.3993983165929178,0.34622025576614024,0.5183188335453309,-0.5232307899740231,-0.7424727407475539,0.009509577503056699,SCHW
2023-02,0.5478855431011819,-0.26009863314465537,-0.22535788904916404,-0.817941328813131,-0.1171854802015779,-0.3276813349481901,SCHW
2023-03,-3.344589798461492,-0.09795063724856416,4.377346210304267,0.5888543470192761,2.3469059679953572,-0.002802241793434801,SCHW
2023-04,-0.27918330780717465,-1.9486996358719084,1.2273928114269523,0.10372708992040228,0.4798796922464364,0.014050582095544106,SCHW
2023-05,0.08244496118208322,-1.2577332550621512,0.8390589060865091,-0.4445708463021958,0.07608520390848851,0.07561361836896285,SCHW
2023-06,0.30853911578840065,-1.0931246237258865,0.09589014540962519,-0.6531202185763421,0.039444988405901,0.16635995583363994,SCHW
2023-07,2.035869052158365,-0.9062940835600315,2.71740073925965,-0.5681339189881882,3.8727280329394964,-0.10176711896497326,SCHW
2023-08,-1.7051237818631453,-0.68767301743241,0.39391732094327514,-0.7600762214578088,-0.032485607906700784,-0.07184261373616718,SCHW
2023-09,-0.6646025195111026,-0.9669499292455283,0.5548820167914322,-0.8182274322526509,0.23207860293433924,-0.05204390613171839,SCHW
2023-10,-0.4982865937525025,-1.21536622105967,0.8720821102474776,-0.7592107669076309,0.5295306703083279,0.18366939508883995,SCHW
2023-11,1.1602574281799225,-1.1221285911781453,1.108639595969494,-0.7583033166771499,1.5589925795715862,0.12194299207286208,SCHW
2023-12,0.9898460563046944,-1.0611338205196776,1.2611790940106782,-0.7573191007367128,1.736092084946018,-0.0855381840048105,SCHW
2024-01,-1.2451967387967582,-0.9783517051054569,-0.6089206955877068,-0.9625546814161436,-0.8463320835480349,0.06559263521288838,SCHW
2024-02,0.2987765869295452,-0.9534980635875782,-0.23148992892956285,-1.1672297713967412,-0.3195387573689567,0.08330762110459755,SCHW
2024-03,0.6191557245542002,-0.9530072072947204,-0.446224407681669,-1.0608501786022346,-0.07803928575647229,0.02221589290800341,SCHW
2024-04,0.9455344324951827,0.17409834988191886,-0.7313081117169429,-1.0025128807572694,-0.19889673201268226,-0.005711897464474758,SCHW
2024-05,-0.5937965937867562,0.4644021857995286,0.5546894502139292,-0.9590079035295924,0.0011403599902299797,0.005604595768530007,SCHW
2024-06,-0.2555235570397698,0.34711458356859665,-0.5121872651082539,-1.215018447038933,0.03371235151014658,-0.1153685383865124,SCHW
2024-07,-1.870316483089357,0.18116699203321388,1.0742312789600383,-0.6471413090830203,0.02257462196209135,0.0025200819026618415,SCHW
2024-08,-0.20508023994539712,-0.7295028297243332,-0.4779294713900257,-0.9370432128762963,0.2427790817525174,-0.004399057344854684,SCHW
2024-09,-0.5018316587006579,-0.46288357652807305,-0.6178506259533222,-1.147837642634475,-0.42359956987828934,0.09278838567145331,SCHW
2024-10,1.7406785310516988,-0.43642921920546984,0.0659490591923784,-1.0047269014969558,0.8335806177895756,0.17256317689530687,SCHW
2024-11,1.3207879239158047,-0.022490451367337225,0.16927516107779836,-0.9628129685430744,0.40084727058884345,-0.10578817733990153,SCHW
2024-12,-0.7802145947015489,0.04506902470254033,-0.2622153287385113,-1.062162099498058,-0.6013172294978611,0.11775237570582564,SCHW
2025-01,1.0430643319606971,-0.40471548589281076,-0.10910119507341726,-0.9425055077973256,0.6347491400336804,-0.035362247412518366,SCHW
2025-02,-0.4299842731532532,0.15602471385483344,-0.497183466217983,-0.3885885570078197,-0.32727844587008526,-0.01583854898454473,SCHW
2025-03,0.5600179304779341,-0.009303378014994767,0.06599510274455919,-0.9864991937546974,0.5534444359355746,0.03997404282933159,SCHW
2025-04,0.9099129885565432,-0.000807688852976927,-0.4925135332831796,-0.8033069724636245,-0.33998150508519154,0.08873081242980163,SCHW
2025-05,0.26047544257568267,0.0003531229258039448,-1.2216687808887534,-0.9213768873662358,-1.2175635772289481,0.032783127005960644,SCHW
2025-06,-0.35676534931721404,0.2342250731301357,-0.8509334732673121,-1.006373423358562,-0.5892419673769047,0.07114317425083261,SCHW
2025-07,0.8619224359613524,0.22100916322243544,-0.7968291588679433,-0.8223487426588484,-0.10245873551979505,-0.016578592891928423,SCHW
2025-08,-0.9256806921734139,1.1598493970172712,-0.3074777251099928,-0.7958484130521815,-0.6321979993933144,-0.0038984300916656833,SCHW
2025-09,-0.3428158486616282,1.1373596448998529,0.18511891204778827,-0.701364272387267,-0.24088924624674687,-0.009942881320076258,SCHW
2025-10,-0.2928439472536287,0.9869550844997281,-0.8489673614683224,-0.8598845152265773,-0.8147581775612103,-0.016132478632478575,SCHW
2025-11,-0.25013738417000897,0.3241099032715555,-0.6498609731496072,-0.9387612712092541,-0.8724232676971563,0.0774242588771854,SCHW
2025-12,1.0148278924390537,-0.08500590312196972,-0.6026091714703251,-0.8327218008028634,-0.4162528796469194,0.040112880467647605,SCHW
2026-01,0.0208974514063021,0.3664071543157405,-0.7256106917414799,-0.9764769462205004,-0.8105869417832796,-0.08081395348837217,SCHW
2026-02,-0.9606615640103348,0.07482862926660133,0.3712141314246874,-0.6313230746266122,-0.4649705971715705,-0.012861058401855363,SCHW
2026-03,0.48992896894413335,-0.0341594635835424,-1.1245922495772405,-1.0860014747982207,-0.8607552672463941,-0.024882528833831685,SCHW
2026-04,-0.6104574013614671,-0.04615668452458511,0.06499238782304276,-0.6502985018701637,-0.5251257243917116,-0.06527214981929697,SCHW
2016-01,0.0,0.0,0.4055824101259187,0.20165966817333292,0.15492663945673354,-0.0229573391178598,CVX
2016-02,-0.28686836200940813,0.0,0.5006550489648021,0.10142584307999199,0.020092037808140832,0.14338575393154485,CVX
2016-03,1.1207699432427336,0.0,0.28662195040607763,0.2577443570288203,0.6558717222115577,0.07103559870550158,CVX
2016-04,0.8100282329143563,0.0,-0.21857734937291343,-0.02254468858075531,-0.18657738426573942,-0.0010575615651909898,CVX
2016-05,-0.44817796448886826,0.0,-0.5469870561187583,-0.13235402563270365,-0.6351640302508909,0.03796128251663622,CVX
2016-06,0.6959474871212175,0.0,-0.6175831636945914,-0.16944865922707514,-0.5473235844991916,-0.022439166545242473,CVX
2016-07,-1.130575514859773,0.0,-0.33527429844651163,-0.07553076854930625,-0.5755560148529385,-0.008197943061559076,CVX
2016-08,-0.4375245527277038,0.0,0.26069777452310827,-0.0884415433449968,-0.39792778734218986,0.02314397354974429,CVX
2016-09,0.49803824326325624,0.0,0.3314409117964968,-0.1313414865235766,0.49013317783201427,0.017920094007050524,CVX
2016-10,0.4056417520560746,0.0,-0.021724213092571755,-0.20253568011201745,0.39560296846497295,0.07561327561327569,CVX
2016-11,0.20216905970843546,0.0,-0.6670945259860301,-0.04635603501945092,-0.48446898671634014,0.05500402468473298,CVX
2016-12,0.42490205637423295,0.0,-0.7849673548295503,-0.15545119032679994,-0.7178213055434193,-0.05391658189216675,CVX
2017-01,-1.220014472848731,0.0,-0.6798787397857886,-0.28816119362306236,-1.4069216845140593,0.0200268817204301,CVX
2017-02,-0.3666275602036055,-0.035315573954233404,-0.14433192018194546,-0.24202314397079575,-0.4759247657324548,-0.04559230465146913,CVX
2017-03,-1.2178069682044192,-0.06470636436035015,-0.14388809312528683,-0.10710932878922855,-0.5543016148745377,-0.006212895209167457,CVX
2017-04,-0.35764418793733876,-0.28994155470597716,-0.20176318035788035,-0.5278164040259772,-0.6987583667215044,-0.02028341205890538,CVX
2017-05,-0.5318809939229914,-0.5059412569982455,-0.2579474713260241,-0.540396588739328,-0.3759701637431261,0.008224617129892309,CVX
2017-06,0.010485822537806036,-0.6083148931383123,-0.2953238241717282,-0.5884995570142508,-0.1769044100135376,0.04655414908579458,CVX
2017-07,0.35492310550699735,-0.713424809888687,-0.4623389955396272,-0.5819580194194652,-0.37849146724233707,-0.004434887783899999,CVX
2017-08,-0.19958483691259293,-0.48155761920469564,-0.7890728579922761,-0.511191482859873,-0.410019972788659,0.09179265658747293,CVX
2017-09,1.0409427333707801,-0.45462908307665867,-0.8127514572547254,-0.4929519386693793,-0.12714606270878984,-0.013724035608308593,CVX
2017-10,-0.6411182917982998,-0.34728184806877016,-0.11990570576352187,-0.5811109747081976,-0.7047491007212879,0.03635451924282318,CVX
2017-11,-0.007975228870830839,-0.5668606383196357,-0.9679681724796408,-0.6402123930332833,-0.5412325766660091,0.052134994556671144,CVX
2017-12,0.9013112974619291,-0.7449273618142598,-0.5706195089253557,-0.5821252028515574,0.6229152269840847,0.0012646585421935974,CVX
2018-01,-0.8811522634533027,-0.742344505509399,-0.23186646258025184,-0.5332648170655181,-0.17304609642043856,-0.09828912619129637,CVX
2018-02,-1.0558681216704728,-0.6635647594599815,0.09939187943100283,-0.3731769951614828,0.4150739856193463,0.018973640646886558,CVX
2018-03,0.9566322463513577,-0.71170834874188,-0.5919022270823644,-0.5583172278612214,-0.11524018380907187,0.09710072481879539,CVX
2018-04,1.5790122042852979,-0.3624671386543231,-0.7770077758717139,-0.41245727051142755,-0.6073564243749868,0.0021642556099783494,CVX
2018-05,-0.5006300023458472,0.01862900713973705,0.01594155128696702,-0.22248527013325467,0.24861115016737068,0.017162991588997478,CVX
2018-06,0.22847243495583044,0.03790141321305125,-0.05746968470562537,-0.443041734428068,0.027842774778053057,-0.0012291876187283668,CVX
2018-07,-0.6000809695470725,0.08355205206257012,-0.240160438907299,-0.6414414448393346,-0.5241959394929426,-0.05292011635712679,CVX
2018-08,-1.267173542612661,-0.12116544025283588,-0.17690544605768854,-0.5375565642891987,-0.7082949717327948,0.032250443000590545,CVX
2018-09,0.3624062274303393,-0.4441004552645804,-0.3701500824854579,-0.5676058303394872,-0.6239761886867435,-0.08697642481116952,CVX
2018-10,-0.18713872225983857,-0.5299594817411054,-0.685982663961546,-0.7293318099390891,-0.9508874977981013,0.07583354224116312,CVX
2018-11,0.671646793137188,-0.5269479469599756,-0.157252386737952,-0.47812673693623053,-0.1428413049316555,-0.08540137481067223,CVX
2018-12,-0.09118487310125534,-0.25199467614677673,-0.4239052409341888,-0.4575627176378435,0.3984529692230547,0.0538853503184713,CVX
2019-01,-0.33281027274984715,-0.40472262751027427,-0.7368982011012016,-0.6415527221872702,-0.9415092662962044,0.05342681010516137,CVX
2019-02,0.37683548081212664,-0.22477189381662335,-0.42905695466249777,-0.492964552375871,0.5491359984195354,0.03017785427423969,CVX
2019-03,0.2506081132355741,0.1773607719669764,-0.6110625520032997,-0.5437624474975973,-0.3508781433688321,-0.025395411004678126,CVX
2019-04,-0.8203876604461434,-0.03705944259261451,0.19667083276110536,0.23958953236582772,-0.40130732801911523,-0.04228571428571437,CVX
2019-05,0.5771752258008895,-0.6401238562172387,-0.45537931900995066,-0.1156630646691392,0.5230041638878882,0.09295942720763728,CVX
2019-06,0.20447500928122905,-0.3707486063972255,-0.7994095554883492,-0.5858117905713667,-0.5450575862658215,-0.01069985806310736,CVX
2019-07,-0.5427358807401614,-0.3981767473952541,-1.0559516874863644,-0.7545049260415846,-0.6557413550799587,-0.033881470036419725,CVX
2019-08,-0.11430984481273061,-0.3823528149142528,-0.6956469206977598,-0.503469783421116,0.010372480365318208,0.007425177061914479,CVX
2019-09,-0.2531459565278392,-0.017251640851327892,-0.4777029352616903,-0.4220434560585393,-0.463872477499521,-0.020750652001360725,CVX
2019-10,-0.751115121044422,-0.16685444018717413,-0.6100251227968756,-0.7341278910112665,-0.6534650895422497,0.018527095877721056,CVX
2019-11,-0.5496252695051154,-0.36924394502478625,0.4206081131983734,-0.4372155104622136,1.1512344825170664,0.02887676216462043,CVX
2019-12,-0.12425772330892484,-0.8498560606541374,-0.3307865019171325,-0.5157966768912374,-0.128919526997599,-0.11093922651933708,CVX
2020-01,-1.1630014662419013,-0.7525219610952899,-0.6635572080855343,-0.49028307395150555,-0.8902273760847875,-0.1185682326621923,CVX
2020-02,-0.6491647534896511,-1.0276971882721635,-0.34484033806559755,-0.5671091252711994,0.020628138987590076,-0.2237732656514383,CVX
2020-03,-0.7444407402822164,-1.0813535924671933,1.4102226299673424,-0.35335139011338934,2.01153088240223,0.26975476839237067,CVX
2020-04,1.5413429004979522,-1.226844809137473,0.730964480036499,-0.2687620358486659,0.8805126528982004,0.011444921316165813,CVX
2020-05,-0.5983249078323722,-0.5959353835030206,0.2300134963403804,-0.44219423251205137,-0.023716677848637305,-0.02701555869872696,CVX
2020-06,-0.6268037985604474,-0.6285897639525008,0.41173198739947964,-0.570461675001117,0.1757265759479583,-0.05931094635848255,CVX
2020-07,-1.018308280146463,-0.6510408840455842,0.5930644486678962,-0.5381281164720265,0.8126442455519161,0.014371812702828057,CVX
2020-08,-0.6215212505460241,-0.6306853990812943,-0.16691602567463745,-0.4642377195437623,-0.2635737329772897,-0.14213893967093238,CVX
2020-09,-1.834289524552867,-0.4692464974738369,-0.2549297687562848,-0.40502167548051965,-0.38575912682249097,-0.03480731664002845,CVX
2020-10,-0.11819119750052273,-0.594196293896349,-0.03916876891601796,-0.43933652558654723,0.07054485588959648,0.27286108555657784,CVX
2020-11,1.0300379817377328,-0.7169797032148816,1.393353440469917,-0.39624950064964853,1.0303231405719329,-0.031367447239086466,CVX
2020-12,-1.234902567273595,-0.5062212999943062,0.5112946050961568,-0.43140486879963813,0.18081317576078876,0.00895388747948056,CVX
2021-01,0.4809461507560651,-0.5726087004901059,0.13040059903803752,-0.6061302729861836,-0.4265412871188344,0.19020854903120843,CVX
2021-02,1.3612982005171201,-0.5771295611176367,-0.2797334064739153,-0.40846851705142073,0.09031244857762086,0.04796818690195104,CVX
2021-03,-0.031418207102545295,-0.45400816338415767,-0.25607945108445845,-0.25103625522014295,0.09213288831926043,-0.016482864935372987,CVX
2021-04,-1.0631916586628714,-0.2432991119132074,-0.024694557770379825,-0.5518052912287211,-0.4554223991322051,0.01929105377381246,CVX
2021-05,-0.03768503529077226,-0.742549637967932,0.4091453803025662,-0.33850810443839796,-0.0677685374682378,0.00922640170333544,CVX
2021-06,-0.1570566048193381,-0.7447463724099884,0.5676827793616402,-0.3344009713528186,0.05386494810378594,-0.028012189404594268,CVX
2021-07,-0.7998157369113875,-0.7299987028748006,0.15973563532755433,-0.407369572568637,0.3028246044263466,-0.036657421922103084,CVX
2021-08,-1.253554859802305,-0.5927686285404762,0.34477415904655856,-0.28217627515485844,-0.06578927629793939,0.04831643509826011,CVX
2021-09,1.2948901516161564,-0.5651345914008529,0.3137997617161183,-0.2585643655745597,0.390749970996841,0.128597014925373,CVX
2021-10,0.7233611023173162,0.27639158124232516,-0.6096803907368363,-0.31445140651885756,-0.27891833551886214,-0.002750740584003264,CVX
2021-11,0.010861361513028666,0.48272217722146227,-0.5589998649610513,-0.29384650617869046,-0.5112839811478469,0.039677487799702815,CVX
2021-12,0.03475821018110234,0.16154625411977871,-0.6412687525235297,-0.37031102520641834,-0.5056098939747067,0.11908163265306126,CVX
2022-01,1.3730709569776838,0.6348938524243225,-0.5295026645246627,-0.1308287168252391,-0.026091191477988652,0.10796024436947205,CVX
2022-02,2.0815900196272272,1.205279816188535,-0.4655464326076574,0.028807138393355337,-0.0035073279004493754,0.13077112994815243,CVX
2022-03,1.5746346271734981,1.3213707206961498,0.05797063943718309,0.6883262878729388,0.47707641212426477,-0.03784570596797687,CVX
2022-04,0.4984835745571685,1.641672984353236,-0.2567060327568394,-0.04245205925813994,-0.17848537649462323,0.12405446293494715,CVX
2022-05,1.3448964143817626,2.0927945546194686,-0.4292969756188901,0.06591162137720177,-0.7095524223489484,-0.17106325706594883,CVX
2022-06,-1.0641799788935564,2.531530012196412,0.21172178832311334,0.21554169599371575,-0.18238002027564787,0.1311901282675758,CVX
2022-07,0.490413420289748,2.1335479837631333,0.6304926764287118,-0.03962271826609233,1.7103407665095762,-0.026123152002296646,CVX
2022-08,0.1269882396313945,2.681712427475317,-0.27411681521556225,0.04948215644908295,-0.13873395170868943,-0.09100957995578474,CVX
2022-09,0.11901470243126676,2.667808553326914,0.08420669516380629,0.17328210195461446,0.24199000242081625,0.25910012160518847,CVX
2022-10,1.2533373257987186,2.3637617987753856,-0.4241368029593094,0.0030861721779113973,0.2756425556715035,0.021183439572467933,CVX
2022-11,-0.7206706628177272,2.4305819149287133,-0.5445724508956729,0.006219393920790063,-1.0052657275572539,-0.020870113493064335,CVX
2022-12,0.4328786544977405,2.1054637695858016,0.008083423354575531,0.0012047432917468405,0.16037345893186553,-0.03045914096207092,CVX
2023-01,-1.0308512454929781,2.1648304679594266,0.23945126287397134,0.12830587409100327,0.3173094587454075,-0.06794633368756631,CVX
2023-02,-0.6565157974626128,1.9356541248388879,-0.36552552873723604,0.06456224155552748,-0.2592889173235011,0.014822204802964256,CVX
2023-03,-0.11624009348821418,1.0451218932909976,-0.31222653799881533,-0.08960510361738422,-0.3131326826995731,0.033213959693841666,CVX
2023-04,0.3500757299556511,0.47976155202100956,-0.38524233759550935,-0.09134480450584163,0.22113786147273487,-0.09779801549544642,CVX
2023-05,-0.9210072880817606,0.19329060102175416,-0.08792930190224013,-0.16345992541716994,-0.28799474769578143,0.0446704331450094,CVX
2023-06,-0.22409821202027483,-0.6135726183205789,-0.4396597884049837,-0.11150058083175034,-0.40189248378723136,0.04009229881742149,CVX
2023-07,-0.09903675592733177,-0.3256747139540949,-0.3096107942258928,-0.29553621711424544,-0.3693335761374098,-0.006170271769273539,CVX
2023-08,0.2693356507956353,-0.48851849152925353,-0.5392104184579252,-0.07178140777024865,-0.4019162607957228,0.04666899197767704,CVX
2023-09,1.9916789686803085,-0.4217080961017949,-0.4125395159278563,-0.022839032970637815,-0.17645877030781254,-0.13576379632098112,CVX
2023-10,-1.9535500895241271,-0.19981193090591903,0.6435391323633691,0.1745774310035826,-0.23617527444642905,-0.004241536207295282,CVX
2023-11,-1.354795820486342,-0.7348980812593954,-0.3452301942300507,0.1469686280314485,-0.1591591061270802,0.038723667905824044,CVX
2023-12,-0.2657783400812098,-0.9124882691753399,-0.39938386975154566,0.02359486225579247,0.08532459870351852,-0.011631374888159907,CVX
2024-01,-0.3348606825758586,-0.9311565257985926,-0.3270971654419648,-0.1881065565149467,-0.4275575059360771,0.042320458660229265,CVX
2024-02,-0.027496972198570793,-0.8276127401883709,-0.2504780755811025,-0.21485530638710937,-0.07167492199498163,0.03770717232394882,CVX
2024-03,-0.03553639534695663,-0.7190688853825605,-0.6612394415761454,-0.24196437397873027,-0.8089871566629845,0.02238805970149249,CVX
2024-04,0.9480676393067892,-0.8133669736994948,-0.7156568359742718,-0.2666214792819308,-0.6275627732289185,0.01657684698819839,CVX
2024-05,-0.26946955524708716,-0.6875504980667879,-0.6131013354506262,-0.3213086178020409,-0.33578884519502655,-0.036236746745403337,CVX
2024-06,-0.8725443456831169,-0.49883829075852626,-0.27006985566456265,-0.2940696086797527,-0.23668214432940227,0.02590168500208878,CVX
2024-07,0.06013092737727086,-0.6163291425887771,-0.7466854418479502,-0.5263882194253812,-0.5957465218164731,-0.06773449165196133,CVX
2024-08,-1.2170785704913887,-0.6621785845441874,-0.32631617492381626,-0.28030931167792855,-0.7097449641350855,-0.004586488060570937,CVX
2024-09,-0.5048612142026893,-0.9703609779032968,-0.3360439474704387,-0.3080535262574489,-0.44553397541743844,0.010531704819717769,CVX
2024-10,0.28007401438176677,-1.2196900930360635,-0.8853890783899637,-0.5059670927327566,-0.6736053320896974,0.09915321705145841,CVX
2024-11,0.39269789210835804,-0.8058673736644545,-0.8346265926898297,-0.3513541775071683,-0.67605945022746,-0.10548495423717663,CVX
2024-12,-0.7768633855229897,-0.46912176934135896,-0.3295827776527747,-0.21237464514609616,-0.5294141457000535,0.030033124769967,CVX
2025-01,-0.2520228558165699,-0.62178240428527,-0.4202620265805674,-0.40937914584477375,-1.0293036017115014,0.07496605445579929,CVX
2025-02,0.9227910648030032,-0.61854697181799,-0.7737953656546056,-0.6341808636728463,-0.2799030236730212,0.05464698843238924,CVX
2025-03,1.6598102404047441,-0.4102882779746571,-0.7674515777881861,-0.3339655268456224,-0.5607545622715462,-0.18671205244578903,CVX
2025-04,-2.0409316928613714,0.03658859226701893,-0.22454785094176163,-0.3264903005901245,-0.5206442086292308,0.016974112540691255,CVX
2025-05,-0.5124775156480372,-0.8412253466455312,-0.8603148998265832,-0.40442059073200476,-1.0719419635371938,0.04748113710845203,CVX
2025-06,-0.182167533506226,-0.8896618252005222,-0.3318604655166539,-0.32842029198258604,-0.3631358959532152,0.05900756693830056,CVX
2025-07,0.7035591401911796,-0.7858092112079326,-0.12714503879479347,-0.045242733883874536,0.48185613350300754,0.07083476468567507,CVX
2025-08,0.4646379175332631,-0.6239503862629426,-1.0403518877967772,-0.35224846913035956,-0.985270375977762,-0.03304247401514182,CVX
2025-09,-0.6257641558637119,-0.2211814513331636,-0.2698185411367984,-0.49953146145502997,-0.3749641358478565,0.015592860460486913,CVX
2025-10,-0.06318186759582388,-0.3346509624154587,-0.9170727348504097,-0.6712123987513723,-0.5197499570316586,-0.031033581601986104,CVX
2025-11,-0.4676004144773422,-0.37715307102127005,-0.8086061492688835,-0.4794848747619769,-0.9573138853757274,0.008428292090890688,CVX
2025-12,-0.10712305715906109,-0.527934605800501,-0.6309611939266639,-0.49309046793312533,-0.7531690199813892,0.16073816528483542,CVX
2026-01,1.0911936216327445,-0.31445545921994805,-0.13928704968207045,-0.16544603290550491,0.3530389612725047,0.06601382488479257,CVX
2026-02,0.7992431682022646,0.017079801758031102,-1.079195432643914,-0.31102112018815914,-0.7842367362546897,0.10785691127202002,CVX
2026-03,2.3964158011607686,0.001641479915342992,-0.686999582048596,0.22890196670682356,-0.31670627785501043,-0.065652131499366,CVX
2026-04,-0.8013534605221686,0.1146426403315432,-0.37282165913163584,-0.037415514443642564,-0.8846969546905815,-0.04588640634788055,CVX
2016-01,0.0,0.0,2.125345762529636,-0.41088846324250383,0.5364510531610477,-0.12751677852348997,COP
2016-02,-2.487074927466565,0.0,1.9191449456965934,-0.32657374302420933,0.6431703728417505,0.1902834008097165,COP
2016-03,1.9613258792691624,0.0,2.465373553522089,-0.42776778231099716,1.81502525976313,0.18673469387755115,COP
2016-04,2.545542418112796,0.0,0.5444994166582564,-0.6010583022137629,0.2781787896097708,-0.07853253081112077,COP
2016-05,-1.5163116733483535,0.0,1.1017345871574824,-0.8399646278013672,0.15627609656797833,-0.004354587869362381,COP
2016-06,-0.03634015160426776,0.0,1.369198429958727,-1.0015291605628505,0.9127122372804539,-0.058106841611996196,COP
2016-07,-1.6863455518426644,0.0,0.5780483937584874,-1.0384783598708203,0.09765392915122505,0.00563847429519071,COP
2016-08,-0.17770194049721108,0.0,1.1410000619019969,-1.0132077897676421,0.18033933105401892,0.05903693931398424,COP
2016-09,1.2673885286502244,0.0,2.621009978875718,-1.0157203697691555,3.193030925781449,0.005294300840859689,COP
2016-10,0.18628815896853965,0.0,1.1739229505421436,-1.0254123924200904,0.8820307191799999,0.11679058240396523,COP
2016-11,0.6482849247844629,0.0,1.2950081485898914,-1.1103613310558698,1.384385652010798,0.033564493758668545,COP
2016-12,0.01155396785065494,0.0,-0.04412611334189279,-1.287873473341969,-0.24396141079226763,-0.02764358561460012,COP
2017-01,-0.8002937778921604,0.0,1.2406838682137102,-1.520818798527993,0.8298175800178875,-0.01932100469224385,COP
2017-02,-1.0012564765638452,-0.14428503637001044,0.4852067049045172,-1.0719718420792015,0.47491480250960955,0.04840979453982541,COP
2017-03,0.7180156975207002,-0.021254812938956345,2.4718782654783573,-0.9537034771057555,3.2286043449174495,-0.03946308724832215,COP
2017-04,-1.1079201778842498,-0.1362614560613841,0.018213604866572957,-1.2342811079072997,-0.276960107838711,-0.0620458356623812,COP
2017-05,-1.108383875201104,-0.6384731992082983,0.38071053046429787,-1.0127375806620071,0.23580552935310448,-0.016090584028605415,COP
2017-06,-0.41919615189821446,-0.6685305305613141,0.48596645953629997,-1.0181835454262578,0.6080778857288508,0.038158691701998704,COP
2017-07,0.21019146074139533,-0.724785622451171,0.542471064358761,-1.1654643759732959,0.4557412211348333,-0.037631271878646455,COP
2017-08,-0.9584685622291395,-0.4032684093404071,0.34732301288215706,-1.2104690493112815,-0.061322998093198626,0.1464080024249772,COP
2017-09,1.9906496873354351,-0.5309550699583332,-0.5410849548001005,-1.4795591643971266,-0.35602144067546815,0.02749867794817562,COP
2017-10,-0.08226022944248233,-0.3783573924851065,-0.15095863006406254,-1.5625760044682735,-0.05246102156330303,-0.00514668039114774,COP
2017-11,-0.7193456183770045,-0.4208690435698229,-0.012663971133023868,-1.2161493380575341,-0.45232232440215653,0.07863424728401469,COP
2017-12,1.566190573556019,-0.8718315604633906,0.46047714703736964,-1.6057327280614788,0.5237436672630906,0.07146282973621099,COP
2018-01,-0.056261868268708354,-0.6922947403044332,-0.10878186430696121,-1.7503790445706628,-0.3356636988902257,-0.07139659803043863,COP
2018-02,-0.6096241933134224,-0.45708141859506346,0.16748248456820686,-1.535304017648503,0.46393412655981026,0.09158833453844295,COP
2018-03,2.2453743893777354,-0.3301843185779669,-0.3850888643378923,-1.2900959026620773,0.43720702348607793,0.10487966438507401,COP
2018-04,1.7196304750114415,-0.0010582048327044354,-0.10745570664164514,-0.7846067197421825,-0.20644754505412213,0.03317346123101528,COP
2018-05,-0.04589947324073237,0.608181116020385,0.5316952875285984,-0.8914259722833193,0.5485344581139191,0.03307543520309464,COP
2018-06,0.500233847213545,0.9955493575215268,1.1594598087510943,-1.0183026284724586,0.6709222843988769,0.04081632653061229,COP
2018-07,0.08272874544377337,1.1997132742894536,-0.30158361109289433,-1.0895404903983739,-0.5689335871908853,0.017449181507465328,COP
2018-08,-0.2609878419341716,1.5262102277198861,0.8027683008129759,-1.0597005597334437,-0.20116110125042888,0.054101838755304055,COP
2018-09,0.7264108727063151,1.4500809922826394,-0.21334632863545117,-1.0902485693015336,-0.6661333555249411,-0.09308956725930895,COP
2018-10,-0.24712397586925355,0.9674602241493354,0.12764705461011228,-1.2306957986525406,-0.26104206792465773,-0.0532642870353246,COP
2018-11,-0.8622545280680033,1.2806597605088645,-0.02288554512050084,-1.1383900320204308,-0.784891600514229,-0.057823793709708915,COP
2018-12,0.44817397252807323,0.9621646519292956,0.371063821126453,-1.40367535821628,1.1648396137920771,0.08563134978229314,COP
2019-01,0.009461397698165964,0.708567175508093,-0.17604896616556215,-1.3236471142175534,-0.5616766025003701,0.006875477463712754,COP
2019-02,-0.6678664633673369,0.857978926506269,0.31678376279466597,-1.2641664428171064,-0.7592495888497327,-0.016312594840667716,COP
2019-03,-0.65789726880462,0.90534038436553,0.2886786708693996,-0.9298274580276221,-0.07157441607122153,-0.05418434246047055,COP
2019-04,-1.1390451873477097,0.050238660045075934,-0.06840801347091288,-0.9356631068077755,-0.4146036859274312,-0.061162079510703404,COP
2019-05,0.298735320302529,-0.6992427532575745,0.26706397365869294,-1.1248281382460847,-0.33451969104461965,0.03452768729641709,COP
2019-06,-0.9391408937570039,-0.6143558574591279,0.2767812499140609,-1.3204274850101854,0.5970401153387754,-0.026448362720402963,COP
2019-07,-0.8469697439678859,-0.9237468482658084,0.02774425212084672,-1.3559872915880236,-0.34331946235255495,-0.11686071582578705,COP
2019-08,-1.3679478703300405,-1.1844627492479367,0.5210582533818496,-1.4812963358799192,0.5633694008071701,0.092041015625,COP
2019-09,1.3404603406096096,-1.3527659241084358,2.359594061826065,-1.0324728442404776,4.136536827989093,-0.023921305611446453,COP
2019-10,-0.7966460563100505,-1.5004037501942553,0.5120038972388384,-1.3994024694001668,0.13673662178184492,0.0858909757214843,COP
2019-11,0.7692064066657223,-1.8230159067564757,1.2549636057033795,-1.2844934458710764,0.6474979929360075,0.08500316388947482,COP
2019-12,0.9079797321830011,-1.374108620241176,0.6701253658225809,-1.2740245213397914,0.8903623359184326,-0.08611975116640747,COP
2020-01,-0.9097546801670922,-1.102739651573744,-0.5080655349422954,-1.335282391503242,-0.5408011847227437,-0.1795362688789619,COP
2020-02,-1.7076635932731092,-1.3102920903152062,0.7556695379145427,-1.167521617744187,0.3533292854361929,-0.36401348198081407,COP
2020-03,-1.951613716709161,-1.3815872184118274,1.871427096189097,-1.548204047267954,2.577658457277971,0.3673053403995108,COP
2020-04,2.6170951058627017,-1.738982131353009,1.7761154581766443,-1.3281871404165995,1.966260208649586,0.011627906976744207,COP
2020-05,-0.59510813335041,-0.8872630790465673,0.7326203787948383,-1.4929163715368292,0.45981807883949044,-0.0035366931918655586,COP
2020-06,-0.31200955148722825,-0.819659380430823,1.2053668712666252,-1.5005437368049277,1.9496963314650912,-0.10115350488021302,COP
2020-07,-1.4461410397515302,-0.7210048384020632,1.020361533320396,-1.4188915903013068,0.415993721523918,0.013162224415926183,COP
2020-08,-0.6320600565779787,-0.709052918821447,0.39221367813940966,-1.3746647066161186,0.14758933906341934,-0.1331601169210782,COP
2020-09,-1.6802149505988917,-0.4678865654141414,0.4017470985823277,-1.4316760702246478,0.01671955512832681,-0.11802173098538782,COP
2020-10,-1.3943407317296073,-0.6312904244260272,1.9015757383260625,-1.171453637196394,0.42990881647955703,0.3823279524214105,COP
2020-11,2.000195366418066,-0.8334878803884382,2.2510350296875696,-0.9951493894948584,1.6637200693483927,0.011063306699446773,COP
2020-12,-0.5701003624983939,-0.6023009987286212,1.7019116827047767,-1.0784179437266008,1.8901774202923083,0.0009118541033434902,COP
2021-01,0.33040440548438227,-0.6725964930854684,1.2143231950638531,-1.1106421196575764,0.5865074120772666,0.3112663225022776,COP
2021-02,2.567464695950826,-0.77446730210776,1.3358744660703306,-1.1158742816037899,1.1741909889240465,0.01829550717924966,COP
2021-03,-0.5288696057531992,-0.48122691746430973,0.6073764394680795,-1.1166640556550087,0.32848841113797184,-0.0345690243347736,COP
2021-04,-1.4188664829424182,0.1348703064397285,1.3373995350359813,-1.221886026009312,0.4052812085529221,0.09846878680800941,COP
2021-05,1.6367449998835701,-0.5798638427463444,1.4907002590088518,-1.186427881461684,1.9664288984555045,0.09264422045893195,COP
2021-06,1.2348675688812416,-0.31738342630516864,1.2887391177775156,-1.1148046577811537,1.0717513394369453,-0.07242394504416105,COP
2021-07,-1.62702357304114,0.02893482609890058,1.352894487658435,-1.07330691355816,1.2095012631670377,-0.009521794329242383,COP
2021-08,-0.6881516436401213,0.32373534263615583,1.138305187002181,-1.1583379111721046,0.7599301939509189,0.22046571245460367,COP
2021-09,4.17440418198216,0.47580018743976144,1.754670844425316,-0.8987232082593218,1.8555422855858366,0.10572378785226677,COP
2021-10,0.4650595100939433,2.2713203359565255,0.4264153196008116,-0.8465467810102263,0.7735948160048189,-0.05841380402089602,COP
2021-11,-0.5298539269252268,2.7437181848938255,0.5719629090420694,-0.936890817849003,-0.11852549274221565,0.032111634162743874,COP
2021-12,-0.07023378179554997,1.6952445694309,0.2008128580742913,-1.1803341639065443,-0.3802853203606419,0.22772438507900317,COP
2022-01,2.433310813413755,2.1534394572811784,0.2136733448954015,-1.082335444035032,0.24579510785811048,0.07589226482685407,COP
2022-02,1.6093318988963237,3.588221186855363,-0.09208453539229229,-0.8259186395994477,-0.03291941562881103,0.0573436921938586,COP
2022-03,0.57066597265811,2.7994678109635744,0.027881474974300255,-0.6236264306627894,-0.046251153263132706,-0.0449031957079542,COP
2022-04,0.4279725896084758,2.7413647913265176,0.3398516910639702,-0.9301909456251978,0.33411183178654874,0.18158505312003914,COP
2022-05,2.0900164174934543,3.302027356041675,0.4413490225461671,-0.7103812305723177,0.2938222612448003,-0.1945018602728401,COP
2022-06,-1.3805634191470717,3.6109179198976493,1.7607227645694057,-0.45721122757426863,0.6603941341763486,0.08480882730305361,COP
2022-07,-0.052830551150231116,2.47222941330072,0.9717195191508263,-0.7310170748091778,-0.13801693995712505,0.12844470727380242,COP
2022-08,2.81060779404658,3.088476537885688,0.49314644527947277,-0.611472008763062,0.7300072832128328,-0.05156692170632016,COP
2022-09,0.7084914685989355,3.825896131621585,1.1833997794556237,-0.5331318539648063,2.093886314514575,0.2320698419714886,COP
2022-10,1.0258540175674729,2.786016143824242,0.1727259495346395,-0.46916857378910004,1.19733242813597,-0.016683110592878303,COP
2022-11,-1.1977948690678706,2.8257130658435488,0.5098436620841433,-0.4263734137793792,-0.08843721538851028,-0.03867554501505055,COP
2022-12,0.18346092960982305,2.581240235413704,0.6016564414276563,-0.6820677812994016,0.8470268538963505,0.03273555365784242,COP
2023-01,-0.443486064241737,2.576699022264621,0.0064082201272152245,-0.9601247584458452,-0.28194041597524544,-0.14810731348768835,COP
2023-02,-1.9029796250531188,2.2613793104526727,0.9166409755162533,-0.38075847586872286,0.31346799862513797,-0.03418895599654881,COP
2023-03,-0.5782066081188784,0.9858583324159605,0.4763045307754979,-0.7518800136225198,-0.04186445512851438,0.03707426018983817,COP
2023-04,0.41752118159341656,0.5272735873748015,1.4504652718531803,-0.6949792239680179,2.3025436787326123,-0.029826639388392473,COP
2023-05,-0.3112005340480738,0.29008222087296676,0.05428049265771648,-0.7059786221285128,-0.2307616934654892,0.04972253052164266,COP
2023-06,-0.13713445482969072,-0.4748389244456402,-0.106896005982535,-0.8946932614225176,-0.3100404559706756,0.13618101078452094,COP
2023-07,1.5256100785639821,-0.08977068990487418,0.21833499848116814,-0.9441768051910171,-0.392946928956439,0.015447608412432645,COP
2023-08,0.7158318344143054,0.24553818062856805,-0.6218344683729404,-0.849499652494853,-0.5349573532467332,0.011546920821114304,COP
2023-09,1.2044640214338318,-0.19507792592932383,0.4379218279348989,-0.7270825320946882,0.46983037624583557,-0.008334843268708148,COP
2023-10,0.26148749906019764,-0.19191824807587043,0.3634644205774259,-0.7196758929137329,0.9243359466529836,-0.022291247944454584,COP
2023-11,-1.5963782863328395,-0.4038689249273137,0.503433165055443,-0.7050224614937008,0.4640192909666585,0.004298262007101483,COP
2023-12,-0.7851935111917222,-0.5010179787141897,-0.4794092739111722,-0.6495275040682456,-0.36349638176878685,-0.03619278005210269,COP
2024-01,-0.63739211343356,-0.6155453490673729,-0.04995087126499668,-0.9814566210369762,-0.5939284245478256,0.013128680374553614,COP
2024-02,-0.4367627483065627,-0.6615531326378057,-0.31211986577428896,-0.7785699512652879,-0.17574354848799856,0.13101476893758934,COP
2024-03,1.3040940219701176,-0.4122745836076301,-0.45889211724216183,-0.8199194839727563,-0.2975828645819837,-0.013058129738837354,COP
2024-04,0.4265238112779817,-0.02405183511779741,-0.6335649119917817,-1.0305716250757446,-0.6246828780252699,-0.06683738796414862,COP
2024-05,-1.483243253967127,-0.0003598384971042429,-0.3537341127730814,-0.7360685288393146,-0.33142694872345746,-0.01802049030369557,COP
2024-06,-0.6039150847541905,-0.2342257978705476,-0.2307738164386592,-0.7016747822927556,0.07331044031393225,-0.027852817885421488,COP
2024-07,-0.6744204763864757,-0.3383282114717239,-0.8334212902674691,-0.9628980750813003,-0.8595059390009124,0.030663089306247615,COP
2024-08,0.20031225007987447,-0.8337228327540251,-0.44352516055434793,-0.7954127620131732,-0.5365213752744832,-0.07474897731498709,COP
2024-09,-1.6389397698152957,-0.8830759480689542,0.08057065952683164,-0.6125813740066699,-0.3920956600790536,0.040494372990353744,COP
2024-10,0.8121111450848097,-1.2460110035518261,0.7146710624395445,-0.9216672017206008,0.9257270775914008,-0.00405601158860458,COP
2024-11,-0.912131268609468,-1.1013221830331492,-0.21390225321569925,-0.8148760099996729,-0.2952141940695524,-0.08465044119073006,COP
2024-12,-0.5466012098357823,-1.034357958040554,-0.44698196921210875,-0.8121496402610916,-0.2543688343662612,-0.003389830508474634,COP
2025-01,-0.7454794311629932,-0.9932432392805411,-0.6729704430010393,-1.1543747640396342,-0.8718195207437524,0.01137329931972797,COP
2025-02,0.14305722168226415,-1.028338799502345,0.21806333599425756,-0.8875588976175158,-0.3558253662150398,0.05916973200210185,COP
2025-03,1.7303790234491057,-1.0229244514891604,0.08706319500706933,-0.6365491519708109,-0.28857596506326233,-0.15141893232784287,COP
2025-04,-1.5815099728644362,-1.013718201828388,0.7144300909084046,-1.0635215117335888,0.2523706050861876,-0.03414405986903646,COP
2025-05,-1.0631151933025165,-1.3761965650509451,0.02408225512580647,-0.8169349912625625,-0.12960260362855486,0.05145278450363189,COP
2025-06,-0.1349882925386163,-1.3002782235947115,0.5638681974742656,-0.8501600583827823,0.0819246123707621,0.06240644789867589,COP
2025-07,0.7479127499408693,-1.2848973740118759,0.21425605876258258,-1.213823953918477,0.23357263891850738,0.04671074021892285,COP
2025-08,0.08094278115357749,-0.9715072370205482,-0.6622005082554445,-0.9677074260354394,-0.7399407151564671,-0.04431559329053636,COP
2025-09,-0.7352105327712998,-1.1235900104347938,0.25614127533531406,-1.0427545933332076,-0.228818771099347,-0.06056338028169017,COP
2025-10,-0.7481120637917186,-0.927545449347886,-0.2353471717076732,-1.2743277828330353,-0.4319168278042667,0.007380924922154364,COP
2025-11,0.09301144181241376,-1.1547190956323412,-0.3712153435645591,-1.1839890005507194,-0.3448621724923075,0.055523755008586306,COP
2025-12,0.6587014077104889,-0.8921905189982885,0.6380099037414887,-1.0769344781178602,0.5899609911417033,0.1134490238611714,COP
2026-01,0.6716017671077937,-0.6329553954775273,0.2251882034107355,-1.0140482016116796,0.34996776160476534,0.09701928696668616,COP
2026-02,1.1708803341864897,-0.26179346607468923,-0.342837937193768,-1.1155033280095428,-0.27435449520823696,0.1634700763629906,COP
2026-03,3.2747089602509876,-0.08802388985756553,-0.27000368433536004,-0.4731058757691078,0.4076971019146235,-0.04716477142639097,COP
2026-04,-0.7147898456847028,0.1309191087657734,0.11318598546970965,-0.6715388451859958,-0.6000828255450443,-0.07897476972366835,COP
2016-01,0.0,0.0,0.43609589978748853,-0.06782237091303049,0.5042186297151307,-0.00036536353671912103,SLB
2016-02,0.18852643049171663,0.0,-0.23371318475932149,-0.11200395633046183,-0.5300823398687483,0.028326023391813004,SLB
2016-03,-0.9414686964487645,0.0,0.42251021303127145,-0.11612615556844877,-0.149445675074156,0.08939043895503818,SLB
2016-04,1.085355240206437,0.0,-0.01881460031220702,0.06554179760117318,-0.12091081568322201,-0.044208809135399596,SLB
2016-05,-1.0430965886289123,0.0,0.7121651562736673,-0.14938250825223565,0.01789358172984899,0.0363543266769073,SLB
2016-06,0.6681386795349133,0.0,0.058788061146486166,-0.5925393944272607,0.8584442906176073,0.018280632411067144,SLB
2016-07,-0.496083804101238,0.0,-0.014278380951240503,-0.3864593414575729,-0.39104951824215795,-0.018922852983988436,SLB
2016-08,-0.6389187460463203,0.0,0.48678366175793203,-0.3407549152879188,-0.021214102976140778,0.0018133860863831508,SLB
2016-09,0.04082627420500415,0.0,0.08872729681590463,-0.4669211015549474,0.7409049532827625,-0.005265756129669286,SLB
2016-10,0.0028235315028065687,0.0,-0.01444971403657563,-0.5812497151296304,-0.1017572593352849,0.07444168734491319,SLB
2016-11,0.18947604613884378,0.0,0.01430652359138216,-0.8501321247991575,0.24959185851200263,0.004772902232486498,SLB
2016-12,-0.5435397682921816,0.0,-0.8840717072948626,-0.7425515871020303,-0.8469100603611726,-0.0029114311982839647,SLB
2017-01,-0.4051885934768993,0.0,-0.0071708629111595,-0.6373572789647909,-0.3852062990079474,-0.039956969417550225,SLB
2017-02,-1.3340870584741111,-0.29659122896720636,-0.3953294004845854,-0.6894413586215605,-0.6166242885989542,-0.028173523291179725,SLB
2017-03,-0.8590950664846627,-0.3962860223216848,0.19996864376193665,-0.5453323030645635,-0.06523729116056089,-0.07049909405369792,SLB
2017-04,-1.8082340498306677,-0.4405494599624741,-0.15524300935571803,-0.454216402370766,-0.6823009869381089,-0.04129009392167282,SLB
2017-05,-0.821864466505032,-0.8629448588547827,-0.08169147188742441,-0.341717593949363,-0.33245827340046463,-0.05397412199630314,SLB
2017-06,-1.0886487007986163,-0.9883123911446909,-0.1316281856099584,-0.5752090329680363,-0.30457769789094036,0.04200859710824534,SLB
2017-07,0.27656105993839913,-1.2078135916853823,-0.39091551727934815,-0.5991413563892658,-0.3741562160589904,-0.07425464091505718,SLB
2017-08,-1.7956946483194143,-1.17411036972048,-0.39984570312811585,-0.6676180148718676,-0.31016895763492214,0.10715009114847063,SLB
2017-09,1.307993361247993,-1.359598220296183,-0.3160872541967253,-0.8180510046790557,0.3125742672425319,-0.08251006220270762,SLB
2017-10,-1.5736533488858948,-1.227452317680895,-0.4802542058040795,-0.5825477865249713,-0.594686922414804,-0.017946161515453585,SLB
2017-11,-0.9387410082254778,-1.456413939121208,0.8929046995677825,-0.5364057267376581,1.218833003974033,0.0806091370558375,SLB
2017-12,1.61574152864768,-1.9589372824067457,1.1044480891878024,-0.518510633763808,1.1865484128896149,0.09188275084554687,SLB
2018-01,0.18369020608040026,-1.8515764309587728,0.5842025492947781,-0.4580365047289624,0.39644194914544384,-0.10170366546205467,SLB
2018-02,-1.1125276297910363,-1.5779852300877082,-0.7221903026035529,-0.7760975033369514,-0.5263289335295036,-0.013026819923371624,SLB
2018-03,0.3886984037225583,-1.2832728317472109,-0.1325590459994631,-1.0739609453985033,-0.17299376279365994,0.05822981366459623,SLB
2018-04,0.8763508374650997,-1.1961668336242188,-0.5876289816098061,-0.9004381187033957,0.01659877045021007,0.0016507703595010081,SLB
2018-05,-0.5081599411159918,-0.8167234601117656,0.5196105030207292,-0.8476371688509544,-0.4279369216581964,-0.016663614722578268,SLB
2018-06,-0.3492368425165174,-0.7406863564656989,-0.23047070792824903,-0.8675599627002264,-0.049243356893136546,0.007262569832402255,SLB
2018-07,-0.46217673404686704,-0.567790404236154,-0.3168762465457228,-0.9344559392003555,-0.5885417275600938,-0.06452209280828247,SLB
2018-08,-1.4330661002906495,-0.8535653792502336,0.19259000906248572,-0.9469997252048051,-0.3538695239470895,-0.02766798418972327,SLB
2018-09,-0.6357261609869936,-0.8342486615901253,-0.36719000935895174,-0.7193600904962851,-0.5877567362302054,-0.15772357723577246,SLB
2018-10,-0.8813456569641599,-1.074098063436015,-0.6226394453012044,-1.0032601439536462,-0.9800405931462425,-0.12113899613899604,SLB
2018-11,-1.6687212715758393,-1.3298775345921554,-0.4675467665479017,-0.8558875159290384,-1.136708660988814,-0.19110378912685344,SLB
2018-12,-2.158499332519781,-1.520722327151279,-0.14649811850406522,-0.7125218712556951,-0.7560568069776175,0.2250509164969452,SLB
2019-01,1.5126230180133111,-1.9336711021984063,0.35048435519337306,-0.7308273109596054,1.0398460253608242,0.00831255195344971,SLB
2019-02,-0.6356157322245262,-1.82911724331907,0.7797813760767778,-1.1279314229533857,-0.5765425374897769,-0.011266831547128486,SLB
2019-03,-0.5592941536281884,-1.689591724882796,0.7942451096693803,-1.2695818990952294,-0.09789358299005452,-0.020289049471928777,SLB
2019-04,-0.7638666138074428,-1.6382053815428623,0.5663987829754138,-1.1017703249843214,-0.1579296512469575,-0.18723404255319154,SLB
2019-05,-1.560916421817416,-1.896139244323456,0.1109431988746365,-1.1482021904059088,-0.127644519043478,0.16195462478184997,SLB
2019-06,1.5548370778935865,-2.0580375408918266,0.6727005445860476,-1.168515343497589,0.4937050078224069,0.006007810153199289,SLB
2019-07,-0.21997263701725442,-2.011038922573929,-0.15147956705594845,-1.1647572842735046,-0.4834237261582456,-0.18871304867124516,SLB
2019-08,-2.4534821605047386,-2.146292681957083,0.9876675619568033,-1.251436945084168,0.32710923130592273,0.07029812292970172,SLB
2019-09,0.9309671380884518,-2.15949429170214,2.5697744184754177,-0.9867770573431449,2.0585161179152114,-0.04332874828060518,SLB
2019-10,-1.0753390718542393,-2.3200137558012575,1.3027700939587734,-0.8838948859085433,0.442817767166402,0.10711718188353703,SLB
2019-11,1.1847672846373243,-2.5426978746928173,2.710345080387005,-1.1573301134934322,1.620970569969969,0.12629870129870113,SLB
2019-12,1.6674583224450064,-1.8016993892422999,1.3160356169605907,-1.1323179753945276,0.8131370424428871,-0.16633035456904,SLB
2020-01,-1.7281876740957955,-0.6524493522677658,0.38087293271804434,-0.994950744942333,-0.7813897323951292,-0.17980636237897663,SLB
2020-02,-1.712352831669802,-1.6751419676477104,0.5657002556118025,-1.2423076714581665,-0.0883142232743866,-0.5021079258010117,SLB
2020-03,-3.1403161099151276,-1.6730699222472105,1.5891646196399174,-1.4691360142197234,0.2639201345661645,0.24724809483488563,SLB
2020-04,1.293147495625115,-2.2679459448342123,2.208930703704395,-1.3680673698511936,1.4417945639426901,0.09843856076035307,SLB
2020-05,0.9309693470975055,-1.5605322107516721,2.3206481529979404,-1.651256318571598,2.5319571685866156,0.001854140914709479,SLB
2020-06,-0.23973163144973791,-1.1272886782056823,2.0995284161038317,-1.399565148218907,1.7394570964761524,-0.013571869216533083,SLB
2020-07,-0.5506343068815029,-1.0977684044135523,1.229152569046326,-1.4328928639535519,0.44237431605007876,0.04815509693558484,SLB
2020-08,-0.32717689924337434,-0.945515594236574,0.8217282340105256,-1.5052201591868826,0.23330389031643528,-0.17601431980906923,SLB
2020-09,-2.41558340992299,-0.5654169571646567,1.106640981741617,-1.5154548551180644,0.7762194260997286,-0.03982621288921073,SLB
2020-10,-0.1951593785677641,-0.7393304867235573,2.1153088520554304,-1.4565327920165536,0.18826913951786645,0.39140271493212664,SLB
2020-11,2.0806210524374023,-0.9142781780300085,2.813761746014667,-1.5316181611770048,2.9279812223441835,0.05636856368563681,SLB
2020-12,0.13973936309210017,-0.6860866829710398,1.5282771055936428,-1.5697051574389695,1.332991607816245,0.017444843509492047,SLB
2021-01,0.6398914423257258,-0.7496694259185096,1.5657253352036185,-1.452360789207954,0.4966253015199728,0.2622289460413516,SLB
2021-02,2.0788778104066803,-0.7953644666112775,1.9568580973978833,-1.4013210954796667,2.333964426218082,-0.025569316819816224,SLB
2021-03,-1.2642470052270327,-0.5968491349969688,0.3087053809367495,-1.3677609377485052,-0.3122663682606001,-0.005330053300532933,SLB
2021-04,-0.8438651432404715,0.5305699762886583,1.7997990188863595,-1.4857248355057275,1.1316723127319863,0.15828524319868098,SLB
2021-05,2.9017278093178613,0.20440604549200303,2.1863289198494273,-1.2065599806443146,3.008380104062518,0.025978647686832668,SLB
2021-06,0.12247427354762756,0.5500892467611523,3.0872516508292027,-1.2486336885726932,2.3177927296736396,-0.09920221990981615,SLB
2021-07,-2.1257923897183986,0.8018915844938764,2.135470304984171,-1.4799099607575534,1.0151264183431052,-0.02348864073931456,SLB
2021-08,-0.9791675728967457,0.554988969771768,1.5372833611149603,-1.4891322730784244,0.814276725681009,0.057176656151419536,SLB
2021-09,1.443093683030961,0.45117694705328676,3.3811429906330615,-1.5401455228171934,2.8973171370317816,0.08839985080193968,SLB
2021-10,0.2694246523900068,1.6630829160571012,1.2865835677075228,-1.2326953528808235,0.14740962162404622,-0.10726525017135025,SLB
2021-11,-1.0044006400398597,1.5875927029418546,0.840676607544901,-1.338575693728818,-0.1372223321376379,0.04452975047984653,SLB
2021-12,0.10209347052682438,0.324323285618297,0.09582167032509177,-1.674243872757969,-0.21282329664313798,0.30429988974641686,SLB
2022-01,3.1806078052719267,0.3851165948538094,0.5358910606821354,-1.1849341136828588,0.6668639105376178,0.007607776838545854,SLB
2022-02,0.6037211796561763,1.8043783894129541,0.37297934694848284,-1.0740977745038172,0.2141411325170348,0.05257270693512317,SLB
2022-03,0.5054325967237134,0.9947055769262647,1.6763257192535297,-0.7478497459405696,1.9630078237123063,-0.05552603613177476,SLB
2022-04,0.32184038554822836,1.346533348508153,0.35182033931958423,-1.1472411246953742,-0.05486479962955468,0.18255977496483822,SLB
2022-05,2.102640740339666,1.6290154509518129,1.342071892894189,-1.0613379888887913,1.1501467187792285,-0.22193149381541388,SLB
2022-06,-1.7508193490115769,1.6414408321641403,1.3443384874930024,-0.7955293503704143,0.6895840496217696,0.03546316111280934,SLB
2022-07,-0.63079484100585,0.9159434374961353,1.2571036693633195,-1.0730243596321014,0.09608665649270304,0.030115146147032812,SLB
2022-08,1.1034020770708128,1.2762775993532598,1.7636856318999388,-1.0849239410900844,2.055271300785342,-0.05445686443106901,SLB
2022-09,0.6653008174764834,1.5671975120926596,1.5698557906150832,-1.1580861215527705,1.1689513035354318,0.449227038496514,SLB
2022-10,2.853420662869464,1.4427285572820328,1.1778319276499087,-0.5429893078406154,2.625869005620051,-0.009203095586697407,SLB
2022-11,-1.1035455591365606,2.415353310888256,-0.15657803175984944,-0.6433532387194478,-0.8828592842708043,0.04053198226725785,SLB
2022-12,1.292996591486735,2.5080058097052826,1.4236813312747978,-0.9544422552049115,0.9611285771578312,0.06593629539460344,SLB
2023-01,-0.13490067103464146,2.87199269050635,-0.007442729953772571,-0.9699255120558109,-0.31554249502438464,-0.061667301103920824,SLB
2023-02,-0.5588799276504983,2.4275621907963503,0.805464540434282,-0.9774411280561103,0.3152380135431737,-0.07728194726166315,SLB
2023-03,-0.9843899887000686,2.201862956550922,1.6000074713674115,-1.0618984206452684,0.5026270973427809,0.005056056276104615,SLB
2023-04,-0.1418866224962947,1.5051757014061142,1.3549728721040082,-0.989575802579301,1.1990790658310877,-0.13210848643919504,SLB
2023-05,-1.2288244622202011,0.988255607954696,0.6061158005469239,-1.0172876315189179,-0.2881347553174313,0.15297379032258074,SLB
2023-06,1.64017045787459,-0.4282922369267748,0.606957208522131,-1.1105910918821846,1.0918727290441694,0.18775956284153006,SLB
2023-07,2.397688906676042,0.4084797601264043,1.238225934165749,-0.7118373258172942,2.1142903513622153,0.010673536989326493,SLB
2023-08,0.617228055837362,1.2834542958104083,-0.08185614160506041,-0.9243548328519055,-0.10378854366196993,-0.007101238164603063,SLB
2023-09,0.78649010905417,0.9219505382564459,0.8305288947803069,-0.8766371684276807,0.3726811641103775,-0.045112781954887216,SLB
2023-10,-0.3778061203978422,0.8056886689578436,0.2901672271455192,-1.02069815101015,0.49388969366618585,-0.0651046667946995,SLB
2023-11,-2.1694052381077977,-0.16202092396972578,0.505119663476032,-1.0074428200254562,-0.46892597866246777,0.004724732949876742,SLB
2023-12,-0.7787588600399838,-0.37036332230753743,0.8202274181536018,-1.1324832862392222,1.523404179994416,-0.06419955019423418,SLB
2024-01,-0.9823613115818978,-0.6712081219223742,1.2566353129757353,-0.7276815196771459,-0.4559695077052681,-0.0019663535066638538,SLB
2024-02,-0.6483935950578336,-0.8492685635177998,-0.5714948535468878,-0.9817889273889445,-0.4075158282826558,0.13397548161120842,SLB
2024-03,1.3466013943434454,-0.8399490777319967,-0.6321374628008981,-1.3022874281990926,-0.4604240575764756,-0.13359073359073348,SLB
2024-04,-1.3469541452459877,-0.4866981097358879,-0.42729438008137965,-1.025047454006913,-0.684606286407787,-0.03364527629233527,SLB
2024-05,-1.0002595980570643,-0.7254754012554359,-0.5731824836669194,-1.093877894141313,-1.024227154669443,0.034816693566981805,SLB
2024-06,0.17525783138066833,-0.5850447131572128,0.5373550280108311,-0.9332614102566235,0.27083450157654526,0.023618538324420513,SLB
2024-07,0.028931892747756528,-0.769145604333305,-0.3609361772759632,-1.2676958696494516,-0.26944271326746233,-0.08902916848062681,SLB
2024-08,-1.523822691333152,-1.262190077257526,-0.0588295912794292,-1.4001420645460034,-0.27884188207608207,-0.04014336917562722,SLB
2024-09,-1.079588490922195,-1.5933238908205358,0.17005510607010677,-0.9833333196597633,-0.13386406263226036,-0.044809559372666286,SLB
2024-10,-0.7026024029090806,-1.6946435712254784,0.521743930937375,-1.0480034944824657,-0.27402300799023055,0.09669012249152997,SLB
2024-11,0.3615580643066365,-1.6181560036637639,0.17297822180879982,-1.2927666269652522,0.9552374005266911,-0.12214828897338403,SLB
2024-12,-0.9610258712028622,-1.2982548681105361,-0.16309200563826437,-1.26803143830198,-0.3883526204513501,0.05062263129399036,SLB
2025-01,0.05196065769310454,-1.332806639648729,0.3466871189036396,-1.0720498714770677,0.6980934740837941,0.04174181911878372,SLB
2025-02,0.5154166610891361,-1.1958690121903486,-0.2787110316810182,-1.2377070381605244,-0.2623862347483424,0.003215434083601254,SLB
2025-03,0.857318977185824,-1.0954572208770508,-0.35721066276428154,-1.0765740774375456,0.2107371943082121,-0.20438856015779094,SLB
2025-04,-2.271032390942117,-1.2831083034496409,0.907522423169972,-1.0260871036014256,0.6126366701323388,-0.0061977068484661,SLB
2025-05,-0.7620810561112047,-1.4153054097352393,-0.11756978320393946,-1.3207131323765924,-0.32606500823025314,0.031181789834736406,SLB
2025-06,-0.3757876503309619,-1.3532998612325369,0.6841529453251022,-1.206243305389645,0.2963005404561252,0.0,SLB
2025-07,-0.06645858822348798,-1.5284196044510505,1.325309970787805,-1.0802974399479708,0.812839764490388,0.0901118838826731,SLB
2025-08,0.7712425178350719,-1.5221643054606104,0.3289244504854205,-1.3867867316132099,1.1578177523288002,-0.059361997226074936,SLB
2025-09,-0.881290278403649,-1.2627355378440148,-0.05326130080138762,-1.0990087197217255,-0.1933179308559362,0.04895311117664414,SLB
2025-10,0.23685188992008846,-1.2100608259307095,0.12637593221953133,-1.1541949179513238,-0.1363740851987428,0.005060444194545877,SLB
2025-11,0.05914691703004562,-0.8969043571173448,0.12966525464901235,-1.3245839700116542,-0.3284266212463078,0.06741258741258727,SLB
2025-12,0.8520270095764128,-0.8849289782850154,0.3860987515957621,-1.3228904417231382,0.4052072899015251,0.2604821802935011,SLB
2026-01,1.976212359027445,-0.48852726770434113,0.846915430053666,-0.8123586436168869,1.916069973240543,0.06735966735966747,SLB
2026-02,0.8153746834140888,0.014748697881582739,-0.24637397035894912,-1.0706830502178086,-0.22453056368469376,0.0009738994935721834,SLB
2026-03,0.70842307651702,0.07762552137225116,1.5870904288661978,-0.8060646210678047,1.2097181118838012,0.10683012259194391,SLB
2026-04,0.006262518748114402,0.06173900985902336,-0.6627780380509419,-0.9781172000028857,-0.6541572330919418,-0.030942334739803234,SLB
2020-01,0.0,0.0,-0.5729924612855497,0.129483333865679,-0.7853644025428042,-0.09715796430931922,XLF
2020-02,-0.27744957915810325,0.0,0.04913071439219728,0.562322589413556,-0.4063794872252947,-0.23169838945827237,XLF
2020-03,-0.8126593693235348,0.0,3.0306850451091165,0.4220260125892169,-0.3145486919413783,0.0719390185802764,XLF
2020-04,-0.6400971950113408,0.0,-0.7172435257612778,-0.052336141192936225,-1.1877559124161434,0.068888888888889,XLF
2020-05,0.41150443314726465,0.0,0.3948400680093067,0.31254870528252987,-0.11956714062837083,-0.06112266112266118,XLF
2020-06,-1.0840967467335125,0.0,-0.33904448288656786,0.37555261057470807,-0.7686449152928823,0.07440212577502225,XLF
2020-07,0.3488842307139582,0.0,0.5366737968161647,0.014967324999962832,0.4553048790671084,0.028235779060181265,XLF
2020-08,-0.5007283709721636,0.0,-0.40342494368908294,0.07200752335001834,-0.5595173154126516,-0.06794948887552621,XLF
2020-09,-0.5612152762203384,0.0,-0.8108042595383326,0.15217583440688265,-1.2321094324986015,0.08602150537634401,XLF
2020-10,1.7348008129664925,0.0,1.5160865920081246,0.003217746730311256,2.557951362019289,0.09742574257425751,XLF
2020-11,-0.5247694079574918,0.0,1.3342613976811302,0.18254770380105279,0.5541453320315098,0.042944785276073594,XLF
2020-12,-0.07058349603077166,0.0,-0.6472453158448138,0.12677499719696536,-0.8330496207381064,0.04982698961937726,XLF
2021-01,1.2460646031447078,0.0,1.7475060749502642,0.15870811116602554,1.6392911126670873,0.06789716545814106,XLF
2021-02,0.1426412845179906,-0.3479669018513659,-0.12015625386070135,0.2896803402193011,0.20916542266160845,0.02314814814814814,XLF
2021-03,-0.4475168914150603,-0.36178128308730073,1.2187362561544484,0.416744250077394,1.0629175429282909,0.04826546003016596,XLF
2021-04,0.2101217406028826,-0.1744566881830203,1.3142792401622647,0.14974014080785025,1.5467631385290583,0.08143884892086328,XLF
2021-05,1.2766003177533667,-0.006475793563375154,2.7283313234714335,0.3342361957545332,3.3704535188121594,-0.04443853113358176,XLF
2021-06,-1.0525189701753208,0.13328040284263382,0.8727534350752606,0.9411993692594204,-0.40207241916275105,0.018936229462545473,XLF
2021-07,0.07463967295762736,0.2662878078121556,1.0936420355640868,0.48174997568296557,0.1952183437881352,0.030062858704563933,XLF
2021-08,0.1366418887514673,0.16669406303260947,1.9633554174842713,0.40751009527812043,2.2384071054547214,-0.0037145131334571646,XLF
2021-09,0.4245766205500545,0.4436156875613761,-0.9042060815798789,0.21928299220775407,-0.9402524744083021,0.06284953395472703,XLF
2021-10,-0.019108640369825954,0.6665553103791738,-0.4025486112992631,0.4186697884868603,-0.2746705534417768,-0.011525933350037376,XLF
2021-11,-0.07438153736131864,0.10325313859424425,-1.5700266019293485,0.08905372009040789,-1.2750458932785003,-0.022053231939163642,XLF
2021-12,-0.8218842180936718,0.3630459119538108,-0.6889632127997009,0.3733306522960026,-1.101323720936752,0.05806117159149826,XLF
2022-01,0.7775749535081864,0.15496713779175547,0.9032213572247878,0.2998655976392946,0.822858668184528,-0.014698677119059367,XLF
2022-02,0.275218911149083,0.21636114388687824,-0.9241427246932609,0.2952846138694755,-1.2558451718388075,-0.030084535057185446,XLF
2022-03,-0.6247345801109185,0.24218745750658233,1.1918427998569092,0.44502263400562864,-0.7469468641105738,-0.054088695206357285,XLF
2022-04,0.33620077827882794,0.08966309633260498,-1.1211802607426513,0.31660286447688024,-1.6152555189565332,-0.07425474254742548,XLF
2022-05,-1.2235485699422992,0.17324259993081992,0.7447291894772472,0.5831463441970028,-0.966111270831282,-0.09660421545667441,XLF
2022-06,-0.05910269103727321,-0.35564998565975997,-0.12944283603142173,0.48529298586486547,-0.6951468515405838,0.030136098509397247,XLF
2022-07,-0.6931884044593755,-0.1679597975538604,0.40549095823137093,0.12413979474488604,-0.23467313618770655,0.11890531613715005,XLF
2022-08,2.644984120978775,-0.35104801605385655,0.47624192138050836,0.02802843669162272,1.574004161620455,-0.06458532471183587,XLF
2022-09,0.5139293765659262,0.09412060487159978,1.943017132094725,0.16183659333728714,-0.8573042816009845,-0.06770415385586381,XLF
2022-10,-1.4970048361561805,0.13364806955184094,-0.17023660881895467,0.12842537198247483,-0.44646954695242497,0.1573178594455189,XLF
2022-11,0.9946434268374558,-0.37902745206862515,1.6456277838790794,0.14262897603593547,1.0441506004040046,-0.022841225626740957,XLF
2022-12,0.4052673998492067,-0.18382596202247595,-0.6868396750955524,0.23735138059032604,-0.8685019431435862,0.021949828962371853,XLF
2023-01,-0.5437343394930708,0.05989864728331079,-0.6098157395698354,0.037951461027699654,-0.8710611583941393,0.017852161785216092,XLF
2023-02,0.6776086273532155,-0.32608170259999564,-0.5853970883419011,0.057840870635174756,-0.37697536084776495,-0.13373526993696905,XLF
2023-03,-1.516504394688396,-0.23503877775345058,-0.39273387639392254,0.7999077413187416,-1.8024570706297283,0.021195824106295502,XLF
2023-04,0.1401002155140712,-0.8678063031396206,-0.9816862362041218,0.21711482144726307,-0.6859292015817969,-0.011771995043370564,XLF
2023-05,-0.14922287972002068,-0.9009299252813175,-0.5976018848047445,0.14256168537148367,-0.4227799315782035,0.039655172413793016,XLF
2023-06,-0.31042788541378785,-0.46504469502536366,-0.5331457094050458,0.024826411516754073,-0.3387879472192138,0.028946178199909633,XLF
2023-07,-0.2874929149015442,-0.46329018528708604,-0.7923640250715432,-0.25180621365138606,-0.7098395134590856,0.00805860805860803,XLF
2023-08,0.5632192548732475,-0.3693345526263533,0.23446922326713546,0.03660005464127477,0.3703557177475853,-0.0023255813953487747,XLF
2023-09,0.8935301630110483,-0.6533887550971008,-1.1666100495290894,-0.033027845034537096,-0.9401443552437495,-0.05740093240093236,XLF
2023-10,-0.5914052631374342,-0.625690780847857,0.4979870043488749,0.15730339262965126,-0.9239866567162457,0.108809891808346,XLF
2023-11,0.15831658514062516,-0.26620391237752267,0.973036673948794,0.06841452238635744,0.9146668985352804,0.04934485642598285,XLF
2023-12,-0.10552441398879411,-0.44269610891633715,0.35839863085558366,-0.19372147830323977,0.3778526696483029,0.02922422954303938,XLF
2024-01,0.16837210824476337,-0.5081331029850258,-0.40120261625676845,0.031204868805383267,-0.3650435446874538,0.040526587506453327,XLF
2024-02,-0.05264686415798268,-0.3615335204373052,-0.1624122065433367,0.11324663722388972,-0.05090707478434729,0.04465393202679224,XLF
2024-03,0.06419922037418732,-0.46896227495298787,0.08330950247801445,0.13691886989902421,0.25457992078902314,-0.04132035146046076,XLF
2024-04,0.010682573107438989,-0.007565169315617991,-0.8929113200318598,0.06215302333954909,-0.9017241860312825,0.031954421600198124,XLF
2024-05,-0.04570803990365442,-0.028402025971596676,-1.0254092363975196,0.06664425290000925,-0.9271582959549516,-0.01320211233797397,XLF
2024-06,-0.5328600183112046,0.0358687554313557,-1.2099536456921893,-0.2559140598152821,-1.0588500912358925,0.06446120165409863,XLF
2024-07,0.5870439404965198,-0.04593614624143511,-0.2628817406430539,-0.22451242239991837,0.10324240226205883,0.04456124314442422,XLF
2024-08,0.4005114366989574,0.22673302698840198,0.6235553090244038,0.08418162545802904,0.6365110285198254,-0.00875082038941144,XLF
2024-09,-0.572171824797724,0.20625522946854372,-1.282677942631677,-0.19059649018250904,-1.243655718450952,0.02626351798719928,XLF
2024-10,0.5594185871253216,-0.10750159945670494,0.4541879090789092,-0.06482007863698053,0.4545898831158101,0.10408602150537649,XLF
2024-11,0.4550611824885036,0.11317651290063309,2.7466764690829435,-0.09416176803297761,1.46508610779916,-0.05843396961433578,XLF
2024-12,-0.2568578512766073,0.20926189013793245,0.29181451637147765,-0.17087862751936164,-0.5411727840789623,0.06474968969797268,XLF
2025-01,0.2605325748582061,0.12715910361865812,-0.3783209844671248,0.16448760356365708,-0.038327609309836454,0.013988731299786172,XLF
2025-02,0.17512598210737904,0.14043066137434956,-0.7178715745342616,0.7780640809642014,-0.5384552495897037,-0.045219390687871286,XLF
2025-03,0.10158596062063428,0.28318730261706504,-0.25015387780434734,0.16049058596341975,-0.9424184632196905,-0.02187437286775029,XLF
2025-04,0.10481257738064555,0.3503713052351958,-1.1901382697220628,-0.03255817181857003,-1.5558987883990365,0.044316782929831655,XLF
2025-05,-0.2179461618415961,0.32462089751029555,-0.5737291890049565,0.07339824334487033,-0.6648426581301797,0.028487229862475427,XLF
2025-06,-0.40779635643797,0.2323616074818909,-1.0280623208074047,0.3711325082298454,-0.7253202035886622,0.006303724928366838,XLF
2025-07,0.01580170823929214,0.28178208281512696,-1.5284367686523572,-0.1163201477339792,-1.2732606221394056,0.02486712224753229,XLF
2025-08,-0.2664822510216952,0.09994467886526781,-1.300340075042285,0.13538780786671165,-0.9966019038507804,-0.002407853306167884,XLF
2025-09,-0.3283444122570326,-0.044105738463262455,-0.9040874723929375,-0.2335098140532295,-0.5969032108894757,-0.01633865577422955,XLF
2025-10,-0.3503659442563221,-0.04139895839060784,-1.0098518704126587,-0.15098755010971976,-0.9664343923487682,-0.0007550018875046582,XLF
2025-11,-0.025722272195710986,-0.2863126728634234,-0.34818918768797824,0.20021262704074444,-1.0811839886187888,0.050434454098980064,XLF
2025-12,0.5759437299173937,-0.37442246355299313,-0.5502416824900201,-0.24275406304142572,-0.22707625127639067,-0.03956122999460532,XLF
2026-01,-0.6860430165327802,-0.18761228537643346,0.08159244288969231,-0.09247023996504847,-1.4470628625817246,-0.029582475191911595,XLF
2026-02,-0.3465916510062791,-0.36165675481630344,-0.43694889836784623,0.0772268000298764,-1.0703111612863163,-0.07775419641134484,XLF
2026-03,-0.5349218751392921,-0.45392245871275066,0.24116652249490272,0.015851715878201684,-1.8319797824969177,0.07635983263598334,XLF
2026-04,-0.1364089299239632,-0.5805588147738503,1.7176314814791824,-0.4249671813216911,0.9037975395477822,0.008163265306122325,XLF
2020-01,0.0,0.0,-0.7719595980474775,3.3212388452728008,-0.8412528429444363,-0.08975496344336009,SPY
2020-02,-0.14892210289705352,0.0,0.20338341755106623,3.590106581476707,-0.05856450787237982,-0.14841203159132932,SPY
2020-03,-0.09573919368817235,0.0,0.9865486807881139,3.8328495648825625,-1.0480263021837315,0.13307549627057114,SPY
2020-04,0.03409363083797926,0.0,1.0098169307598421,3.076907101116507,0.9191005299366714,0.05701647452196035,SPY
2020-05,0.20279474816920842,0.0,-1.0202324494228183,3.127962651716748,-0.9408171864539351,-0.011434031896665475,SPY
2020-06,-0.4178935768773464,0.0,-0.7380502598006751,3.147845325889639,-0.7349310672812823,0.06949768341055296,SPY
2020-07,0.29873717505470204,0.0,1.0900090117850143,2.565495360265805,0.8254797930425474,0.07243003178956542,SPY
2020-08,-0.11567614924876865,0.0,0.27426850180511303,2.2487002395674107,0.247678301395512,-0.05980792205984364,SPY
2020-09,-0.4215078253226708,0.0,-1.0580292538269003,2.683444820777522,-1.2961647674730243,0.06874381800197837,SPY
2020-10,1.469835748093906,0.0,1.5012393722107538,2.7923399259888684,2.569303405499679,0.033867422489588295,SPY
2020-11,-1.0880592449102253,0.0,-0.2592075627467668,2.8668987476421313,-0.5136230169016759,0.028142221724899885,SPY
2020-12,-0.3025090682089381,0.0,-0.8626591307800066,2.841340966111608,-0.711783248683401,0.04171088074442908,SPY
2021-01,1.0941362116914777,0.0,-0.862869487575272,2.679080804894283,-0.3816486918999694,0.01870135297497777,SPY
2021-02,-0.34752418797859147,-0.11001678320679924,-0.7909064830507607,2.9009037879014765,-0.5878494015692398,-0.0013076252499871766,SPY
2021-03,-0.8575088030211593,-0.13730500675790563,-1.0391787604759728,3.217313670527409,-0.9698490179709494,0.05856075582141673,SPY
2021-04,0.41258470914115775,-0.235586061625312,1.3640777220766216,3.1281673493482334,1.8980286980428984,0.006378540939076416,SPY
2021-05,-0.31075548693805605,-0.22929735414680155,-1.1427672346735327,3.387078576291801,-0.9088970613831808,0.01419448126280276,SPY
2021-06,-0.07415836870085475,-0.33412459717797593,0.2572164853907314,3.2879560354539596,-0.1553527883121239,0.03260146373918826,SPY
2021-07,0.32916662676525826,-0.2676249796925613,0.36925431648766016,3.2210687664599473,0.6255800862083132,0.02018133284241519,SPY
2021-08,-0.0692515067091422,-0.3488741029075586,-0.5099711799155267,3.1865535215722653,-0.3785715023980757,-0.004308303069947783,SPY
2021-09,0.41464438917811797,-0.3204143160320094,-1.2891757599673759,3.477334853178314,-1.1726849283067264,0.020977753613338646,SPY
2021-10,-0.4919561094584614,-0.09887528409326327,-0.8552767701963668,3.059868936373276,-0.912521016482115,0.042247270790805036,SPY
2021-11,0.447975512214821,-0.5602524945996812,-0.4579146852077006,2.5756177128011055,0.053867375301677164,-0.020906071702290863,SPY
2021-12,-0.8059649782874293,0.0016411646764468882,-0.8228126591055352,3.1458784546661365,-0.9727091714338261,0.010415307675581742,SPY
2022-01,0.3126010570449226,-0.1597459683479696,-1.1106974686558815,3.049411509023689,-1.2297151999597002,-0.03890765886935377,SPY
2022-02,-0.08130146803503732,-0.2543142209690666,-0.24651268133505616,3.1279793684145525,-1.1646881143684937,-0.00479165267235393,SPY
2022-03,-0.27890661888357293,-0.14451261139958757,-0.11484046352107818,3.2585247908663706,-1.0855471405256607,-0.014849146174095051,SPY
2022-04,0.728240916223998,-0.032675225920689256,-0.9644970462256232,3.085692567582443,-1.1351549945455832,-0.0675999725946057,SPY
2022-05,-1.1373578635372465,0.1735886991826097,1.1747222138480151,3.2503062886121423,-1.1360312399100547,-0.10125652141964869,SPY
2022-06,-0.12190133789712457,-0.10083928104438156,-0.32115845703531726,3.3722501048487525,-1.3359616675093329,0.04951898182214598,SPY
2022-07,-0.46616513668106097,-0.11861741883720636,0.606238491004417,3.0781178471773756,0.5060483048140977,0.1136328226434693,SPY
2022-08,2.5534426665882215,-0.2861348195335155,1.6496276902003149,3.0369609493625846,2.477562123109782,-0.07986289231917176,SPY
2022-09,0.28560371222755615,0.17461804328542088,2.5195876862854583,3.339964485531185,-0.9832163806772847,-0.09358607232457361,SPY
2022-10,-1.7148236865869033,0.16354275680095887,-0.39454228927534046,3.3848784458503838,-1.1945244946816542,0.11412435696712153,SPY
2022-11,0.45039882321816244,-0.32582549557600715,0.589496543902187,3.3914535995639654,-0.18443097183207321,0.008657465495608418,SPY
2022-12,0.8464997208397198,-0.3664639804585616,-0.8973704272039841,3.398240332967096,-0.7651421525579094,-0.012464236845378784,SPY
2023-01,-0.8635970134459576,-0.05008403718281249,0.6094045460670773,3.3317903299630016,-0.8685245763491993,0.027938731294402164,SPY
2023-02,0.8344498245170582,-0.4360227660111134,0.5067827672633242,3.10920355493191,0.4069760995956558,-0.05573119623557077,SPY
2023-03,-0.7812581881715648,-0.20218056336816567,-1.1893171961385407,3.4268555951770803,-1.5697426480944396,0.05912429598484259,SPY
2023-04,0.802769590199251,-0.5308657895114234,1.4774561251030665,3.1704341992760896,1.2323103502292276,0.008674982233440431,SPY
2023-05,0.034217644175429544,-0.6384309126728156,-1.0070988481970202,3.046517069664257,-0.5915326534146588,0.0444109715507397,SPY
2023-06,-0.2285644274160258,-0.19243275283470887,0.18604149451033183,2.8923050511446142,0.41352129311396885,0.029286561678568912,SPY
2023-07,-0.28173778581514036,-0.20255331224988854,-0.228536434872849,2.8118717618988,-0.26161907429417286,0.017627915386005943,SPY
2023-08,0.7608639436976874,-0.1341435317596584,-0.0418140990762364,2.9470581599261823,0.180738839583042,-0.010593408545793714,SPY
2023-09,0.708217711331662,-0.4383910352595382,-1.6461148045024896,2.950122736108877,-1.3375653349918608,-0.06123319341877842,SPY
2023-10,-0.6580196549257221,-0.40109230170596344,0.6617584180179826,3.1869699925177843,-0.8776150318656818,0.09102646868947706,SPY
2023-11,-0.0797017982445992,0.018688374249754277,-0.13223183236832364,3.1197646032549717,0.16666020078420202,0.04174884944115709,SPY
2023-12,-0.2201339927222239,-0.07232864781460055,-0.227607350586628,3.103849458956331,-0.09733466375052235,0.015925107815293993,SPY
2024-01,0.004562167462055707,-0.2865503538678439,0.8807569064090365,3.0893218625543843,0.816064405683686,0.051934067754493496,SPY
2024-02,0.10728485399437346,-0.044880023033150154,-0.5459745872659602,2.906645780772192,-0.30162087818056826,0.029763779527559153,SPY
2024-03,-0.1495808139466884,-0.17669490029949347,-0.7398847538891323,2.8254724315584925,-0.72648994023285,-0.04029668144976295,SPY
2024-04,0.025744524319892274,0.05573053582082525,-0.7708194133410594,2.9681334294140505,-0.8309378784700259,0.05041430961676352,SPY
2024-05,0.2229047042955164,-0.08111280611805648,-0.4840642571195307,2.878274106931354,-0.3273634750747436,0.031743623779273644,SPY
2024-06,0.12994026196146752,-0.036343801156649036,-0.6697888953537189,2.4694278589702505,-0.4459451169282313,0.011670863276296295,SPY
2024-07,-0.13433222480307025,0.02703356160850149,-0.9034292244927868,2.5355886163311707,-0.7781936411702689,0.023853644357241466,SPY
2024-08,0.1022240179310996,0.09602691221454442,0.37202399216624327,2.7576562443654895,0.43405237158308135,0.018542505811167898,SPY
2024-09,-0.13101336128912636,-0.038806601545087006,0.1253852484824672,2.740221430766828,-0.040589697175686314,-0.00952928469391312,SPY
2024-10,-0.07614230250672575,-0.1938957181645644,-0.7410737522147044,2.840739788402454,-0.5552207127938447,0.05962536276492858,SPY
2024-11,-0.10703549039314073,-0.0795630469696234,0.08078563720817145,2.546906401948842,-0.10986489132659016,-0.027288571665698536,SPY
2024-12,0.08735979750209784,-0.08589653818721309,-0.7292393117622388,2.5273978699191164,-0.5742473873823899,0.026944932680329714,SPY
2025-01,-0.29761692970587866,-0.014903169987833201,-0.4519369672705149,2.5823890714442417,-0.3746643960231242,-0.012844798936523572,SPY
2025-02,-0.1538896677238754,-0.08873817451573397,-0.8588505163424309,3.5164294541970373,-0.7800348259452808,-0.05878095173969411,SPY
2025-03,-0.11001632123718146,-0.1384597475015078,-0.7734537949624007,3.236406816835563,-1.2521495988815183,-0.00862022713046573,SPY
2025-04,0.2773459893137267,-0.11665401431190354,-0.8639364046625543,3.08909536586472,-1.3888466556949524,0.06337380260855441,SPY
2025-05,-0.01266665820834982,-0.043020426057343644,0.054896920519762575,3.0060131116683877,-0.008029204312241694,0.048247548603806756,SPY
2025-06,-0.17306332333299404,-0.10958754365911631,-1.1273880503264035,3.019044802926556,-0.6061295311069838,0.026865188541835394,SPY
2025-07,0.28411799928513154,-0.18296553308936644,-1.339643593632626,3.0241945257157186,-0.7282064396988077,0.016564223798266386,SPY
2025-08,-0.39854072067000834,-0.07140327952312098,-1.2912373604989187,2.9109343709742515,-1.0797686572332386,0.025953085998666747,SPY
2025-09,-0.05299896644194612,-0.18373531610363072,-0.2456683064514789,2.901356045288604,-0.18963024884266033,0.03811106913486961,SPY
2025-10,0.13934127344970312,-0.16305424980337738,-1.3324983840446096,2.7217904149996874,-0.8787908689826904,-0.010684600492015695,SPY
2025-11,-0.1706323910433631,-0.0880928811316646,0.1303479116624668,3.0597020539422486,-0.9562257153272639,0.01559672174565585,SPY
2025-12,0.00944356017963006,-0.10188222094972305,-1.5312343639068504,2.8694317378729144,-1.4318613271725615,0.0035930052301407223,SPY
2026-01,-0.30313977398213166,-0.11722387079710121,-0.9316162119693117,3.022685129758677,-1.2513887828241792,0.0005630061641956896,SPY
2026-02,0.014737627971194467,-0.15006505525186095,-1.4062735661527601,2.905464671713142,-1.4431222847678973,-0.08516808541336018,SPY
2026-03,-0.6520086833091351,-0.12049775650744199,-0.13342816522006404,3.166726777583641,-1.3976984658124931,0.12602709480025864,SPY
2026-04,0.0961487600354935,-0.2158893348201813,2.4242340101447555,2.4835127265217847,1.4351290488598347,0.05107986218101357,SPY
